state,stateImg,parties,dateFiled,dateDecided,excerpt,electionAdministration,inPersonVoting,postElectionLitigation,redistrictingLitigation,registration,voteByMail,victory,caseStatus
Michigan,https://www.democracydocket.com/wp-content/uploads/2021/08/icon_state-michigan-01-1.png,"Babb v. Nessel",2023-08-11,2023-11-16,"Lawsuit challenging a Michigan law that makes it a misdemeanor to “hire a motor vehicle” to transport voters to the polls in most cases.",false,true,false,false,false,false,true,Decided
Mississippi,https://www.democracydocket.com/wp-content/uploads/2021/08/icon_state-mississippi-01-1.png,"Mississippi Votes v. Wallace",2023-11-07,2023-11-13,"Lawsuit filed on behalf of Mississippi Votes requesting that the Circuit Court extend poll hours past 7:00 p.m. due to ballot shortages on election day in four precincts in Hinds County, Mississippi.",true,true,false,false,false,false,false,Decided
Texas,https://www.democracydocket.com/wp-content/uploads/2021/08/icon_state-texas-01-1.png,"Lunceford v. Craft",2022-12-07,2023-11-09,"Election contest filed by Erin Elizabeth Lunceford, the Republican candidate for the 189th Judicial District Court of Harris County, Texas, against her Democratic opponent Tamika Craft.",false,false,true,false,false,false,true,undefined
Oregon,https://www.democracydocket.com/wp-content/uploads/2021/08/icon_state-oregon-01-1.png,"Linthicum v. Wagner",2023-11-06,undefined,"Lawsuit filed on behalf of Republican state senators, committees and voters challenging a voter-approved amendment that disqualifies lawmakers with 10 or more unexcused absences from running for reelection.",false,false,false,false,false,false,false,Filed
Vermont,https://www.democracydocket.com/wp-content/uploads/2021/08/icon_state-vermont-01.png,"Weston v. City of Winooski",2023-03-09,2023-11-06,"Lawsuit filed by the Republican National Committee, the Vermont Republican Party and Vermont voters challenging a statute that authorizes noncitizens in Winooski, Vermont, to vote on referendums involving the city’s school board and education budget as well as in municipal elections.",false,false,false,false,true,false,true,Decided
Washington,https://www.democracydocket.com/wp-content/uploads/2021/08/icon_state-washington-01.png,"Washington State Alliance for Retired Americans v. Hobbs",2023-11-06,undefined,"Lawsuit filed on behalf of Washington State Alliance for Retired Americans challenging a Washington law that requires voters to live in the state for at least 30 days before Election Day.",false,false,false,false,true,false,false,Filed
New Hampshire,https://www.democracydocket.com/wp-content/uploads/2021/08/icon_state-newhampshire-01-1.png,"Espitia v. Scanlan",2022-06-21,2023-11-03,"Lawsuit filed on behalf of New Hampshire voters against New Hampshire Secretary of State David Scanlan (R) challenging Senate Bill 418, a recently enacted voter suppression law.",false,false,false,false,true,false,false,Decided
New Hampshire,https://www.democracydocket.com/wp-content/uploads/2021/08/icon_state-newhampshire-01-1.png,"603 Forward v. Scanlan",2022-06-17,2023-11-03,"Lawsuit filed on behalf of 603 Forward, Open Democracy and a New Hampshire voter against the New Hampshire secretary of state challenging Senate Bill 418.",false,false,false,false,true,false,false,Decided
North Dakota,https://www.democracydocket.com/wp-content/uploads/2021/08/icon_state-northdakota-01.png,"Walen v. Burgum",2022-02-16,2023-11-02,"Lawsuit filed by two Republican voters challenging North Dakota’s new legislative districts.",false,false,false,true,false,false,true,Decided
Montana,https://www.democracydocket.com/wp-content/uploads/2021/08/icon_state-montana-01-1.png,"League of Women Voters of Montana v. Knudsen",2023-10-31,undefined,"Lawsuit filed on behalf of League of Women Voters of Montana against Attorney General Austin Knudsen (R), Montana Secretary of State Christi Jacobsen (R) and Commissioner of Political Practices Chris Gallus challenging House Bill 892.",false,false,false,false,true,false,false,Filed
Georgia,https://www.democracydocket.com/wp-content/uploads/2021/08/icon_state-georgia-01-1.png,"International Alliance of Theater Stage Employees Local 927 v. Mashburn",2023-10-26,undefined,"Lawsuit filed on behalf of the International Alliance of Theater Stage Employees Local 927 against members of the Georgia State Election Board and members of the Fulton County registration and Elections Board challenging Georgia’s absentee ballot application deadline for presidential elections.",false,false,false,false,false,true,false,Filed
Louisiana,https://www.democracydocket.com/wp-content/uploads/2021/08/icon_state-louisiana-01-1.png,"Chisom v. Louisiana",1986-09-19,2023-10-25,"Lawsuit filed in federal court in 1986 by Black voters in Louisiana against the Louisiana governor, secretary of state and commissioner of elections.",false,false,false,true,false,false,true,Decided
Massachusetts,https://www.democracydocket.com/wp-content/uploads/2021/08/icon_state-massachusetts-01.png,"Walters v. Boston City Council",2022-11-02,2023-10-19,"Lawsuit filed by voters and civic local organizations challenging Boston, Massachusetts’s city council map drawn with 2020 census data.",false,false,false,true,false,false,false,Decided
North Carolina,https://www.democracydocket.com/wp-content/uploads/2021/08/icon_state-northcarolina-01-1.png,"In re Appeal of Declaratory Ruling from the State Board of Elections",2022-08-22,2023-10-19,"Lawsuit filed by the North Carolina Republican Party and two Republicans appealing the North Carolina State Board of Elections’ decision on signature matching procedures for mail-in ballots.",false,false,false,false,false,true,true,Decided
Arizona,https://www.democracydocket.com/wp-content/uploads/2021/08/icon_state-arizona-01-1.png,"Arizona Alliance for Retired Americans v. Crosby",2022-10-31,2023-10-18,"Lawsuit filed challenging Cochise County’s plan to perform a hand count audit of all early ballots in the upcoming November election.",true,false,false,false,false,false,true,Decided
North Carolina,https://www.democracydocket.com/wp-content/uploads/2021/08/icon_state-northcarolina-01-1.png,"Cooper v. Berger",2023-10-17,undefined,"Lawsuit filed on behalf of Gov. Roy Cooper (R) against President Pro Tempore of the North Carolina Senate Phillip Berger (R), House Speaker Timothy Moore (R) and North Carolina challenging a power grabbing law, Senate Bill 749.",true,false,false,false,false,false,false,Filed
North Carolina,https://www.democracydocket.com/wp-content/uploads/2021/08/icon_state-northcarolina-01-1.png,"Democracy North Carolina v. Hirsch",2023-10-17,undefined,"Lawsuit filed by Democracy North Carolina, the North Carolina Black Alliance and the League of Women Voters of North Carolina challenging part of North Carolina’s recently enacted voter suppression law, Senate Bill 747.",true,false,false,false,true,false,false,Filed
Arizona,https://www.democracydocket.com/wp-content/uploads/2021/08/icon_state-arizona-01-1.png,"Arizona Free Enterprise Club v. Fontes",2023-10-17,undefined,"Lawsuit filed by a right-wing legal group on behalf of the Arizona Free Enterprise Club and a voter against Arizona Secretary of State Adrian Fontes (D) challenging the use of drop boxes in Arizona.",true,false,false,false,false,true,false,Filed
Arizona,https://www.democracydocket.com/wp-content/uploads/2021/08/icon_state-arizona-01-1.png,"Lake v. Hobbs",2022-04-22,2023-10-16,"Lawsuit filed on behalf of a Republican candidate for governor, Keri Lake, and state Rep. Mark Finchem (R), a candidate for Arizona secretary of state, challenging Arizona’s use of electronic voting machines.",true,false,false,false,false,false,true,Decided
North Carolina,https://www.democracydocket.com/wp-content/uploads/2021/08/icon_state-northcarolina-01-1.png,"Democratic National Committee v. North Carolina State Board of Elections",2023-10-10,undefined,"Lawsuit filed by the Democratic National Committee and the North Carolina Democratic party challenging multiple provisions of North Carolina’s recently enacted voter suppression law, Senate Bill 747.",true,false,false,false,true,false,false,Filed
North Carolina,https://www.democracydocket.com/wp-content/uploads/2021/08/icon_state-northcarolina-01-1.png,"Deas v. North Carolina State Board of Elections",2022-09-09,2023-10-10,"Lawsuit filed by Republicans challenging the North Carolina State Board of Election’s extension of the absentee ballot return deadline for the upcoming November election and its enforcement of regulations on partisan at-large election observers.",false,true,false,false,false,true,true,Decided
North Carolina,https://www.democracydocket.com/wp-content/uploads/2021/08/icon_state-northcarolina-01-1.png,"Voto Latino v. Hirsch",2023-10-10,undefined,"On Tuesday, Oct. 10, Voto Latino, the Watauga County Voting Rights Task Force, Down Home North Carolina and two individual voters filed a federal lawsuit challenging part of North Carolina’s newly enacted voter suppression law, Senate Bill 747.",true,false,false,false,true,false,false,Filed
Wisconsin,https://www.democracydocket.com/wp-content/uploads/2021/08/icon_state-wisconsin-01-1.png,"Wright v. Wisconsin Elections Commission",2023-08-04,2023-10-06,"Petition filed on behalf of Wisconsin voters challenging the state’s legislative maps drawn following the release of 2020 census data.",false,false,false,true,false,false,false,Decided
Tennessee,https://www.democracydocket.com/wp-content/uploads/2021/08/icon_state-tennessee-01-1.png,"Lichtenstein v. Hargett",2020-08-28,2023-10-05,"Lawsuit filed by civil rights groups against Tennesee officials challenging a state law that makes it a felony to “give[] an application for an absentee ballot to any person” if you are not an employee of an election commission.",false,false,false,false,false,true,false,Decided
Alabama,https://www.democracydocket.com/wp-content/uploads/2021/08/icon_state-alabama-01-1.png,"Rissling v. Bobo",2023-10-03,undefined,"Lawsuit filed on behalf of four voters who are blind or have a print disability and the National Federation of the Blind of Alabama against absentee election managers for Tuscaloosa, Mobile and Jefferson counties challenging Alabama’s inaccessible absentee voting system for those who are blind or have print disabilities.",false,false,false,false,false,true,false,Filed
Wisconsin,https://www.democracydocket.com/wp-content/uploads/2021/08/icon_state-wisconsin-01-1.png,"Liebert v. Wisconsin Elections Commission",2023-10-02,undefined,"Lawsuit filed on behalf individual voters challenging a Wisconsin law that requires absentee voters to complete their ballots in the presence of a witness who is a U.S. citizen and can attest to the voter’s eligibility.",false,false,false,false,false,true,false,Filed
North Carolina,https://www.democracydocket.com/wp-content/uploads/2021/08/icon_state-northcarolina-01-1.png,"North Carolina Alliance for Retired Americans v. Hirsch",2023-10-02,undefined,"Lawsuit filed by the North Carolina Alliance for Retired Americans challenging a North Carolina law that requires voters to reside in the state for at least 30 days prior to the election in which they seek to vote.",false,false,false,false,true,false,false,Filed
Texas,https://www.democracydocket.com/wp-content/uploads/2021/08/icon_state-texas-01-1.png,"Texas State LULAC v. Elfant",2021-06-22,2023-10-02,"Lawsuit challenging a Texas law that imposes strict residency requirements for voter registration.",false,false,false,false,true,false,false,Decided
Arkansas,https://www.democracydocket.com/wp-content/uploads/2021/08/icon_state-arkansas-01-1.png,"League of Women Voters v. Thurston",2020-09-22,2023-09-29,"Lawsuit filed on behalf of the League of Women Voters of Arkansas and Arkansas residents against Arkansas Secretary of State John Thurston (R) and members of the Arkansas State Board of Election Commissioners challenging Arkansas laws governing the rejection of mail-in ballots.",false,false,false,false,false,true,false,Decided
Montana,https://www.democracydocket.com/wp-content/uploads/2021/08/icon_state-montana-01-1.png,"Montana Public Interest Research Group v. Jacobsen",2023-09-29,undefined,"Lawsuit filed by Montana Public Interest Research Group and the Montana Federation of Public Employees challenging portions of anti-voter law, House Bill 892.",false,false,false,false,true,false,false,Filed
Michigan,https://www.democracydocket.com/wp-content/uploads/2021/08/icon_state-michigan-01-1.png,"Lindsey v. Whitmer",2023-09-28,undefined,"Lawsuit filed  by 11 Republican state legislators seeking to nullify two pro-voting constitutional amendments that were enshrined in the Michigan constitution via voter-approved ballot initiatives in 2018 and 2022, respectively.",false,true,false,false,false,true,false,Filed
Wisconsin,https://www.democracydocket.com/wp-content/uploads/2021/08/icon_state-wisconsin-01-1.png,"Hanson-Hysell v. Wisconsin State Assembly",2023-09-11,2023-09-26,"Petition filed on behalf of two Wisconsin voters seeking to stop the Wisconsin Legislature from conducting impeachment proceedings against recently elected Wisconsin Supreme Court Justice Janet Protasiewicz.",false,false,false,false,false,false,false,Decided
Mississippi,https://www.democracydocket.com/wp-content/uploads/2021/08/icon_state-mississippi-01-1.png,"Saunders v. Randolph",2023-04-24,2023-09-21,"Lawsuit filed on behalf of three Jackson, Mississippi residents challenging a newly enacted anti-democratic law, House Bill 1020 that targets Jackson residents.",false,false,false,false,false,false,true,Decided
Texas,https://www.democracydocket.com/wp-content/uploads/2021/08/icon_state-texas-01-1.png,"Mealer v. Hidalgo",2023-01-06,2023-09-21,"Election contest filed by Alexandra Mealer, the Republican candidate for the Harris County, Texas judge position, against her Democratic opponent, Lina Hidalgo.",false,false,true,false,false,false,true,Decided
Pennsylvania,https://www.democracydocket.com/wp-content/uploads/2021/08/icon_state-pennslyvania-01-1.png,"Keohane v. Delaware County Board of Elections",2023-05-25,2023-09-21,"Lawsuit filed on behalf of three Delaware County, Pennsylvania voters against the Delaware County Board of Elections challenging the board’s decision to not count provisional ballots cast in the May 16, 2023 municipal primary election.",true,false,false,false,false,true,true,Decided
New York,https://www.democracydocket.com/wp-content/uploads/2021/08/icon_state-newyork-01-1.png,"Stefanik v. Hochul",2023-09-20,undefined,"Lawsuit filed on behalf of the Republican National Committee (RNC), National Republican Congressional Committee, New York Republican State Committee, Conservative Party of New York and other Republicans challenging the Early Mail Voter Act, New York’s new mail-in voting law.",false,false,false,false,false,true,false,Filed
Alaska,https://www.democracydocket.com/wp-content/uploads/2021/08/icon_state-alaska-01-1.png,"Public Interest Legal Foundation v. Meyer",2022-01-20,2023-09-20,"Lawsuit filed by a conservative legal group, the Public Interest Legal Foundation (PILF), arguing that Alaska must release documents related to the maintenance of the state’s voter lists.",true,false,false,false,true,false,false,Decided
Ohio,https://www.democracydocket.com/wp-content/uploads/2021/08/icon_state-ohio-01-1.png,"Ohioans United for Reproductive Rights v. Ohio Ballot Board",2023-08-28,2023-09-19,"Lawsuit filed on behalf of Ohioans United for Reproductive Rights and others challenging the language adopted by the Ohio Ballot Board for a citizen-led abortion rights amendment that would preserve the right to reproductive freedom.",true,false,false,false,false,false,false,Decided
Arkansas,https://www.democracydocket.com/wp-content/uploads/2021/08/icon_state-arkansas-01-1.png,"Arkansas Voter Integrity Initiative v. Thurston",2022-12-19,2023-09-12,"Lawsuit brought by the Arkansas Voter Integrity Initiative (AVII) against Arkansas Secretary of State John Thurston (R), the Arkansas State Board of Election Commissioners and Election Systems and Software LLC.",true,false,false,false,false,false,true,Decided
Minnesota,https://www.democracydocket.com/wp-content/uploads/2021/08/icon_state-minnesota-01-1.png,"Minnesota Voters Alliance v. Ellison",2023-09-11,undefined,"Lawsuit filed on behalf of the Minnesota Voters Alliance and three Minnesota residents challenging a law that seeks to combat election misinformation, voter intimidation and harassment.",true,false,false,false,false,false,false,Filed
Texas,https://www.democracydocket.com/wp-content/uploads/2021/08/icon_state-texas-01-1.png,"Richardson v. Flores",2019-08-07,2023-09-07,"Lawsuit challenging the Texas’ standardless signature verification process for mail-in ballots.",false,false,false,false,false,true,false,Decided
Ohio,https://www.democracydocket.com/wp-content/uploads/2021/08/icon_state-ohio-01-1.png,"League of Women Voters of Ohio v. LaRose",2022-03-22,2023-09-07,"Lawsuit filed on behalf of the League of Women Voters of Ohio and multiple voters challenging Ohio’s revised congressional map drawn with 2020 census data.",false,false,false,true,false,false,false,Decided
Ohio,https://www.democracydocket.com/wp-content/uploads/2021/08/icon_state-ohio-01-1.png,"Neiman v. LaRose",2022-03-21,2023-09-07,"Lawsuit filed on behalf of voters challenging Ohio’s revised congressional map drawn with 2020 census data.",false,false,false,true,false,false,false,Decided
Texas,https://www.democracydocket.com/wp-content/uploads/2021/08/icon_state-texas-01-1.png,"Texas Democratic Party v. Abbott",2020-04-07,2023-09-06,"Lawsuit brought by the Texas Democratic Party and voters challenging portions of the Texas Election Code that impose limitations on qualifications for voters who wish to cast no-excuse mail-in ballots.",false,false,false,false,false,true,false,Decided
Arizona,https://www.democracydocket.com/wp-content/uploads/2021/08/icon_state-arizona-01-1.png,"Mast v. Hobbs",2023-09-06,undefined,"Lawsuit filed on behalf of an “Independent” voter, David Mast and Republican voter and Cochise County Supervisor Tom Crosby (who filed in his personal capacity) seeking to decertify the Maricopa County results of the 2022 General Election in Arizona for four races.",false,false,true,false,false,true,false,Filed
Wisconsin,https://www.democracydocket.com/wp-content/uploads/2021/08/icon_state-wisconsin-01-1.png,"Braun v. Wisconsin Elections Commission",2022-09-15,2023-09-05,"Lawsuit filed by a conservative legal organization on behalf of a voter challenging its approval of a voter registration form for failing to comply with Wisconsin law.",false,false,false,false,true,false,false,Decided
Kentucky,https://www.democracydocket.com/wp-content/uploads/2021/08/icon_state-kentucky-01.png,"Lostutter v. Beshear",2018-10-29,2023-08-31,"Lawsuit filed by eight disenfranchised individuals with prior felony convictions challenging Kentucky’s voting rights restoration scheme.",false,false,false,false,true,false,false,Decided
New York,https://www.democracydocket.com/wp-content/uploads/2021/08/icon_state-newyork-01-1.png,"Amedure v. State of New York",2023-08-31,undefined,"Lawsuit filed by the New York Republican Party and other conservative plaintiffs challenging an absentee voting law, Assembly Bill 7931.",true,false,false,false,false,true,false,Filed
Oregon,https://www.democracydocket.com/wp-content/uploads/2021/08/icon_state-oregon-01-1.png,"Knopp v. Griffin-Valade",2023-08-25,undefined,"Lawsuit filed on behalf of Republican state senators challenging an administrative rule that bars lawmakers who have more than ten unexcused absences during the 2023 legislative session from seeking reelection in 2024.",false,false,false,false,false,false,false,Filed
Arizona,https://www.democracydocket.com/wp-content/uploads/2021/08/icon_state-arizona-01-1.png,"Mast v. Hobbs",2023-08-17,2023-08-24,"Lawsuit filed directly in the Arizona Supreme Court seeking to decertify the 2022 Arizona General Election.",false,false,true,false,false,false,true,Decided
Pennsylvania,https://www.democracydocket.com/wp-content/uploads/2021/08/icon_state-pennslyvania-01-1.png,"CASA v. Wheeler",2022-10-20,2023-08-23,"Lawsuit filed by CASA against members of the York County Board of Elections challenging the county’s English-only election practices despite its substantial Puerto Rican population.",true,false,false,false,false,false,true,Decided
Pennsylvania,https://www.democracydocket.com/wp-content/uploads/2021/08/icon_state-pennslyvania-01-1.png,"PA Fair Elections v. Pennsylvania Department of State",2023-08-21,undefined,"Administrative complaint filed on behalf of a right-wing “election integrity” group, PA Fair Elections and Heather Honey against the Pennsylvania Department of State and Secretary of the Commonwealth Al Schmidt (R).",false,false,false,false,true,false,false,Filed
Indiana,https://www.democracydocket.com/wp-content/uploads/2021/08/icon_state-indiana-01-1.png,"Tully v. Okeson",2020-04-29,2023-08-15,"Lawsuit filed on behalf of Indiana Vote By Mail (Indiana VBM) and Indiana voters under 65 who were eligible and qualified to vote in the November  2020 general election, but were not entitled to vote using a mail-in ballot under state law.",false,false,false,false,false,true,false,Decided
Georgia,https://www.democracydocket.com/wp-content/uploads/2021/08/icon_state-georgia-01-1.png,"Georgia v. Trump",2023-08-14,undefined,"Indictment of former President Donald Trump by a grand jury in Fulton County, Georgia for his efforts to overturn the 2020 presidential election.",false,false,false,false,false,false,false,Filed
Tennessee,https://www.democracydocket.com/wp-content/uploads/2021/08/icon_state-tennessee-01-1.png,"Tennessee State Conference of the NAACP v. Lee",2023-08-09,undefined,"Lawsuit filed on behalf of a coalition of civil and voting rights organizations and voters challenging Tennessee’s congressional and state Senate districts.",false,false,false,true,false,false,false,Filed
Texas,https://www.democracydocket.com/wp-content/uploads/2021/08/icon_state-texas-01-1.png,"Beaumont Chapter of the NAACP v. Jefferson County",2022-11-07,2023-08-04,"Lawsuit filed by the Beaumont Chapter of the NAACP and a Jefferson County, Texas voter against Jefferson County, the Jefferson County Commissioners Court, the Jefferson County Clerk and Mary Beth Bowling, the presiding judge of the John Paul Davis Community Center.",false,true,false,false,false,false,false,Filed
Wisconsin,https://www.democracydocket.com/wp-content/uploads/2021/08/icon_state-wisconsin-01-1.png,"Clarke v. Wisconsin Elections Comission",2023-08-02,undefined,"Petition filed on behalf of Wisconsin voters challenging the state’s legislative maps drawn following the release of 2020 census data.",false,false,false,true,false,false,false,Filed
Michigan,https://www.democracydocket.com/wp-content/uploads/2021/08/icon_state-michigan-01-1.png,"Ickes v. Whitmer",2022-09-02,2023-08-02,"Lawsuit filed by the Macomb County Republican Party, a candidate for governor in Michigan, a non-profit organization, a county clerk and voters challenging the results of the 2020 election in Michigan.",false,false,true,false,false,false,true,Decided
The should-be state of District of Columbia,https://www.democracydocket.com/wp-content/uploads/2021/08/icon_state-washdc-01-1.png,"United States v. Trump",2023-08-01,undefined,"Indictment of former President Donald Trump (R) by a federal grand jury in Washington, D.C.",false,false,false,false,false,false,false,Filed
Arizona,https://www.democracydocket.com/wp-content/uploads/2021/08/icon_state-arizona-01-1.png,"Finchem v. Fontes",2022-12-09,2023-08-01,"Election contest filed by Mark Finchem, the failed GOP candidate for Arizona secretary of state, and Jeff Zink, the failed GOP candidate for Arizona’s 3rd Congressional District.",false,false,true,false,false,false,true,Decided
Pennsylvania,https://www.democracydocket.com/wp-content/uploads/2021/08/icon_state-pennslyvania-01-1.png,"Bonner v. Chapman",2022-07-20,2023-08-01,"Lawsuit filed on behalf of Republican lawmakers in Pennsylvania against Acting Secretary of the Commonwealth of Pennsylvania Leigh M. Chapman (D) challenging Act 77 of the Pennsylvania Election Code.",false,false,false,false,false,true,true,Decided
Colorado,https://www.democracydocket.com/wp-content/uploads/2021/08/icon_state-colorado-01-1.png,"Colorado Republican Party v. Griswold",2023-07-31,undefined,"Lawsuit filed on behalf of the Colorado Republican Party (CO GOP) challenging Proposition 108 — a proposition that allows unaffiliated voters to vote in partisan primaries without declaring an affiliation to that party — alleging that the proposition violates the First and 14th Amendments of the U.S. Constitution.",false,false,false,false,true,false,false,Filed
Wisconsin,https://www.democracydocket.com/wp-content/uploads/2021/08/icon_state-wisconsin-01-1.png,"Concerned Veterans of Waukesha County v. Wisconsin Elections Commission",2022-11-04,2023-07-28,"Lawsuit filed on behalf of the Concerned Veterans of Waukesha County, two Wisconsin voters and state Rep. Janel Brandtjen (R) alleging that WEC must immediately sequester and stop counting military absentee ballots.",false,false,false,false,false,true,true,Decided
Florida,https://www.democracydocket.com/wp-content/uploads/2021/08/icon_state-florida-01-1.png,"League of Women Voters of Florida v. Byrd",2023-04-26,2023-07-27,"Lawsuit filed by the League of Women Voters of Florida and the Florida State Conference of the NAACP challenging Florida’s statewide voter registration application that was adopted in 2013.",false,false,false,false,true,false,false,Decided
Texas,https://www.democracydocket.com/wp-content/uploads/2021/08/icon_state-texas-01-1.png,"Paxton v. Harris County Commissioners Court",2022-11-21,2023-07-21,"Petition filed by Texas Attorney General Ken Paxton (R) seeking emergency relief from the Texas Supreme Court to prohibit the counting of ballots cast during Harris County’s extended polling hours during the Nov. 8, 2022 election.",false,true,true,false,false,false,false,Decided
Texas,https://www.democracydocket.com/wp-content/uploads/2021/08/icon_state-texas-01-1.png,"Texas Organizing Project v. Harris County",2022-11-08,2023-07-21,"Petition filed by the Texas Organizing Project requesting that the Harris County District Court allow 12 polling locations to remain open until 8:00 p.m. CST, which is one hour later than they would normally remain open.",false,true,false,false,false,false,false,Decided
Wisconsin,https://www.democracydocket.com/wp-content/uploads/2021/08/icon_state-wisconsin-01-1.png,"Priorities USA v. Wisconsin Elections Commission",2023-07-20,undefined,"Lawsuit filed by Priorities USA, the Wisconsin Alliance for Retired Americans and a voter against the Wisconsin Elections Commission challenging three rules regulating absentee voting procedures in Wisconsin.",false,false,false,false,false,true,false,Filed
Florida,https://www.democracydocket.com/wp-content/uploads/2021/08/icon_state-florida-01-1.png,"Florida Rights Restoration Coalition v. DeSantis",2023-07-19,undefined,"Lawsuit filed by Florida Rights Restoration Coalition and others challenging Florida’s onerous and inconsistent system for voting rights restoration as well as the state’s “election police” unit.",true,false,false,false,true,false,false,Filed
Wisconsin,https://www.democracydocket.com/wp-content/uploads/2021/08/icon_state-wisconsin-01-1.png,"Delorey v. Jeffreys",2022-11-01,2023-07-05,"Lawsuit filed on behalf of Wisconsin residents against the Green Bay city clerk alleging that she has not allowed “members of the public to view all aspects of the public voting process.”",false,true,false,false,false,false,false,Decided
North Dakota,https://www.democracydocket.com/wp-content/uploads/2021/08/icon_state-northdakota-01.png,"Splonskowski v. White",2023-07-05,undefined,"Lawsuit challenging a North Dakota law that allows mail-in ballots that are cast and postmarked on or before Election Day to arrive and be counted up to 13 days after Election Day.",true,false,false,false,false,true,false,Filed
Mississippi,https://www.democracydocket.com/wp-content/uploads/2021/08/icon_state-mississippi-01-1.png,"Harness v. Watson",2017-09-28,2023-06-30,"Lawsuit challenging the felon disenfranchisement provision of the Mississippi Constitution.",false,false,false,false,true,false,false,Decided
Nevada,https://www.democracydocket.com/wp-content/uploads/2021/08/icon_state-nevada-01-1.png,"Vanness v. Aguilar",2023-06-29,undefined,"Lawsuit filed by failed Republican attorney general candidate and Nevada Republican National Committeewoman, Sigal Chattah, on behalf of Nevada residents challenging Nevada’s recently enacted Election Worker Protection Law, Senate Bill 406.",false,true,false,false,false,false,false,Filed
Tennessee,https://www.democracydocket.com/wp-content/uploads/2021/08/icon_state-tennessee-01-1.png,"Falls v. Goins",2020-07-17,2023-06-29,"Lawsuit challenging Tennessee law regarding out-of-state felony disenfranchisement.",false,false,false,false,true,false,false,Decided
Minnesota,https://www.democracydocket.com/wp-content/uploads/2021/08/icon_state-minnesota-01-1.png,"Minnesota Voters Alliance v. Hunt",2023-06-28,undefined,"Lawsuit filed on behalf of a conservative group and three Minnesota residents challenging a set of recently enacted laws that restore voting rights Minnesotans on parole, probation or community release due to a felony conviction.",false,false,false,false,true,false,false,Filed
North Carolina,https://www.democracydocket.com/wp-content/uploads/2021/08/icon_state-northcarolina-01-1.png,"Moore v. Harper",2021-11-18,2023-06-27,"Lawsuit decided by the U.S. Supreme Court regarding whether the North Carolina Supreme Court violated the Elections Clause of the U.S. Constitution when it reviewed and struck down the state’s congressional map drawn by the Legislature for violating the North Carolina Constitution.",false,false,false,true,false,false,true,Decided
Virginia,https://www.democracydocket.com/wp-content/uploads/2021/08/icon_state-virginia-01-1.png,"King v. Youngkin",2023-06-26,undefined,"Lawsuit filed on behalf of Bridging The Gap In Virginia and three Virginia residents who are disenfranchised due to former felony convictions challenging the Virginia Constitution’s felony disenfranchisement provision.",false,false,false,false,true,false,false,Filed
Ohio,https://www.democracydocket.com/wp-content/uploads/2021/08/icon_state-ohio-01-1.png,"One Person One Vote v. LaRose",2023-05-12,2023-06-16,"Petition challenging an August election on Senate Joint Resolution 2, a proposed amendment to the Ohio Constitution that would increase the threshold to pass constitutional amendments from 50% to 60%.",true,false,false,false,false,false,false,Decided
Washington,https://www.democracydocket.com/wp-content/uploads/2021/08/icon_state-washington-01.png,"Portugal v. Franklin County",2021-04-22,2023-06-15,"Lawsuit filed by the League of United Latin American Citizens (LULAC) and three Latino voters against Franklin County, Washington, and its three-member county commission challenging the county’s hybrid electoral scheme.",false,false,false,true,false,false,true,Decided
New Jersey,https://www.democracydocket.com/wp-content/uploads/2021/08/icon_state-newjersey-01-1.png,"United States v. Union County",2023-05-09,2023-06-13,"Lawsuit filed by the U.S. Department of Justice (DOJ) challenging Union County, New Jersey’s failure to provide adequate assistance, information and election materials to Spanish-speaking voters.",false,true,false,false,false,false,true,Decided
Ohio,https://www.democracydocket.com/wp-content/uploads/2021/08/icon_state-ohio-01-1.png,"One Person One Vote v. Ohio Ballot Board",2023-05-23,2023-06-12,"Lawsuit filed on behalf of Ohio voters and One Person One Vote challenging the adopted ballot language for Senate Joint Resolution 2, a proposed amendment to the Ohio Constitution that would increase the threshold to pass constitutional amendments from 50% to 60%.",true,false,false,false,false,false,true,Decided
Arizona,https://www.democracydocket.com/wp-content/uploads/2021/08/icon_state-arizona-01-1.png,"Arizona Republican Party v. Fontes",2022-05-17,2023-06-02,"Lawsuit filed on behalf of the Arizona Republican Party and its chairwoman challenging the state’s no-excuse mail-in voting system.",false,false,false,false,false,true,true,Decided
Mississippi,https://www.democracydocket.com/wp-content/uploads/2021/08/icon_state-mississippi-01-1.png,"Disability Rights Mississippi v. Fitch",2023-05-31,undefined,"Lawsuit filed by Disability Rights Mississippi, the League of Women Voters of Mississippi, a voter and two individuals who provide voter assistance challenging Senate Bill 2358.",false,false,false,false,false,true,false,Filed
Florida,https://www.democracydocket.com/wp-content/uploads/2021/08/icon_state-florida-01-1.png,"Jacksonville Branch of the NAACP v. Jacksonville",2022-05-03,2023-05-30,"Lawsuit challenging Jacksonville, Florida’s city council districts and Duval County’s school board districts drawn with 2020 census data.",false,false,false,true,false,false,true,Decided
Nevada,https://www.democracydocket.com/wp-content/uploads/2021/08/icon_state-nevada-01-1.png,"Nevada Republican Party v. Nevada",2023-05-26,undefined,"Lawsuit brought by the Nevada Republican Party (NV GOP) against the state of Nevada and Nevada Secretary of State Francisco Aguilar (D) challenging Nevada’s presidential primary system.",true,false,false,false,false,false,false,Filed
Florida,https://www.democracydocket.com/wp-content/uploads/2021/08/icon_state-florida-01-1.png,"Hispanic Federation v. Byrd",2023-05-25,undefined,"Lawsuit filed by Hispanic Federation, Poder Latinx and Florida residents challenging a portion of omnibus voter suppression law, Senate Bill 7050.",false,false,false,false,true,false,false,Filed
Florida,https://www.democracydocket.com/wp-content/uploads/2021/08/icon_state-florida-01-1.png,"League of Women Voters of Florida v. Moody",2023-05-24,undefined,"Lawsuit filed on behalf of the League of Women Voters of Florida, and League of Women Voters of Florida Education Fund against Florida Attorney General Ashley Moody (R) and Florida Secretary of State Cord Byrd (R)",false,false,false,false,true,false,false,Filed
Minnesota,https://www.democracydocket.com/wp-content/uploads/2021/08/icon_state-minnesota-01-1.png,"Minnesota Voters Alliance v. Office of the Minnesota Secretary of State",2022-01-25,2023-05-24,"Lawsuit filed on behalf of Minnesota Voters Alliance — an organization “fighting for election integrity” — and three voters against the office of the Minnesota secretary of state challenging the administrative rule outlining the duties of ballot board members who review absentee ballots.",true,false,false,false,false,true,true,Decided
Florida,https://www.democracydocket.com/wp-content/uploads/2021/08/icon_state-florida-01-1.png,"Florida State Conference of Branches and Youth Units of the NAACP v. Byrd",2023-05-24,undefined,"Lawsuit challenging multiple provisions in Florida omnibus voter suppression law, S.B. 7050.",false,false,false,false,true,true,false,Filed
Arkansas,https://www.democracydocket.com/wp-content/uploads/2021/08/icon_state-arkansas-01-1.png,"Christian Ministerial Alliance v. Thurston",2023-05-23,undefined,"Lawsuit challenging Arkansas’ congressional map.",false,false,false,true,false,false,false,Filed
Arizona,https://www.democracydocket.com/wp-content/uploads/2021/08/icon_state-arizona-01-1.png,"League of Women Voters of Arizona v. Lions of Liberty",2022-10-25,2023-05-22,"Lawsuit filed by the League of Women Voters of Arizona against several groups for alleged voter intimidation in Arizona.",false,false,false,false,false,true,true,Decided
Arizona,https://www.democracydocket.com/wp-content/uploads/2021/08/icon_state-arizona-01-1.png,"Arizona Alliance for Retired Americans v. Clean Elections USA",2022-10-24,2023-05-22,"Lawsuit filed against Clean Elections USA, Melody Jennings (the founder of CEUSA) and unnamed defendants challenging voter intimidation practices in Arizona.",false,false,false,false,false,true,true,Decided
Arkansas,https://www.democracydocket.com/wp-content/uploads/2021/08/icon_state-arkansas-01-1.png,"Suttlar v. Thurston",2022-03-21,2023-05-11,"Lawsuit filed on behalf of a group of Black Arkansas voters against the state’s new congressional map.",false,false,false,true,false,false,false,Decided
Colorado,https://www.democracydocket.com/wp-content/uploads/2021/08/icon_state-colorado-01-1.png,"Judicial Watch, Inc. v. Griswold",2020-10-05,2023-05-08,"Conservative lawsuit challenging Colorado’s failure to purge voters from its rolls.",true,false,false,false,true,false,false,Decided
Georgia,https://www.democracydocket.com/wp-content/uploads/2021/08/icon_state-georgia-01-1.png,"Moretti v. Raffensperger",2022-10-17,2023-05-05,"Lawsuit filed by a Georgia voter against Georgia Secretary of State Brad Raffensperger (R) and the Jackson County Board of Elections challenging the use of electronic voting machines in Jackson County.",true,false,false,false,false,false,true,Decided
Kansas,https://www.democracydocket.com/wp-content/uploads/2021/08/icon_state-kansas-01-1.png,"VoteAmerica v. Schwab",2021-06-02,2023-05-04,"Lawsuit challenging Kansas voter suppression law House Bill 2332.",false,false,false,false,false,true,true,Decided
Louisiana,https://www.democracydocket.com/wp-content/uploads/2021/08/icon_state-louisiana-01-1.png,"Voice of the Experienced v. Ardoin",2023-05-01,undefined,"Lawsuit filed on behalf of Voice of the Experienced (VOTE), Power Coalition for Equity and Justice and the League of Women Voters of Louisiana against Louisiana Secretary of State Kyle Ardoin (R) challenging the state’s policy regarding re-enfranchisement for “suspended” voters.",false,false,false,false,true,false,false,Filed
North Carolina,https://www.democracydocket.com/wp-content/uploads/2021/08/icon_state-northcarolina-01-1.png,"Community Success Initiative v. Moore",2019-11-20,2023-04-28,"Lawsuit challenging North Carolina’s felony disenfranchisement law.",false,false,false,false,true,false,false,Decided
North Carolina,https://www.democracydocket.com/wp-content/uploads/2021/08/icon_state-northcarolina-01-1.png,"Holmes v. Moore",2018-12-19,2023-04-28,"Lawsuit challenging North Carolina’s strict photo ID law S.B. 824.",false,true,false,false,false,false,false,Decided
Alabama,https://www.democracydocket.com/wp-content/uploads/2021/08/icon_state-alabama-01-1.png,"Thompson v. Merrill",2016-09-26,2023-04-26,"Class action lawsuit filed on behalf of individual plaintiffs who are not registered to vote in Alabama due to a prior felony conviction, Greater Birmingham Ministries and a class of unregistered citizens who are otherwise eligible to register to vote but have been convicted of a felony.",false,false,false,false,true,false,false,Decided
Mississippi,https://www.democracydocket.com/wp-content/uploads/2021/08/icon_state-mississippi-01-1.png,"NAACP v. Reeves",2023-04-21,undefined,"Lawsuit filed by the NAACP, the Mississippi State Conference of the NAACP, the Jackson City Branch of the NAACP and six residents of Jackson, Mississippi challenging two recently enacted anti-democratic laws that target Jackson’s majority-Black population.",false,false,false,false,false,false,false,Filed
New York,https://www.democracydocket.com/wp-content/uploads/2021/08/icon_state-newyork-01-1.png,"Nichols v. Hochul",2022-05-15,2023-04-20,"Lawsuit filed on behalf of three New York voters challenging the state’s new Assembly map drawn with 2020 census data.",false,false,false,true,false,false,false,Decided
Alabama,https://www.democracydocket.com/wp-content/uploads/2021/08/icon_state-alabama-01-1.png,"Addoh-Kondi v. Jefferson County Commission",2023-04-18,undefined,"Lawsuit filed on behalf of voters in Jefferson County, Alabama challenging Jefferson County, Alabama’s county commission districts drawn with 2020 census data.",false,false,false,true,false,false,false,Filed
Illinois,https://www.democracydocket.com/wp-content/uploads/2021/08/icon_state-illinois-01-1.png,"Mazzochi v. Kaczmarek",2022-11-14,2023-04-10,"Lawsuit filed by Deanne Mazzochi (the Republican candidate for the 45th state House District) against the DuPage County clerk  and Jenn Ladisch Douglass (the Democratic candidate for the 45th state House District).",false,false,true,false,false,true,false,Decided
Missouri,https://www.democracydocket.com/wp-content/uploads/2021/08/icon_state-missouri-01-2.png,"Cooper v. Ashcroft",2023-03-23,2023-04-10,"Lawsuit filed on behalf of a Missouri citizen against Missouri Secretary of State John Ashcroft (R) challenging Ashcroft’s allegedly “unlawful” rejection of two proposed ballot initiative petitions.",true,false,false,false,false,false,false,Decided
Alabama,https://www.democracydocket.com/wp-content/uploads/2021/08/icon_state-alabama-01-1.png,"McClure v. Jefferson County Commission",2023-04-07,undefined,"Lawsuit filed by a Black voter, Greater Birmingham Ministries, the Metro-Birmingham Branch of the NAACP and the Alabama State Conference of the NAACP challenging Jefferson County, Alabama’s county commission districts drawn with 2020 census data.",false,false,false,true,false,false,false,Filed
Virginia,https://www.democracydocket.com/wp-content/uploads/2021/08/icon_state-virginia-01-1.png,"Nolef Turns v. Youngkin",2023-04-06,undefined,"Lawsuit filed on behalf of an individual who is disenfranchised due to a former felony conviction and a nonprofit organization that supports formerly incarcerated individuals challenging Virginia’s felony disenfranchisement policy.",false,false,false,false,true,false,false,Filed
New Hampshire,https://www.democracydocket.com/wp-content/uploads/2021/08/icon_state-newhampshire-01-1.png,"Mosley v. Scanlan",2022-11-18,2023-04-05,"Lawsuit filed by the Democratic state House candidate for the 16th House District and the Democratic state senator representing the 18th state Senate District, challenging the counting of ballots cast during the Nov. 8 election.",false,false,true,false,false,false,false,Decided
North Carolina,https://www.democracydocket.com/wp-content/uploads/2021/08/icon_state-northcarolina-01-1.png,"North Carolina Democratic Party v. North Carolina",2019-12-20,2023-03-30,"Democratic lawsuit challenging a North Carolina law that limits early voting locations.",true,false,false,false,false,false,false,Decided
Pennsylvania,https://www.democracydocket.com/wp-content/uploads/2021/08/icon_state-pennslyvania-01-1.png,"French v. County of Luzerne",2023-03-28,undefined,"Lawsuit filed by three Luzerne County, Pennsylvania, voters against Luzerne County and its election officials alleging that voters were “disenfranchised” during the Nov. 8, 2022, midterm elections as a result of the defendants’ “misadministration of the election” in at least “40 election districts.”",true,false,false,false,false,false,false,Filed
Tennessee,https://www.democracydocket.com/wp-content/uploads/2021/08/icon_state-tennessee-01-1.png,"Tucker v. Lee",2023-03-28,undefined,"Lawsuit filed by voters from Davidson County, Tennessee against Tennessee Gov. Bill Lee (R), Secretary of State Tre Hargett (R) and Coordinator of Elections Mark Goins (R) challenging House Bill 48.",false,false,false,false,false,false,false,Filed
Kansas,https://www.democracydocket.com/wp-content/uploads/2021/08/icon_state-kansas-01-1.png,"Frick v. Schwab",2022-03-01,2023-03-27,"Lawsuit filed on behalf of Democratic voters challenging Kansas’ new congressional map.",false,false,false,true,false,false,false,Decided
Kansas,https://www.democracydocket.com/wp-content/uploads/2021/08/icon_state-kansas-01-1.png,"Alonzo v. Schwab",2022-02-14,2023-03-27,"Lawsuit filed on behalf of a group of Kansas voters challenging the state’s new congressional map.",false,false,false,true,false,false,false,Decided
Kansas,https://www.democracydocket.com/wp-content/uploads/2021/08/icon_state-kansas-01-1.png,"Rivera v. Schwab",2022-02-14,2023-03-27,"Lawsuit filed on behalf of Kansas voters and the organization Loud Light against Kansas’ new congressional map.",false,false,false,true,false,false,false,Decided
Pennsylvania,https://www.democracydocket.com/wp-content/uploads/2021/08/icon_state-pennslyvania-01-1.png,"Republican National Committee v. Chapman",2022-09-01,2023-03-23,"Lawsuit filed by the Republican National Committee and others challenging the authority of the county boards of elections to develop and implement ballot cure procedures.",false,false,false,false,false,true,true,Decided
Idaho,https://www.democracydocket.com/wp-content/uploads/2021/08/icon_state-idaho-01.png,"March For Our Lives Idaho v. McGrane",2023-03-17,undefined,"Lawsuit filed by March For Our Lives Idaho and a young voter challenging House Bill 124, a newly enacted voter suppression law that eliminates the use of a student ID as an acceptable form of identification for in-person voting.",false,true,false,false,false,false,false,Filed
Florida,https://www.democracydocket.com/wp-content/uploads/2021/08/icon_state-florida-01-1.png,"Vote.org v. Byrd",2023-03-16,undefined,"Lawsuit filed on behalf of Vote.org and the Florida Alliance for Retired Americans against Florida Secretary of State Cord Byrd (R) and 67 county supervisors of elections challenging Florida’s “wet signature” requirement.",false,false,false,false,true,false,false,Appealed
Idaho,https://www.democracydocket.com/wp-content/uploads/2021/08/icon_state-idaho-01.png,"BABE VOTE v. McGrane",2023-03-16,undefined,"Lawsuit filed by BABE VOTE and the League of Women Voters of Idaho against Idaho Secretary of State Phil McGrane (R) challenging House Bill 124, a newly enacted voter suppression law that eliminates the use of a student ID as an acceptable form of identification for in-person voting.",false,true,false,false,false,false,false,Appealed
Alabama,https://www.democracydocket.com/wp-content/uploads/2021/08/icon_state-alabama-01-1.png,"National Federation of the Blind v. Merrill",2022-06-08,2023-03-15,"Lawsuit filed by the National Federation of the Blind of Alabama and three voters against Alabama Secretary of State John Merrill (R) challenging Alabama’s absentee voting process.",false,false,false,false,false,true,false,Decided
The should-be state of District of Columbia,https://www.democracydocket.com/wp-content/uploads/2021/08/icon_state-washdc-01-1.png,"Hall v. District of Columbia Board of Elections",2023-03-14,undefined,"Lawsuit filed by a right-wing legal group on behalf of voters against Washington, D.C.’s Board of Elections challenging the Local Resident Voting Rights Amendment Act of 2022.",false,false,false,false,true,false,false,Filed
Tennessee,https://www.democracydocket.com/wp-content/uploads/2021/08/icon_state-tennessee-01-1.png,"Metropolitan Government of Nashville and Davidson County v. Lee",2023-03-13,undefined,"Lawsuit filed by the Metropolitan Government of Nashville and Davidson County against Tennessee Gov. Bill Lee (R), Secretary of State Tre Hargett (R) and Coordinator of Elections Mark Goins (R) challenging Senate Bill 87.",false,false,false,false,false,false,false,Filed
Pennsylvania,https://www.democracydocket.com/wp-content/uploads/2021/08/icon_state-pennslyvania-01-1.png,"Costa v. Corman",2021-09-17,2023-03-10,"Lawsuit filed by Pennsylvania Democrats seeking to stop a GOP investigation into voters and the 2020 presidential election.",false,false,true,false,false,false,false,Decided
Arkansas,https://www.democracydocket.com/wp-content/uploads/2021/08/icon_state-arkansas-01-1.png,"King v. Thurston",2023-03-10,undefined,"Lawsuit filed by State Senator Bryan King (R) and the League of Women Voters of Arkansas against Arkansas Secretary of State John Thurston (R) challenging Act 236, a law passed in 2023 which places additional requirements on the ballot initiative process.",true,false,false,false,false,false,false,Filed
Pennsylvania,https://www.democracydocket.com/wp-content/uploads/2021/08/icon_state-pennslyvania-01-1.png,"Pennsylvania v. Dush",2021-09-23,2023-03-10,"Lawsuit filed by Pennsylvania AG seeking to stop a GOP subpoena of  voters’ information related to an investigation of the 2020 presidential election.",false,false,true,false,false,false,false,Decided
Pennsylvania,https://www.democracydocket.com/wp-content/uploads/2021/08/icon_state-pennslyvania-01-1.png,"Cutler v. Chapman",2022-12-09,2023-03-09,"Lawsuit brought by state Rep. Bryan Cutler (R) challenging state Rep. Joanna McClinton’s (D) ability to be speaker and majority leader of the Pennsylvania House of Representatives.",false,false,true,false,false,false,true,Decided
New York,https://www.democracydocket.com/wp-content/uploads/2021/08/icon_state-newyork-01-1.png,"National Coalition on Black Civic Participation v. Wohl",2020-10-19,2023-03-08,"Lawsuit brought by the National Coalition on Black Civic Participation and several voters against right-wing conspiracy theorists alleging that they targeted Black voters through robocalls ahead of the 2020 election.",false,true,false,false,false,false,true,Decided
Arizona,https://www.democracydocket.com/wp-content/uploads/2021/08/icon_state-arizona-01-1.png,"Arizona v. Cochise County",2023-03-07,undefined,"Lawsuit filed by Arizona Attorney General Kris Mayes (D) on behalf of Arizona against Cochise County.",true,false,false,false,false,false,false,Filed
Arizona,https://www.democracydocket.com/wp-content/uploads/2021/08/icon_state-arizona-01-1.png,"Arizona Free Enterprise Club v. Fontes",2023-03-06,undefined,"Lawsuit filed by the Arizona Free Enterprise Club, Restoring Integrity and Trust in Elections (RITE) — a right-wing legal group founded by Bill Barr and others — and a voter against Arizona Secretary of State Adrian Fontes (D).",false,false,false,false,false,true,false,Filed
New York,https://www.democracydocket.com/wp-content/uploads/2021/08/icon_state-newyork-01-1.png,"DCCC v. Kosinski",2022-02-04,2023-03-02,"Lawsuit filed on behalf the DCCC challenging multiple New York election practices that lead to a high rejection rate of absentee ballots.",false,false,false,false,false,true,false,Decided
Wyoming,https://www.democracydocket.com/wp-content/uploads/2021/08/icon_state-wyoming-01.png,"Newcomb v. Wyoming",2022-04-28,2023-02-28,"Lawsuit brought by a Wyoming voter, Tim Newcomb, challenging Wyoming’s voter ID law, House Bill 0075.",false,true,false,false,false,false,false,Decided
Indiana,https://www.democracydocket.com/wp-content/uploads/2021/08/icon_state-indiana-01-1.png,"American Council of the Blind of Indiana v. Indiana Election Commission",2020-12-03,2023-02-27,"Lawsuit challenging Indiana’s limited at-home absentee voting options for individuals with print disabilities.",false,false,false,false,false,true,true,Decided
Arizona,https://www.democracydocket.com/wp-content/uploads/2021/08/icon_state-arizona-01-1.png,"Republican National Committee v. Richer",2022-10-04,2023-02-27,"Lawsuit filed by Republicans requesting information related to the “staffing and composition of polling place Election Boards, Special Election Boards, and Central Counting Boards” in Maricopa County, Arizona.",true,false,false,false,false,false,false,Decided
New Hampshire,https://www.democracydocket.com/wp-content/uploads/2021/08/icon_state-newhampshire-01-1.png,"Richard v. Sununu",2022-08-23,2023-02-22,"Lawsuit filed by a right-wing constitutional lawyer challenging the use of electronic ballot counting machines and other New Hampshire election laws.",true,false,false,false,false,false,true,Decided
New York,https://www.democracydocket.com/wp-content/uploads/2021/08/icon_state-newyork-01-1.png,"League of Women Voters of New York State v. Kosinski",2022-05-18,2023-02-21,"Lawsuit filed on behalf of the League of Women Voters of New York State and two voters arguing that statewide primary elections must be delayed in order to comply with the New York Constitution.",true,false,false,false,false,false,false,Decided
Virginia,https://www.democracydocket.com/wp-content/uploads/2021/08/icon_state-virginia-01-1.png,"Goldman v. Youngkin",2022-12-16,2023-02-21,"Lawsuit filed by Tavorise Marks and voters alleging that the way in which the defendants conducted the Dec. 20 Democratic primary violated federal law and the U.S. Constitution.",true,false,false,false,false,false,false,Decided
Mississippi,https://www.democracydocket.com/wp-content/uploads/2021/08/icon_state-mississippi-01-1.png,"Buck v. Reeves",2001-11-01,2023-02-21,"Lawsuit filed by individual voters against the Mississippi secretary of state, governor and attorney general and others challenging Mississippi’s congressional map drawn with 2000 census data for violating Section 2 of the VRA.",false,false,false,true,false,false,false,Decided
Maryland,https://www.democracydocket.com/wp-content/uploads/2021/08/icon_state-maryland-01.png,"In Re: Petition For Emergency Remedy by the Maryland State Board of Elections",2022-09-02,2023-02-21,"Lawsuit filed by Maryland Attorney General Brian E. Frosh (D) on behalf of the Maryland State Board of Elections seeking emergency relief to allow all local boards of canvassers to “meet and to open envelopes, canvass, and tabulate mail-in ballots no earlier than 8:00 a.m. on October 1, 2022.”",false,false,false,false,false,true,true,Decided
Virginia,https://www.democracydocket.com/wp-content/uploads/2021/08/icon_state-virginia-01-1.png,"Republican Party of Virginia v. Prince William County Election Board",2022-10-19,2023-02-17,"Lawsuit filed by the Republican Party of Virginia and Prince William County Republican Party against the Prince William County Electoral Board and general registrar challenging the county’s composition of poll workers.",true,false,false,false,false,false,false,Decided
Georgia,https://www.democracydocket.com/wp-content/uploads/2021/08/icon_state-georgia-01-1.png,"Cook v. Cobb County Board of Elections & Registration",2022-11-06,2023-02-15,"Lawsuit filed voters and the Cobb County Democracy Center against the Cobb County Board of Elections and Registration and its members, Georgia Secretary of State Brad Raffensperger (R) and the Georgia State Election Board and its members.",false,false,false,false,false,true,true,Decided
Minnesota,https://www.democracydocket.com/wp-content/uploads/2021/08/icon_state-minnesota-01-1.png,"Schroeder v. Simon",2019-10-21,2023-02-15,"Lawsuit filed on behalf of four individuals with prior felony convictions challenging provisions of Minnesota law that restore the right to vote to individuals with former felony convictions “only upon discharge.”",false,false,false,false,true,false,false,Decided
Arizona,https://www.democracydocket.com/wp-content/uploads/2021/08/icon_state-arizona-01-1.png,"Republican National Committee v. Richer",2022-10-05,2023-02-13,"Lawsuit filed by Republicans against Maricopa County officials alleging that the county has violated Arizona law by imposing strict regulations on election workers and making it harder for Republicans to participate in election administration.",true,false,false,false,false,false,true,Decided
Pennsylvania,https://www.democracydocket.com/wp-content/uploads/2021/08/icon_state-pennslyvania-01-1.png,"Pennsylvania Senate Intergovernmental Operations Committee v. Pennsylvania Department of State",2022-03-11,2023-02-09,"Lawsuit filed on behalf of the Republican-led Pennsylvania Senate Intergovernmental Operations Committee requesting a writ of mandamus for the enforcement of a Sept. 15, 2021, subpoena issued by the Republican-led committee.",false,false,true,false,false,false,true,Decided
New Jersey,https://www.democracydocket.com/wp-content/uploads/2021/08/icon_state-newjersey-01-1.png,"Public Interest Legal Foundation v. Way",2022-05-17,2023-02-01,"Lawsuit filed by the right-wing Public Legal Interest Foundation challenging the New Jersey’s alleged failure to share and maintain its voter rolls.",true,false,false,false,true,false,false,Decided
Arizona,https://www.democracydocket.com/wp-content/uploads/2021/08/icon_state-arizona-01-1.png,"Heath v. Thompson",2023-01-10,2023-01-27,"Petition for writ of mandamus filed by Ryan L. Heath (a self-proclaimed “civil rights activist”) against Maricopa County, Arizona Judge Peter A. Thompson requesting that the judge vacate (meaning void) his order in Lake v. Hobbs.",false,false,true,false,false,false,true,Decided
Tennessee,https://www.democracydocket.com/wp-content/uploads/2021/08/icon_state-tennessee-01-1.png,"Memphis A. Philip Randolph Institute v. Hargett",2020-05-05,2023-01-26,"Lawsuit filed on behalf of Tennessee voters, the Tennessee NAACP, the Memphis A. Philip Randolph Institute and other groups challenging Tennessee’s absentee voting guidelines in the midst of the COVID-19 pandemic.",false,false,false,false,false,true,false,Decided
Arizona,https://www.democracydocket.com/wp-content/uploads/2021/08/icon_state-arizona-01-1.png,"Hobbs v. Crosby",2022-11-28,2023-01-26,"Lawsuit filed by Arizona Secretary of State Katie Hobbs (D) against the Cochise County Board of Supervisors for failing to canvass the election results of the 2022 midterm elections.",false,false,true,false,false,false,true,Decided
Arizona,https://www.democracydocket.com/wp-content/uploads/2021/08/icon_state-arizona-01-1.png,"Arizona Alliance for Retired Americans v. Crosby",2022-11-28,2023-01-26,"Lawsuit filed by the Arizona Alliance for Retired Americans and an Arizona voter against the Cochise County Board of Supervisors for its refusal to canvass the results of the 2022 midterm elections.",false,false,true,false,false,false,true,Decided
Pennsylvania,https://www.democracydocket.com/wp-content/uploads/2021/08/icon_state-pennslyvania-01-1.png,"Delaware County Republican Executive Committee v. Delaware County Board of Elections",2020-11-04,2023-01-23,"Petition filed by the Delaware County Republican Party against the Delaware County, Pennsylvania Board of Elections (“BOE”) requesting that the court “grant access to and permit [the plaintiff’s] watchers and attorneys to be present in all areas of the Board of Elections offices.”",false,true,false,false,false,false,true,Decided
Vermont,https://www.democracydocket.com/wp-content/uploads/2021/08/icon_state-vermont-01.png,"Ferry v. Montpelier",2021-09-27,2023-01-20,"Lawsuit filed by the Republican National Committee, the Vermont Republican Party and Vermont voters challenging a statute that authorizes noncitizens in Montpelier, Vermont to vote in local elections.",false,false,false,false,true,false,true,Decided
Minnesota,https://www.democracydocket.com/wp-content/uploads/2021/08/icon_state-minnesota-01-1.png,"Benda for Common-sense v. Anderson",2022-08-23,2023-01-17,"Lawsuit filed by Benda for Common-sense and a Minnesota voter challenging Rice County’s use of an “Electronic Voting System.”",true,false,false,false,false,false,true,Decided
Arizona,https://www.democracydocket.com/wp-content/uploads/2021/08/icon_state-arizona-01-1.png,"Kari Lake For Arizona v. Richer",2022-11-23,2023-01-16,"Lawsuit filed by Kari Lake’s gubernatorial campaign seeking to compel the production of records relating to the midterm elections held on Nov. 8, 2022.",false,false,true,false,false,false,false,Decided
Michigan,https://www.democracydocket.com/wp-content/uploads/2021/08/icon_state-michigan-01-1.png,"Banerian v. Benson",2022-01-20,2023-01-14,"Lawsuit filed by a group of Republican voters and current and past Republican officials challenging the state’s new congressional map.",false,false,false,true,false,false,true,Decided
Wisconsin,https://www.democracydocket.com/wp-content/uploads/2021/08/icon_state-wisconsin-01-1.png,"One Wisconsin v. Thomsen",2015-05-29,2023-01-13,"Lawsuit challenging multiple Wisconsin laws that restrict registration and early voting.",false,true,false,false,true,false,false,Decided
Indiana,https://www.democracydocket.com/wp-content/uploads/2021/08/icon_state-indiana-01-1.png,"Dixon v. Glenn",2022-10-10,2023-01-13,"Lawsuit filed by Republicans challenging an Oct. 7 resolution regarding the responsibilities of the St. Joseph County election board.",true,false,false,false,false,false,false,Decided
Alaska,https://www.democracydocket.com/wp-content/uploads/2021/08/icon_state-alaska-01-1.png,"Corbisier v. Meyer",2022-06-08,2023-01-12,"Lawsuit filed by the Alaska State Commission for Human Rights over the state’s alleged failure to provide adequate accessible voting options to visually impaired voters.",false,true,false,false,false,true,false,Decided
Michigan,https://www.democracydocket.com/wp-content/uploads/2021/08/icon_state-michigan-01-1.png,"Mazurek v. Berden",2023-01-11,undefined,"Lawsuit filed by three Democratic presidential electors from Michigan against 16 “fake electors” who attempted to submit alternate election results claiming that Donald Trump won Michigan’s 16 electoral college votes in the 2020 election.",false,false,true,false,false,false,false,Filed
Texas,https://www.democracydocket.com/wp-content/uploads/2021/08/icon_state-texas-01-1.png,"May v. Rosenthal",2022-11-29,2023-01-11,"Election contest filed by Mike May, the Republican candidate for the 135th state House District, who lost to Jon Rosenthal, the Democratic candidate for the 135th State House District, by a margin of 16%.",false,false,true,false,false,false,true,Decided
Arizona,https://www.democracydocket.com/wp-content/uploads/2021/08/icon_state-arizona-01-1.png,"Borrelli v. Hobbs",2022-12-12,2023-01-10,"Lawsuit filed by state Sen. Sonny Borrelli (R) and Mohave County, Arizona voters challenging the results of the 2022 Arizona gubernatorial race.",false,false,true,false,false,false,true,Decided
Ohio,https://www.democracydocket.com/wp-content/uploads/2021/08/icon_state-ohio-01-1.png,"Maras v. LaRose",2022-10-12,2023-01-09,"Lawsuit filed by Ohio secretary of state candidate Terpsehore Maras (I) challenging a provision of an Ohio law that pertains to the appointment of partisan election observers.",true,true,false,false,false,false,true,Decided
Texas,https://www.democracydocket.com/wp-content/uploads/2021/08/icon_state-texas-01-1.png,"Texas Organizing Project v. Wolff",2022-10-04,2023-01-09,"Lawsuit filed by the Texas Organizing Project challenging the Bexar County Elections Department’s decision to close numerous polling locations for the upcoming 2022 midterm elections.",false,true,false,false,false,false,true,Decided
Ohio,https://www.democracydocket.com/wp-content/uploads/2021/08/icon_state-ohio-01-1.png,"Northeast Ohio Coalition for the Homeless v. LaRose",2023-01-06,undefined,"Lawsuit filed by ​​Ohio organizations against Ohio Secretary of State Frank LaRose (R) and the state’s 88 county boards of elections challenging House Bill 458.",false,true,false,false,false,true,false,Filed
Virginia,https://www.democracydocket.com/wp-content/uploads/2021/08/icon_state-virginia-01-1.png,"Kasperek v. Brown",2022-11-01,2023-01-06,"Lawsuit filed by two Loudoun County voters against members of the Loudoun County Electoral Board, registrars and supervisors challenging the county’s use of electronic voting equipment.",true,false,false,false,false,false,true,Decided
Indiana,https://www.democracydocket.com/wp-content/uploads/2021/08/icon_state-indiana-01-1.png,"In Re: Combined State Voter Registration and HAVA Grievance",2022-07-21,2023-01-05,"Administrative complaint filed challenging the Tippecanoe Board of Elections’ proof of residency policy.",false,false,false,false,true,false,false,Decided
New York,https://www.democracydocket.com/wp-content/uploads/2021/08/icon_state-newyork-01-1.png,"Judicial Watch v. Valentine",2022-07-06,2023-01-01,"Lawsuit filed in federal court by Judicial Watch claiming that New York’s election officials have failed to adequately remove ineligible voters from the state’s voter rolls.",true,false,false,false,true,false,false,Decided
Arizona,https://www.democracydocket.com/wp-content/uploads/2021/08/icon_state-arizona-01-1.png,"In the matter of November 8, 2022 General Election",2022-12-05,2022-12-29,"Petition for automatic recounts filed by Arizona Secretary of State Katie Hobbs (D) requesting to conduct recounts for the 2022 elections for Arizona attorney general, superintendent of public instruction and representative for the 13th State House District.",false,false,true,false,false,false,true,Decided
New York,https://www.democracydocket.com/wp-content/uploads/2021/08/icon_state-newyork-01-1.png,"Amato v. Sullivan",2022-11-15,2022-12-22,"Lawsuit filed by Stacey Pheffer Amato, the Democratic candidate for the 23rd Assembly District, against Thomas Sullivan, the Republican candidate for the 23rd Assembly District, requesting a recount of the ballots cast in the 23rd Assembly District election held on Nov. 8.",false,false,true,false,false,false,true,Decided
Nevada,https://www.democracydocket.com/wp-content/uploads/2021/08/icon_state-nevada-01-1.png,"Republican National Committee v. Clark County",2022-09-20,2022-12-22,"Lawsuit filed by the Republican National Committee (RNC) against Clark County challenging Nevada’s compliance with the Nevada Public Records Act as it pertains to sharing information about poll workers.",true,false,false,false,false,false,false,Decided
Mississippi,https://www.democracydocket.com/wp-content/uploads/2021/08/icon_state-mississippi-01-1.png,"Mississippi State Conference of the NAACP v. State Board of Election Commissioners",2022-12-20,undefined,"Lawsuit filed on behalf of the Mississippi State Conference of the NAACP and voters challenging state Senate and House maps.",false,false,false,true,false,false,false,Filed
New York,https://www.democracydocket.com/wp-content/uploads/2021/08/icon_state-newyork-01-1.png,"Shiroff v. New York State Board of Elections",2022-11-09,2022-12-19,"Lawsuit filed by Republican state Senate candidate Rebecca Shiroff against the New York State Board of Elections, the Oswego County Board of Elections, the Onondaga County Board of Elections and the Democratic candidate, the current incumbent state Sen. John Mannion.",false,true,true,false,false,true,true,Decided
New York,https://www.democracydocket.com/wp-content/uploads/2021/08/icon_state-newyork-01-1.png,"Mannion v. Shiroff",2022-11-09,2022-12-19,"Lawsuit filed by Democratic and Working Families Party state Senate candidate John Mannion, who is the incumbent representing the 50th state Senate district in New York, seeking a recount of his race against Republican state Senate candidate Rebecca Shiroff.",false,true,true,false,false,true,true,Decided
Pennsylvania,https://www.democracydocket.com/wp-content/uploads/2021/08/icon_state-pennslyvania-01-1.png,"Bognet v. Luzerne County Board of Elections",2022-11-21,2022-12-15,"Lawsuit filed by election denier Jim Bognet, requesting that the court order the board to “complete its statutorily prescribed reconciliation process before certifying the results of the 2022” midterm elections.",false,false,true,false,false,false,true,Decided
Nebraska,https://www.democracydocket.com/wp-content/uploads/2021/08/icon_state-nebraska-01.png,"Barger v. Evnen",2022-12-05,2022-12-15,"Petition filed by the Republican candidate for Nebraska’s 26th Legislative District seeking a court order to compel the defendants to “conduct a hand recount of the ballots cast” for the Nov. 8, 2022 election.",false,false,true,false,false,false,true,Decided
Florida,https://www.democracydocket.com/wp-content/uploads/2021/08/icon_state-florida-01-1.png,"Grace v. City of Miami",2022-12-15,undefined,"Lawsuit filed by Grove Rights and Community Equity (GRACE), Engage Miami, three Florida branches of the NAACP and residents of city commission districts 2, 3, 4 and 5 against the City of Miami, Florida over its city commission map.",false,false,false,true,false,false,false,Appealed
Connecticut,https://www.democracydocket.com/wp-content/uploads/2021/08/icon_state-connecticut-01.png,"Soto v. Connecticut",2022-11-07,2022-12-15,"Lawsuit filed by a Connecticut resident challenging the state’s proposed early voting ballot measure that would codify in-person early voting in the state constitution.",false,true,false,false,false,false,true,Decided
Kansas,https://www.democracydocket.com/wp-content/uploads/2021/08/icon_state-kansas-01-1.png,"Coca v. Dodge City",2022-12-15,undefined,"Lawsuit filed on behalf of three Latine voters in Dodge City, Kansas challenging the at-large system used for electing members to the Dodge City Commission.",false,false,false,true,false,false,false,Filed
Arizona,https://www.democracydocket.com/wp-content/uploads/2021/08/icon_state-arizona-01-1.png,"Mecinas v. Hobbs",2019-11-15,2022-12-12,"Democratic lawsuit challenging Arizona’s ballot order statute.",true,false,false,false,false,false,true,Decided
Arizona,https://www.democracydocket.com/wp-content/uploads/2021/08/icon_state-arizona-01-1.png,"Lake v. Hobbs",2022-12-09,undefined,"Lawsuit filed by Kari Lake, the failed Republican candidate for Arizona governor, challenging the results of the 2022 midterm elections.",false,false,true,false,false,false,false,Appealed
Arizona,https://www.democracydocket.com/wp-content/uploads/2021/08/icon_state-arizona-01-1.png,"Kentch v. Mayes",2022-12-09,undefined,"Election contest filed by Abraham Hamadeh, the failed Republican attorney general candidate in Arizona, contesting the results of the 2022 attorney general election.",false,false,true,false,false,false,false,Appealed
Michigan,https://www.democracydocket.com/wp-content/uploads/2021/08/icon_state-michigan-01-1.png,"Bailey v. Antrim County",2020-11-23,2022-12-09,"Lawsuit filed by Matthew DePerno — a known election denier — on behalf of an Antrim County, Michigan voter against Antrim County challenging the results of the Nov. 3, 2020 election.",false,false,true,false,false,false,true,Decided
Pennsylvania,https://www.democracydocket.com/wp-content/uploads/2021/08/icon_state-pennslyvania-01-1.png,"Houser v. County of Lycoming",2022-12-06,undefined,"Lawsuit brought in December 2022 by two Lycoming County, Pennsylvania voters challenging the results of the November 2020 general election.",false,false,true,false,false,false,false,Appealed
Colorado,https://www.democracydocket.com/wp-content/uploads/2021/08/icon_state-colorado-01-1.png,"Vet Voice Foundation v. Griswold",2022-12-05,undefined,"Lawsuit filed by the Vet Voice Foundation and two Colorado voters against Colorado Secretary of State Jena Griswold (D) challenging the state’s use of signature matching.",false,false,false,false,false,true,false,Filed
Arizona,https://www.democracydocket.com/wp-content/uploads/2021/08/icon_state-arizona-01-1.png,"Barnett v. Hobbs",2022-11-29,2022-12-02,"Lawsuit brought by Josh Barnett, who lost the Republican primary for Arizona’s 1st Congressional District by a significant margin, alleging that the midterm elections must be annulled.",false,false,true,false,false,false,true,Decided
Wisconsin,https://www.democracydocket.com/wp-content/uploads/2021/08/icon_state-wisconsin-01-1.png,"Brown v. Wisconsin Elections Commission",2022-12-01,undefined,"Lawsuit filed by the Wisconsin Institute for Law and Liberty on behalf of a Wisconsin voter challenging the use of mobile voting sites throughout the community.",false,false,false,false,false,true,false,Filed
Arizona,https://www.democracydocket.com/wp-content/uploads/2021/08/icon_state-arizona-01-1.png,"Busch v. Diaz",2022-11-28,2022-12-01,"Election contest filed by an Arizona voter against a Democratic write-in candidate for the 22nd state Senate District and others alleging that the defendants “improperly counted the votes for State Senate legislative district 22 election.”",false,false,true,false,false,false,false,Decided
Pennsylvania,https://www.democracydocket.com/wp-content/uploads/2021/08/icon_state-pennslyvania-01-1.png,"Cartwright v. Luzerne County Board of Elections",2022-11-29,2022-11-30,"Lawsuit filed on behalf of U.S. Rep. Matt Cartwright (D-Pa.) against the Luzerne County Board of Elections challenging the board’s failure to certify the Nov. 8, 2022 election results.",false,false,true,false,false,false,true,Decided
Arizona,https://www.democracydocket.com/wp-content/uploads/2021/08/icon_state-arizona-01-1.png,"Hamadeh v. Mayes",2022-11-22,2022-11-29,"Lawsuit filed by Abraham Hamadeh, the Republican candidate for Arizona attorney general (and known election denier), and the Republican National Committee challenging the 2022 election results for the attorney general race.",false,false,true,false,false,false,true,Decided
Arizona,https://www.democracydocket.com/wp-content/uploads/2021/08/icon_state-arizona-01-1.png,"Golec v. Maricopa County Board of Supervisors",2022-11-26,2022-11-28,"Lawsuit filed by an Arizona voter against the Maricopa County Board of Supervisors, the Maricopa County recorder, Arizona Secretary of State Katie Hobbs (D), Dominion Voting Systems and Runbeck Election Services requesting that Maricopa County’s canvass of the Nov. 8, 2022 election results be paused.",false,false,true,false,false,false,true,Decided
Georgia,https://www.democracydocket.com/wp-content/uploads/2021/08/icon_state-georgia-01-1.png,"Democratic Party of Georgia v. Georgia",2022-11-14,2022-11-23,"Lawsuit filed on behalf of the Democratic Party of Georgia, the Democratic Senatorial Campaign Committee and Warnock for Georgia against Georgia challenging the state’s guidance for early voting before the Senate runoff election.",false,true,false,false,false,false,true,Decided
Washington,https://www.democracydocket.com/wp-content/uploads/2021/08/icon_state-washington-01.png,"Vet Voice Foundation v. Hobbs",2022-11-22,undefined,"Lawsuit filed by multiple nonpartisan organizations and three voters against Washington Secretary of State Steve Hobbs (D) and King County election officials challenging the state’s use of signature matching.",false,false,false,false,false,true,false,Filed
New York,https://www.democracydocket.com/wp-content/uploads/2021/08/icon_state-newyork-01-1.png,"Houle v. New York State Board of Elections",2022-11-10,2022-11-21,"Lawsuit filed by Republican state Senate candidate Dorey Houle  challenging the counting of ballots cast during the Nov. 8 election for the 42nd district state Senate race.",true,true,true,false,false,true,true,Decided
Arizona,https://www.democracydocket.com/wp-content/uploads/2021/08/icon_state-arizona-01-1.png,"Crosby v. Marra",2022-11-14,2022-11-16,"Special action complaint filed by two members of the Cochise County, Arizona Board of Supervisors against Lisa Marra, the Cochise County Elections Director requesting a writ of mandamus to compel the “Defendant to administer the counting of votes for the 2022 general election as lawfully commanded.”",true,false,true,false,false,false,true,Decided
Pennsylvania,https://www.democracydocket.com/wp-content/uploads/2021/08/icon_state-pennslyvania-01-1.png,"Romine v. Chester County Board of Elections",2022-09-15,2022-11-16,"Lawsuit filed by America First Legal on behalf of Chester County, Pennsylvania voters against the Chester County Board of Elections challenging the use of drop boxes in the county.",false,false,false,false,false,true,false,Decided
Pennsylvania,https://www.democracydocket.com/wp-content/uploads/2021/08/icon_state-pennslyvania-01-1.png,"Gill v. Lehigh County Board of Elections",2022-09-01,2022-11-16,"Lawsuit filed by America First Legal on behalf of voters in Lehigh County, Pennsylvania against the Lehigh County Board of Elections challenging the rules regulating the use of drop boxes throughout the county.",false,false,false,false,false,true,true,Decided
Pennsylvania,https://www.democracydocket.com/wp-content/uploads/2021/08/icon_state-pennslyvania-01-1.png,"Monroe County Republican Committee v. Monroe County Board of Elections",2022-11-04,2022-11-15,"Lawsuit filed by the Monroe County Republican Committee against the Monroe County Board of Elections and its two commissioners alleging that the county is violating state law by pre-canvassing mail-in and absentee ballots ahead of the state deadline.",false,false,false,false,false,true,true,Decided
Arizona,https://www.democracydocket.com/wp-content/uploads/2021/08/icon_state-arizona-01-1.png,"Republican National Committee v. Richer",2022-11-08,2022-11-15,"Lawsuit filed by Republicans seeking to extend the polling hours in Maricopa County, Arizona.",false,true,false,false,false,false,false,Decided
Nevada,https://www.democracydocket.com/wp-content/uploads/2021/08/icon_state-nevada-01-1.png,"American Civil Liberties Union of Nevada v. Nye County",2022-11-14,2022-11-14,"Petition filed by the American Civil Liberties Union of Nevada in the Nevada Supreme Court challenging Nye County’s “parallel hand-count process.”",true,false,true,false,false,false,false,Decided
Texas,https://www.democracydocket.com/wp-content/uploads/2021/08/icon_state-texas-01-1.png,"Harris County Republican Party v. Tatum",2022-11-14,undefined,"Lawsuit filed by the Harris County Republican Party challenging “multiple instances of ill-advised and illegal alterations of election procedures which must be stopped immediately.”",true,true,true,false,false,false,false,Filed
Illinois,https://www.democracydocket.com/wp-content/uploads/2021/08/icon_state-illinois-01-1.png,"Salvi v. Garrett",2022-10-28,2022-11-10,"Lawsuit filed by Kathy Salvi (R) — a candidate for U.S. Senate — and an Illinois voter against the Schuyler County clerk challenging the counting of “errant” ballots.",true,false,false,false,false,false,false,Decided
Kansas,https://www.democracydocket.com/wp-content/uploads/2021/08/icon_state-kansas-01-1.png,"Roberts v. Caskey",2022-09-15,2022-11-10,"Lawsuit filed by six voters challenging the results of the 2020 election in Kansas as well as the use of electronic voting machines and drop boxes throughout the state.",true,false,true,false,false,true,true,Decided
Nevada,https://www.democracydocket.com/wp-content/uploads/2021/08/icon_state-nevada-01-1.png,"Cortez Masto for Senate v. Clark County",2022-11-08,2022-11-08,"Request asking the court to extend the polling hours of certain Clark County, Nevada polling sites.",false,true,false,false,false,false,false,Decided
Virginia,https://www.democracydocket.com/wp-content/uploads/2021/08/icon_state-virginia-01-1.png,"Democratic Party of Virginia v. Lawrence",2022-11-08,2022-11-08,"Order granting a request by the Democratic Party of Virginia to extend polling hours at the East Suffolk Recreation Center in Suffolk County, Virginia after it opened 20 minutes late due to issues with voting machines earlier on Election Day.",false,true,false,false,false,false,true,Decided
Georgia,https://www.democracydocket.com/wp-content/uploads/2021/08/icon_state-georgia-01-1.png,"In Re: Petition of Gwinnett County Board of Registrations and Elections Concerning the November 2022 General Election",2022-11-08,2022-11-08,"Order granting a request by the Gwinnett County Board of Registrations and Elections to allow Precinct 59, designated as Landmark Church at 3737 Holcomb Bridge Road in Norcross, Georgia, to remain open until 7:08 p.m EST.",false,true,false,false,false,false,true,Decided
Texas,https://www.democracydocket.com/wp-content/uploads/2021/08/icon_state-texas-01-1.png,"Nichols v. Bell County",2022-11-08,2022-11-08,"Order allowing polling locations in Bell County, Texas will remain open until 8:00 p.m. CST due to technical issues earlier on Election Day.",false,true,false,false,false,false,true,Decided
Arizona,https://www.democracydocket.com/wp-content/uploads/2021/08/icon_state-arizona-01-1.png,"Navajo Nation v. Noble",2022-11-08,2022-11-08,"Lawsuit filed by the Navajo Nation  asking to keep the Apache County Many Farms polling site open for two additional hours as the site did not open on time.",false,true,false,false,false,false,true,Decided
Virginia,https://www.democracydocket.com/wp-content/uploads/2021/08/icon_state-virginia-01-1.png,"In Re: Extension of Voting Hours",2022-11-08,2022-11-08,"Order granting request to keep one precinct place located at Blackstone Primary School in Blackstone, Virginia open until 8 p.m EST.",false,true,false,false,false,false,true,Decided
Pennsylvania,https://www.democracydocket.com/wp-content/uploads/2021/08/icon_state-pennslyvania-01-1.png,"In Re: Extension of Time for Polls to Remain Open in the 2022 General Election",2022-11-08,2022-11-08,"Order granting a request by the Luzerne County election officials seeking to keep the county’s polling locations open until 10:00 p.m. EST, which is two hours later than they would normally be open.",false,true,false,false,false,false,true,Decided
Pennsylvania,https://www.democracydocket.com/wp-content/uploads/2021/08/icon_state-pennslyvania-01-1.png,"Elkin v. Philadelphia City Commissioners",2022-10-27,2022-11-08,"Lawsuit sponsored by Restoring Integrity and Trust in Elections (RITE) on behalf of two voters against Philadelphia City election commissioners challenging Philadelphia’s alleged intent to “scale back or eliminate” their poll book reconciliation process.",true,false,false,false,false,false,false,Decided
Georgia,https://www.democracydocket.com/wp-content/uploads/2021/08/icon_state-georgia-01-1.png,"In re: November 8, 2022 General/Special Election",2022-11-08,2022-11-08,"Order granting a request filed by the Cobb County Board of Elections and Registration to keep two precinct locations open past the 7 p.m. deadline due to delays at the locations at the start of the day.",false,true,false,false,false,false,true,Decided
Georgia,https://www.democracydocket.com/wp-content/uploads/2021/08/icon_state-georgia-01-1.png,"Portillo v. Raffensperger",2022-10-18,2022-11-08,"Lawsuit filed by a Georgia voter against Georgia Secretary of State Brad Raffensperger (R) and the Cherokee County Board of Elections challenging the use of electronic voting machines in Cherokee County.",true,false,false,false,false,false,true,Decided
Nevada,https://www.democracydocket.com/wp-content/uploads/2021/08/icon_state-nevada-01-1.png,"Republican National Committee v. Clark County",2022-11-04,2022-11-08,"Lawsuit filed by the Republican National Committee against Clark County, the Clark County Elections Department and the Clark County registrar requesting an emergency writ of mandamus to compel Clark County to add more Republican members to its “signature verification board.”",true,false,false,false,false,false,true,Decided
Illinois,https://www.democracydocket.com/wp-content/uploads/2021/08/icon_state-illinois-01-1.png,"McGuire v. Ammons",2022-11-04,2022-11-07,"Lawsuit filed by the chairman of the Champaign Republican Party alleging that one of them, who serves as the deputy county clerk, was in possession of multiple unsealed ballots in her car.",true,false,false,false,false,false,false,Decided
Pennsylvania,https://www.democracydocket.com/wp-content/uploads/2021/08/icon_state-pennslyvania-01-1.png,"Ball v. Chapman",2022-10-16,2022-11-07,"King’s Bench petition filed by Republicans challenging guidance that allows election officials to count undated or incorrectly dated mail-in ballots that were received on time.",false,false,false,false,false,true,false,Decided
Pennsylvania,https://www.democracydocket.com/wp-content/uploads/2021/08/icon_state-pennslyvania-01-1.png,"Eakin v. Adams County Board of Elections",2022-11-07,undefined,"Lawsuit filed by Pennsylvania voters, Fetterman for PA, the DSCC and DCCC challenging the state’s plan to not count undated and wrongly dated mail-in ballots.",false,false,false,false,false,true,false,Filed
New York,https://www.democracydocket.com/wp-content/uploads/2021/08/icon_state-newyork-01-1.png,"League of Women Voters of the Mid-Hudson Valley v. Dutchess County Board of Elections",2022-11-01,2022-11-07,"Lawsuit filed by the League of Women Voters of the Mid-Hudson Valley and others over the lack of a polling location on the Vassar College campus.",false,true,false,false,false,false,true,Decided
Michigan,https://www.democracydocket.com/wp-content/uploads/2021/08/icon_state-michigan-01-1.png,"Karamo v. Winfrey",2022-10-26,2022-11-07,"Lawsuit filed by Michigan secretary of state candidate Kristina Karamo (R) and others against the City of Detroit Board of Election Inspectors and Detroit clerk challenging the method by which absentee ballots are administered, returned and counted in the city.",false,false,false,false,false,true,true,Decided
Arizona,https://www.democracydocket.com/wp-content/uploads/2021/08/icon_state-arizona-01-1.png,"Tohono O’odham Nation v. Brnovich",2022-11-07,undefined,"Lawsuit filed by the Tohono O’odham Nation and Gila River Indian Community against Arizona Attorney General Mark Brnovich (R), Arizona Secretary of State Katie Hobbs (R), the Pinal County recorder, the Pima County recorder and the Maricopa County recorder.",false,false,false,false,true,false,false,Filed
Tennessee,https://www.democracydocket.com/wp-content/uploads/2021/08/icon_state-tennessee-01-1.png,"League of Women Voters v. Davidson County Election Commission",2022-11-04,2022-11-04,"Lawsuit filed by the League of Women Voters and a Davidson County voter alleging that “hundreds, if not thousands, of Davidson County voters will be unable to vote” in the 2022 midterm elections due to incorrect ballots.",true,false,false,false,false,false,true,Decided
Pennsylvania,https://www.democracydocket.com/wp-content/uploads/2021/08/icon_state-pennslyvania-01-1.png,"Missino v. Delaware County Board of Elections",2022-11-04,undefined,"Lawsuit brought by a failed Republican candidate for the Pennsylvania state House, Nicole Missino, and two poll watchers against the Delaware County Board of Elections and Delaware County Bureau of Elections.",false,false,false,false,false,true,false,Filed
Wisconsin,https://www.democracydocket.com/wp-content/uploads/2021/08/icon_state-wisconsin-01-1.png,"Brown v. McMenamin",2022-08-08,2022-11-04,"Complaint filed with the Wisconsin Elections Commission on behalf of a Wisconsin voter challenging the use of mobile voting sites in Racine County, Wisconsin.",false,false,false,false,false,true,true,Decided
Illinois,https://www.democracydocket.com/wp-content/uploads/2021/08/icon_state-illinois-01-1.png,"Wilson v. City of Chicago Board of Election Commissioners",2022-08-29,2022-11-04,"Lawsuit filed by Chicago mayoral candidate Dr. Willie Wilson and individual voters challenging Chicago’s planned removal of 779 voting precincts and 121 polling locations ahead of the November midterm elections.",false,true,false,false,false,false,false,Decided
Oregon,https://www.democracydocket.com/wp-content/uploads/2021/08/icon_state-oregon-01-1.png,"Morrise v. Harrington",2022-11-03,undefined,"Lawsuit brought by two Oregon voters against multiple Washington County commissioners alleging that the county’s use of electronic voting machines violates state and federal law.",true,false,false,false,false,false,false,Appealed
Michigan,https://www.democracydocket.com/wp-content/uploads/2021/08/icon_state-michigan-01-1.png,"Michigan Republican Party v. Donahue",2022-10-28,2022-11-02,"Lawsuit filed by the Michigan Republican Party and Republican National Committee against multiple members of the City of Flint Board of Election Commissioners alleging that Flint has a shortage of Republican election inspectors.",true,false,false,false,false,false,true,Decided
New York,https://www.democracydocket.com/wp-content/uploads/2021/08/icon_state-newyork-01-1.png,"Cavalier v. Warren County Board of Elections",2022-07-20,2022-11-01,"Lawsuit filed by Republican plaintiffs challenging Senate Bill 7565, a New York law that allows people to vote absentee if they are concerned about contracting or spreading an illness such as COVID-19.",false,false,false,false,false,true,true,Decided
New York,https://www.democracydocket.com/wp-content/uploads/2021/08/icon_state-newyork-01-1.png,"Amedure v. New York",2022-09-27,2022-11-01,"Lawsuit filed by New York Republicans challenging two laws that govern who is eligible to vote absentee and how absentee ballots are processed.",false,false,false,false,false,true,true,Decided
Nevada,https://www.democracydocket.com/wp-content/uploads/2021/08/icon_state-nevada-01-1.png,"Progressive Leadership Alliance of Nevada v. Cegavske",2022-08-31,2022-11-01,"Lawsuit filed by the Progressive Leadership Alliance of Nevada against Nevada Secretary of State Barbara Cagavske’s (R) challenging her recent guidance on ballot counting procedures.",true,false,false,false,false,false,false,Decided
Oregon,https://www.democracydocket.com/wp-content/uploads/2021/08/icon_state-oregon-01-1.png,"Gunter v. Gambee",2022-10-31,undefined,"Lawsuit filed by Oregon voters against the Wasco County election officials challenging the state’s use of electronic voting machines.",true,false,false,false,false,false,false,Appealed
Pennsylvania,https://www.democracydocket.com/wp-content/uploads/2021/08/icon_state-pennslyvania-01-1.png,"Benninghoff v. 2021 Legislative Reapportionment Commission",2022-02-17,2022-10-31,"Lawsuit filed on behalf of Kerry Benninghoff (R), the Majority Leader of the Pennsylvania House of Representatives, challenging the state’s new legislative map.",false,false,false,true,false,false,true,Decided
New York,https://www.democracydocket.com/wp-content/uploads/2021/08/icon_state-newyork-01-1.png,"Hochul v. Bledi",2022-10-27,2022-10-28,"Lawsuit filed by New York Democrats against the Albany County Board of Elections and its Republican commissioner seeking to compel the county to process absentee ballots.",false,false,false,false,false,true,true,Decided
Georgia,https://www.democracydocket.com/wp-content/uploads/2021/08/icon_state-georgia-01-1.png,"Andrews v. D’Souza",2022-10-26,undefined,"Lawsuit filed on behalf of a Georgia voter, Mark Andrews, against right-wing activists and organizations alleging that the defendants falsely accused Andrews of “ballot fraud” in their film and accompanying book 2000 Mules.",false,false,false,false,false,true,false,Filed
Virginia,https://www.democracydocket.com/wp-content/uploads/2021/08/icon_state-virginia-01-1.png,"Democratic Party of Virginia v. Brink",2021-12-21,2022-10-24,"Lawsuit filed on behalf the Democratic Party of Virginia (DPVA) and the Democratic Congressional Campaign Committee (DCCC) challenging two of Virginia’s election laws.",false,false,false,false,true,true,false,Decided
Nevada,https://www.democracydocket.com/wp-content/uploads/2021/08/icon_state-nevada-01-1.png,"American Civil Liberties Union of Nevada v. Nye County",2022-10-17,2022-10-21,"Lawsuit filed by the American Civil Liberties Union of Nevada and an individual in the Nevada Supreme Court challenging Nye County, Nevada’s “unlawful hand counting measures.”",true,false,false,false,false,false,true,Decided
Nevada,https://www.democracydocket.com/wp-content/uploads/2021/08/icon_state-nevada-01-1.png,"American Civil Liberties Union of Nevada v. Nye County",2022-10-04,2022-10-12,"Lawsuit filed by the American Civil Liberties Union (ACLU) of Nevada and a voter against Nye County, Nevada challenging the “Nye County-2022 General Election Process.”",true,false,false,false,false,false,false,Decided
Georgia,https://www.democracydocket.com/wp-content/uploads/2021/08/icon_state-georgia-01-1.png,"Tullos v. Raffensperger",2022-10-11,undefined,"Lawsuit filed by a Georgia voter against Georgia Secretary of State Brad Raffensperger (R) and the Morgan County Board of Elections challenging the use of electronic voting machines in Morgan County.",true,false,false,false,false,false,false,Appealed
Pennsylvania,https://www.democracydocket.com/wp-content/uploads/2021/08/icon_state-pennslyvania-01-1.png,"Migliori v. Lehigh County Board of Elections",2022-01-31,2022-10-11,"Lawsuit filed on behalf of five voters in Lehigh County who voters, had their ballots rejected because there was not a handwritten date next to their voter declaration signature on the outer ballot envelope.",false,false,false,false,false,true,false,Decided
Oregon,https://www.democracydocket.com/wp-content/uploads/2021/08/icon_state-oregon-01-1.png,"Thielman v. Fagan",2022-10-08,undefined,"Lawsuit filed by voters against the Oregon Secretary of State Shemia Fagan and 12 counties challenging Oregon’s mail-in and electronic voting systems.",true,false,false,false,false,true,false,Appealed
Delaware,https://www.democracydocket.com/wp-content/uploads/2021/08/icon_state-delaware-01.png,"Higgin v. Albence",2022-07-20,2022-10-07,"Lawsuit filed on behalf of Republicans challenging two new Delaware laws that expand voting access.",false,false,false,false,true,true,false,Decided
Delaware,https://www.democracydocket.com/wp-content/uploads/2021/08/icon_state-delaware-01.png,"Mennella v. Albence",2022-02-24,2022-10-07,"Lawsuit on behalf of a Delaware elections inspector challenging the state’s early and absentee voting laws.",false,true,false,false,false,true,false,Decided
Delaware,https://www.democracydocket.com/wp-content/uploads/2021/08/icon_state-delaware-01.png,"Miles v. Delaware Department of Elections",2022-07-22,2022-10-07,"Lawsuit filed by Delaware voters challenging Delaware’s no-excuse mail-in voting law, Senate Bill 320, against the Delaware Department of Elections and the state election commissioner.",false,false,false,false,false,true,false,Decided
Texas,https://www.democracydocket.com/wp-content/uploads/2021/08/icon_state-texas-01-1.png,"Gutierrez v. Abbott",2021-09-01,2022-10-04,"Lawsuit challenging Texas’ legislative districts and reapportionment plan following the release of 2020 census data.",false,false,false,true,false,false,false,Decided
Idaho,https://www.democracydocket.com/wp-content/uploads/2021/08/icon_state-idaho-01.png,"Ada County v. Idaho Commission for Reapportionment",2021-12-02,2022-10-03,"Lawsuit filed by Ada County, Idaho challenging Idaho’s legislative map drawn with 2020 census data.",false,false,false,true,false,false,false,Decided
Wisconsin,https://www.democracydocket.com/wp-content/uploads/2021/08/icon_state-wisconsin-01-1.png,"White v. Wisconsin Elections Commission",2022-07-12,2022-10-03,"Lawsuit filed by Republicans challenging the legality of WEC’s guidance directing clerks to fill in missing information on absentee ballot certificate envelopes.",false,false,false,false,false,true,false,Decided
Pennsylvania,https://www.democracydocket.com/wp-content/uploads/2021/08/icon_state-pennslyvania-01-1.png,"Gressman v. Degraffenreid",2021-12-17,2022-10-03,"Lawsuit filed on behalf of Pennsylvania voters who are leading mathematicians and scientists to ensure that the Commonwealth adopts a new congressional map before the 2022 election cycle.",false,false,false,true,false,false,true,Decided
Pennsylvania,https://www.democracydocket.com/wp-content/uploads/2021/08/icon_state-pennslyvania-01-1.png,"Carter v. Chapman",2021-12-17,2022-10-03,"Lawsuit filed on behalf of a group of voters in Pennsylvania to ensure that new congressional districts are in place for the 2022 elections.",false,false,false,true,false,false,true,Decided
Georgia,https://www.democracydocket.com/wp-content/uploads/2021/08/icon_state-georgia-01-1.png,"Fair Fight Action v. Raffensperger",2018-11-27,2022-09-30,"Lawsuit challenging several aspects of Georgia’s election administration.",true,false,false,false,true,false,false,Decided
Georgia,https://www.democracydocket.com/wp-content/uploads/2021/08/icon_state-georgia-01-1.png,"Lovell v. Raffensperger",2022-09-30,undefined,"Lawsuit filed by a Georgia voter against Georgia Secretary of State Brad Raffensperger (R) and the Columbia County Board of Elections challenging the use of electronic voting machines in Columbia County.",true,false,false,false,false,false,false,Appealed
Michigan,https://www.democracydocket.com/wp-content/uploads/2021/08/icon_state-michigan-01-1.png,"DeVisser v. Benson",2022-09-30,undefined,"Lawsuit filed by Republicans against Michigan Secretary of State Jocelyn Benson (D) and the Michigan director of elections challenging a set of 2022 rules pertaining to partisan election challengers.",false,true,false,false,false,false,false,Appealed
Wisconsin,https://www.democracydocket.com/wp-content/uploads/2021/08/icon_state-wisconsin-01-1.png,"League of Women Voters of Wisconsin v. Wisconsin Elections Commission",2022-09-30,undefined,"Lawsuit filed by the League of Women Voters of Wisconsin (LWVWI) against the Wisconsin Elections Commission (WEC) seeking clarification about what qualifies as a “missing” absentee ballot witness certificate address.",false,false,false,false,false,true,false,Filed
Texas,https://www.democracydocket.com/wp-content/uploads/2021/08/icon_state-texas-01-1.png,"Campaign Legal Center v. Scott",2022-02-01,2022-09-29,"Lawsuit brought against the Texas Secretary of State John B. Scott (R) for refusing to produce records pertaining to the state’s voter purge program.",true,false,false,false,true,false,false,Decided
Michigan,https://www.democracydocket.com/wp-content/uploads/2021/08/icon_state-michigan-01-1.png,"O'Halloran v. Benson",2022-09-28,undefined,"Lawsuit filed by Republicans against Michigan Secretary of State Jocelyn Benson (D) and the Michigan director of elections challenging a set of 2022 rules pertaining to partisan elections challengers.",false,true,false,false,false,false,false,Appealed
Wisconsin,https://www.democracydocket.com/wp-content/uploads/2021/08/icon_state-wisconsin-01-1.png,"Rise, Inc. v. Wisconsin Elections Commission",2022-09-27,undefined,"Lawsuit filed by Rise, Inc. and a voter against the Wisconsin Elections Commission (WEC) seeking clarification about what qualifies as a complete absentee ballot witness certificate address.",false,false,false,false,false,true,false,Filed
Wisconsin,https://www.democracydocket.com/wp-content/uploads/2021/08/icon_state-wisconsin-01-1.png,"Kormanik v. Wisconsin Elections Commission",2022-09-23,undefined,"Lawsuit filed by a conservative group on behalf of a voter against the Wisconsin Elections Commission (WEC) challenging its absentee ballot spoiling guidance.",false,false,false,false,false,true,false,Appealed
Wisconsin,https://www.democracydocket.com/wp-content/uploads/2021/08/icon_state-wisconsin-01-1.png,"Teigen v. Wisconsin Elections Commission",2021-06-28,2022-09-23,"Conservative lawsuit seeking to ban drop boxes used for absentee voting in Wisconsin.",false,false,false,false,false,true,false,Decided
Pennsylvania,https://www.democracydocket.com/wp-content/uploads/2021/08/icon_state-pennslyvania-01-1.png,"County of Fulton v. Dominion Voting Systems Inc.",2022-09-20,undefined,"Lawsuit filed by Fulton County, the Fulton County Board of Elections and voters against Dominion Voting Systems.",true,false,false,false,false,false,false,Filed
Arizona,https://www.democracydocket.com/wp-content/uploads/2021/08/icon_state-arizona-01-1.png,"Promise Arizona v. Hobbs",2022-09-20,undefined,"Lawsuit filed on behalf of Promise Arizona and Southwest Voter Registration Education Project against Arizona Secretary of State Katie Hobbs (D), Attorney General Mark Brnovich (R) and county recorders challenging provisions of Arizona House Bill 2243.",false,false,false,false,true,false,false,Filed
Michigan,https://www.democracydocket.com/wp-content/uploads/2021/08/icon_state-michigan-01-1.png,"Priorities USA v. Nessel",2019-11-12,2022-09-15,"Lawsuit challenging two Michigan voter restrictions.",false,true,false,false,false,true,false,Decided
Wisconsin,https://www.democracydocket.com/wp-content/uploads/2021/08/icon_state-wisconsin-01-1.png,"Stone v. Wolfe",2022-09-14,undefined,"Complaint filed with the Wisconsin Elections Commission (WEC) by Honest Open Transparent Government (HOT Government)  challenging the use of the WEC website (MyVote.WI.gov) used to process absentee ballot requests.",false,false,false,false,false,true,false,Filed
Alabama,https://www.democracydocket.com/wp-content/uploads/2021/08/icon_state-alabama-01-1.png,"Blanchard v. Merrill",2022-05-19,2022-09-12,"Lawsuit filed on behalf of gubernatorial candidate Lynda Blanchard (R) and state Rep. Tommy Hanes (R) challenging the use of electronic voting machines used in every Alabama county.",true,false,false,false,false,false,true,Decided
South Dakota,https://www.democracydocket.com/wp-content/uploads/2021/08/icon_state-southdakota-01.png,"Rosebud Sioux Tribe v. Barnett",2020-09-16,2022-09-12,"Lawsuit alleging that South Dakota is violating the National Voter Registration Act (NVRA) by failing to provide voter registration opportunities at state agencies.",false,false,false,false,true,false,true,Decided
Michigan,https://www.democracydocket.com/wp-content/uploads/2021/08/icon_state-michigan-01-1.png,"Promote the Vote 2022 v. Board of State Canvassers",2022-09-01,2022-09-08,"Lawsuit filed by Promote the Vote 2022 challenging the Michigan Board of State Canvassers’ decision to not put PTV22’s ballot initiative on the state’s ballot this fall.",true,false,false,false,false,false,true,Decided
Arizona,https://www.democracydocket.com/wp-content/uploads/2021/08/icon_state-arizona-01-1.png,"Wood v. Brnovich",2022-08-31,2022-09-08,"Lawsuit filed on behalf of Arizona voters against Arizona Attorney General Mark Brnovich (R), Arizona Secretary of State Katie Hobbs (D), Arizona Gov. Doug Ducey (R) and the Chief Justice of the Arizona Supreme Court, Robert M. Brutinel, challenging the results of the 2020 presidential election.",false,false,true,false,false,false,true,Decided
Wisconsin,https://www.democracydocket.com/wp-content/uploads/2021/08/icon_state-wisconsin-01-1.png,"Engstrand v. Milwaukee",2022-05-24,2022-09-07,"Lawsuit filed by the conservative Thomas More Society on behalf of voters challenging the use of drop boxes in Milwaukee, Wisconsin.",false,false,false,false,false,true,false,Decided
Wisconsin,https://www.democracydocket.com/wp-content/uploads/2021/08/icon_state-wisconsin-01-1.png,"Sipes v. Green Bay",2022-05-24,2022-09-06,"Lawsuit filed by the conservative Thomas More Society on behalf of voters challenging the use of drop boxes in Green Bay, Wisconsin.",false,false,false,false,false,true,false,Decided
Wisconsin,https://www.democracydocket.com/wp-content/uploads/2021/08/icon_state-wisconsin-01-1.png,"Carey v. Wisconsin Elections Commission",2022-07-22,2022-08-31,"Lawsuit challenging the WEC’s new guidance that absentee ballots must be physically returned by the voter who filled them out “without the use of a third party or agent.”",false,false,false,false,false,true,true,Decided
Arizona,https://www.democracydocket.com/wp-content/uploads/2021/08/icon_state-arizona-01-1.png,"Brnovich v. Hobbs",2022-04-21,2022-08-30,"Lawsuit filed by Arizona Attorney General Mark Brnovich (R) against Arizona Secretary of State Katie Hobbs (D) over the state’s election procedures manual.",true,false,false,false,false,false,true,Decided
Nevada,https://www.democracydocket.com/wp-content/uploads/2021/08/icon_state-nevada-01-1.png,"Persaud-Zamora v. Cegavske",2022-08-23,2022-08-30,"Lawsuit filed on behalf of a Nevada voter against the Nevada secretary of state challenging a Republican-led ballot initiative seeking to create strict ID rules for future elections.",true,false,false,false,false,false,true,Decided
Wisconsin,https://www.democracydocket.com/wp-content/uploads/2021/08/icon_state-wisconsin-01-1.png,"Gilligan v. Madison",2022-05-24,2022-08-30,"Lawsuit filed by the conservative Thomas More Society on behalf of voters challenging the use of drop boxes in Madison, Wisconsin.",false,false,false,false,false,true,false,Decided
Colorado,https://www.democracydocket.com/wp-content/uploads/2021/08/icon_state-colorado-01-1.png,"DeOreo v. Fitzpatrick",2022-08-29,undefined,"Lawsuit filed by Colorado House of Representatives candidate William DeOreo (R) against the Boulder County clerk challenging the use of drop boxes in state House District 10.",false,false,false,false,false,true,false,Filed
Wisconsin,https://www.democracydocket.com/wp-content/uploads/2021/08/icon_state-wisconsin-01-1.png,"Weidner v. Racine",2022-05-24,2022-08-29,"Lawsuit filed by the conservative Thomas More Society on behalf of voters challenging the use of drop boxes in Racine, Wisconsin.",false,false,false,false,false,true,false,Decided
Wisconsin,https://www.democracydocket.com/wp-content/uploads/2021/08/icon_state-wisconsin-01-1.png,"Romano v. Kenosha",2022-05-24,2022-08-29,"Lawsuit filed by the conservative Thomas More Society on behalf of voters challenging the use of drop boxes in Kenosha, Wisconsin.",false,false,false,false,false,true,false,Decided
New York,https://www.democracydocket.com/wp-content/uploads/2021/08/icon_state-newyork-01-1.png,"Coachman v. City of New York",2022-08-29,undefined,"Lawsuit filed by a conservative group, the Public Interest Legal Foundation, on behalf of voters challenging New York City’s new noncitizen voting law.",false,false,false,false,true,false,false,Filed
Arizona,https://www.democracydocket.com/wp-content/uploads/2021/08/icon_state-arizona-01-1.png,"Mussi v. Hobbs",2022-07-22,2022-08-26,"Lawsuit filed by two Arizona residents and a conservative group, Arizona Free Enterprise Club, challenging a pro-voting ballot initiative.",true,false,false,false,false,false,false,Decided
Oregon,https://www.democracydocket.com/wp-content/uploads/2021/08/icon_state-oregon-01-1.png,"Gunter v. Fagan",2022-08-24,undefined,"Lawsuit filed by a conspiratorial right-wing voter against the Oregon Secretary of State Shemia Fagan (D) challenging the state’s use of electronic voting machines.",true,false,false,false,false,false,false,Appealed
Kansas,https://www.democracydocket.com/wp-content/uploads/2021/08/icon_state-kansas-01-1.png,"Gietzen v. Schwab",2022-08-23,undefined,"Lawsuit filed by Mark S. Gietzen against Kansas Secretary of State Scott Schwab (R) requesting a hand recount and “revote, where necessary,” of Kansas’ Aug. 2, 2022 primary election.",false,false,true,false,false,false,false,Filed
Missouri,https://www.democracydocket.com/wp-content/uploads/2021/08/icon_state-missouri-01-2.png,"Missouri State Conference of the NAACP v. Missouri",2022-08-23,undefined,"Lawsuit filed on behalf of the League of Women Voters of Missouri, Missouri NAACP and two voters challenging the voter ID requirement imposed by Missouri’s recently enacted omnibus voter suppression law, House Bill 1878.",false,true,false,false,false,false,false,Filed
Alaska,https://www.democracydocket.com/wp-content/uploads/2021/08/icon_state-alaska-01-1.png,"Arctic Village Council v. Fenumiai",2022-08-23,undefined,"Lawsuit filed by the Arctic Village Council, League of Women Voters of Alaska and two voters challenging the state’s refusal to address ballot curing problems that disenfranchised thousands of voters in the special primary election held in June.",false,false,false,false,false,true,false,Filed
Missouri,https://www.democracydocket.com/wp-content/uploads/2021/08/icon_state-missouri-01-2.png,"League of Women Voters of Missouri v. Missouri",2022-08-22,undefined,"Lawsuit filed on behalf of the League of Women Voters of Missouri and the Missouri NAACP challenging aspects of Missouri’s recently enacted omnibus voter suppression law, House Bill 1878.",false,false,false,false,true,true,false,Filed
Pennsylvania,https://www.democracydocket.com/wp-content/uploads/2021/08/icon_state-pennslyvania-01-1.png,"Chapman v. Berks County Board of Elections",2022-07-11,2022-08-19,"Lawsuit filed by Acting Secretary of the Commonwealth Leigh Chapman and the Pennsylvania Department of State against three counties that refused to count valid undated mail-in ballots in their final 2022 primary election certification totals.",false,false,true,false,false,true,true,Decided
Wisconsin,https://www.democracydocket.com/wp-content/uploads/2021/08/icon_state-wisconsin-01-1.png,"League of Women Voters of Wisconsin v. Knudson",2021-12-22,2022-08-18,"Lawsuit filed by the League of Women Voters of Wisconsin (LWVWI) challenging the deactivation of over 31,000 Wisconsin voter registrations in July 2021.",true,false,false,false,true,false,true,Decided
Arizona,https://www.democracydocket.com/wp-content/uploads/2021/08/icon_state-arizona-01-1.png,"AZ AANHPI for Equity Coalition v. Hobbs",2022-08-16,undefined,"Lawsuit filed on behalf of the Arizona AANHPI for Equity Coalition challenging two voter suppression laws, House Bill 2492 and House Bill 2243.",false,false,false,false,true,false,false,Filed
Arizona,https://www.democracydocket.com/wp-content/uploads/2021/08/icon_state-arizona-01-1.png,"Arizona Alliance for Retired Americans v. Fontes",2022-08-15,undefined,"Lawsuit filed on behalf of the Arizona Alliance for Retired Americans, Voto Latino and Priorities USA against Arizona elections officials challenging three provisions of Senate Bill 1260.",false,false,false,false,true,true,false,Filed
Arizona,https://www.democracydocket.com/wp-content/uploads/2021/08/icon_state-arizona-01-1.png,"Democratic National Committee v. Hobbs",2022-08-15,undefined,"Lawsuit filed by the Democratic National Committee and Arizona Democratic Party challenging Arizona’s voter suppression law, House Bill 2492.",false,false,false,false,true,false,false,Filed
Ohio,https://www.democracydocket.com/wp-content/uploads/2021/08/icon_state-ohio-01-1.png,"Ames v. LaRose",2022-07-08,2022-08-11,"Lawsuit filed by Brian M. Ames — a Republican candidate for the 28th District State Central Committeeman — against multiple Ohio election officials challenging aspects of the state’s 2022 primary election schedule.",true,false,false,false,false,false,false,Decided
Nevada,https://www.democracydocket.com/wp-content/uploads/2021/08/icon_state-nevada-01-1.png,"Gilbert v. Sisolak",2022-07-15,2022-08-10,"Lawsuit filed on behalf of Joey Gilbert, a failed Republican candidate for governor, challenging the results of the primary election.",false,false,true,false,false,false,true,Decided
Pennsylvania,https://www.democracydocket.com/wp-content/uploads/2021/08/icon_state-pennslyvania-01-1.png,"McLinko v. Degraffenreid",2021-07-26,2022-08-02,"Lawsuit filed by a member of Bradford County Board of Elections challenging a provision of Act 77 that created no-excuse mail-in voting.",false,false,false,false,false,true,true,Decided
Virginia,https://www.democracydocket.com/wp-content/uploads/2021/08/icon_state-virginia-01-1.png,"Thomas v. Beals",2022-06-08,2022-08-01,"Lawsuit filed in federal court challenging the 2021 Virginia House of Delegates election for being held under a redistricting plan that allegedly violates the U.S. Constitution.",false,false,false,true,false,false,false,Decided
Nevada,https://www.democracydocket.com/wp-content/uploads/2021/08/icon_state-nevada-01-1.png,"Persaud-Zamora v. Cegavske",2022-06-06,2022-07-29,"Lawsuit filed on behalf of a Nevada voter against the Nevada secretary of state challenging a new Republican-led ballot initiative seeking to create strict photo ID rules for future elections.",true,false,false,false,false,false,true,Decided
Virginia,https://www.democracydocket.com/wp-content/uploads/2021/08/icon_state-virginia-01-1.png,"Goldman v. Brink",2021-06-28,2022-07-21,"Lawsuit filed in federal court challenging the 2021 Virginia House of Delegates election for being set to occur under a redistricting plan that allegedly violates both the Virginia and the U.S. Constitutions.",false,false,false,true,false,false,false,Decided
North Carolina,https://www.democracydocket.com/wp-content/uploads/2021/08/icon_state-northcarolina-01-1.png,"Disability Rights North Carolina v. North Carolina State Board of Elections",2021-09-09,2022-07-11,"Lawsuit filed in federal court by Disability Rights North Carolina challenging North Carolina state laws that limit assistance available to voters with disabilities who require aid in obtaining and filling out absentee ballots.",false,false,false,false,false,true,true,Decided
Massachusetts,https://www.democracydocket.com/wp-content/uploads/2021/08/icon_state-massachusetts-01.png,"Lyons v. Galvin",2022-06-23,2022-07-11,"Lawsuit filed by Massachusetts GOP Chair Jim Lyons and GOP candidate for Massachusetts Secretary of State Rayla Campbell challenging the state’s newly enacted expansive voting law, Senate Bill 2924.",false,false,false,false,false,true,true,Decided
Missouri,https://www.democracydocket.com/wp-content/uploads/2021/08/icon_state-missouri-01-2.png,"Berry v. Ashcroft",2022-04-22,2022-07-08,"Lawsuit filed in federal court on behalf of a Republican challenging Missouri’s 2010 congressional map following the release of 2020 census data.",false,false,false,true,false,false,false,Decided
Arizona,https://www.democracydocket.com/wp-content/uploads/2021/08/icon_state-arizona-01-1.png,"United States v. Arizona",2022-07-05,undefined,"Lawsuit filed by the U.S. Department of Justice (DOJ) challenging Arizona’s proof of citizenship requirement in House Bill 2492.",false,false,false,false,true,false,false,Filed
Texas,https://www.democracydocket.com/wp-content/uploads/2021/08/icon_state-texas-01-1.png,"Lewis v. Hughs",2020-05-11,2022-07-05,"Lawsuit seeking to protect and expand vote by mail in Texas in light of the COVID-19 pandemic.",false,false,false,false,false,true,false,Decided
Texas,https://www.democracydocket.com/wp-content/uploads/2021/08/icon_state-texas-01-1.png,"Longoria v. Paxton",2021-12-10,2022-07-01,"Lawsuit filed on behalf of Harris County Elections Administrator Isabel Longoria and a volunteer deputy registrar challenging Texas’ voter suppression law, Senate Bill 1.",false,false,false,false,false,true,false,Decided
New York,https://www.democracydocket.com/wp-content/uploads/2021/08/icon_state-newyork-01-1.png,"Hoffmann v. New York State Independent Redistricting Commission",2022-06-28,undefined,"Petition filed on behalf of New York voters against the New York State Independent Redistricting Commission and its members alleging that they failed to complete mandatory redistricting duties.",false,false,false,true,false,false,false,Appealed
Missouri,https://www.democracydocket.com/wp-content/uploads/2021/08/icon_state-missouri-01-2.png,"Missouri Protection & Advocacy Services v. Ashcroft",2022-06-22,undefined,"Lawsuit filed on behalf of Missouri Protection and Advocacy Services, VozKC and voters against Missouri Secretary of State John Ashcroft (R) and others challenging Missouri’s limits on voter assistance.",false,true,false,false,false,false,false,Filed
New Mexico,https://www.democracydocket.com/wp-content/uploads/2021/08/icon_state-newmexico-01-1.png,"Toulouse Oliver v. Otero County Commission",2022-06-14,2022-06-17,"Petition for a writ of mandamus filed by the New Mexico secretary of state against the Otero County Commission for failing to certify primary election results.",false,false,true,false,false,false,false,Decided
Pennsylvania,https://www.democracydocket.com/wp-content/uploads/2021/08/icon_state-pennslyvania-01-1.png,"Dondiego v. Lehigh County Board of Elections",2022-05-31,2022-06-16,"Lawsuit filed on behalf of Lehigh and Northampton counties voters whose mail-in ballots were rejected in the Democratic primary for state Senate District 14.",false,false,true,false,false,true,false,Decided
Arizona,https://www.democracydocket.com/wp-content/uploads/2021/08/icon_state-arizona-01-1.png,"Poder Latinx v. Hobbs",2022-06-09,undefined,"Lawsuit filed on behalf of Poder Latinx challenging Arizona’s proof of citizenship law, HB 2492.",false,false,false,false,true,false,false,Filed
Pennsylvania,https://www.democracydocket.com/wp-content/uploads/2021/08/icon_state-pennslyvania-01-1.png,"McCormick v. Chapman",2022-05-23,2022-06-09,"Lawsuit filed on behalf of U.S. Senate David McCormick arguing that undated mail-in ballots should be counted in the Senate primary election.",false,false,true,false,false,true,true,Decided
Nevada,https://www.democracydocket.com/wp-content/uploads/2021/08/icon_state-nevada-01-1.png,"Beadles v. Cegavske",2022-04-26,2022-06-07,"Lawsuit filed in state court on behalf of Washoe County, Nevada voters who are seeking an expansion of election observation in future elections.",false,true,false,false,false,false,true,Decided
Nevada,https://www.democracydocket.com/wp-content/uploads/2021/08/icon_state-nevada-01-1.png,"Goldman v. Cegavske",2022-04-14,2022-06-01,"Lawsuit filed in state court on behalf of Clark County, Nevada voters who are seeking an expansion of election observation in future elections.",false,true,false,false,false,false,true,Decided
New Hampshire,https://www.democracydocket.com/wp-content/uploads/2021/08/icon_state-newhampshire-01-1.png,"Norelli v. Scanlon",2022-03-31,2022-05-31,"Lawsuit filed on behalf of voters over New Hampshire’s failure to enact a new congressional map based on 2020 census data.",false,false,false,true,false,false,true,Decided
Illinois,https://www.democracydocket.com/wp-content/uploads/2021/08/icon_state-illinois-01-1.png,"Bost v. Illinois State Board of Elections",2022-05-25,undefined,"Lawsuit filed on behalf of three Republicans alleging that Illinois’ mail-in ballot receipt deadline violates federal law.",false,false,false,false,false,true,false,Appealed
Montana,https://www.democracydocket.com/wp-content/uploads/2021/08/icon_state-montana-01-1.png,"Montana Democratic Party v. Jacobsen",2021-10-12,2022-05-23,"Lawsuit challenging a Montana voter suppression law targeting college-aged voters.",false,false,false,false,true,false,true,Decided
Missouri,https://www.democracydocket.com/wp-content/uploads/2021/08/icon_state-missouri-01-2.png,"Pereles v. Ashcroft",2022-03-11,2022-05-20,"Lawsuit filed on behalf of a group of Missouri voters over the state’s stalled redistricting process that has thus far failed to produce a new congressional map.",false,false,false,true,false,false,false,Decided
Missouri,https://www.democracydocket.com/wp-content/uploads/2021/08/icon_state-missouri-01-2.png,"Thomas v. Missouri",2022-04-01,2022-05-20,"Lawsuit filed on behalf of three Republican voters challenging the state’s failure to enact a new congressional map based on 2020 census data.",false,false,false,true,false,false,false,Decided
Wisconsin,https://www.democracydocket.com/wp-content/uploads/2021/08/icon_state-wisconsin-01-1.png,"Penebaker v. Hitt",2022-05-17,undefined,"Lawsuit filed on behalf of Wisconsin voters challenging the fraudulent electors who attempted to submit alternate election results claiming that Donald Trump won Wisconsin’s 10 electoral votes following the 2020 election.",false,false,true,false,false,false,false,Filed
Texas,https://www.democracydocket.com/wp-content/uploads/2021/08/icon_state-texas-01-1.png,"Texas Alliance for Retired Americans v. Hughs",2020-03-05,2022-05-13,"Democratic lawsuit challenging a Texas law that eliminates the use of straight ticket voting in the state.",true,false,false,false,false,false,false,Decided
New York,https://www.democracydocket.com/wp-content/uploads/2021/08/icon_state-newyork-01-1.png,"de Gaudemar v. Kosinski",2022-05-02,2022-05-11,"Lawsuit filed on behalf of voters over New York’s congressional districts and upcoming primary elections.",false,false,false,true,false,false,false,Decided
Georgia,https://www.democracydocket.com/wp-content/uploads/2021/08/icon_state-georgia-01-1.png,"Perdue v. Barron",2021-12-09,2022-05-11,"Lawsuit filed by David Perdue and a Georgia voter raising repeatedly-debunked claims of voter fraud during the 2020 presidential election.",false,false,true,false,false,false,true,Decided
Wisconsin,https://www.democracydocket.com/wp-content/uploads/2021/08/icon_state-wisconsin-01-1.png,"Black Leaders Organizing for Communities v. Spindell",2021-08-23,2022-05-05,"Lawsuit challenging Wisconsin’s legislative maps following the release of 2020 census data.",false,false,false,true,false,false,false,Decided
Wisconsin,https://www.democracydocket.com/wp-content/uploads/2021/08/icon_state-wisconsin-01-1.png,"Hunter v. Bostelmann",2021-08-13,2022-05-05,"Democratic lawsuit challenging Wisconsin’s congressional and legislative district maps following the release of 2020 census data.",false,false,false,true,false,false,false,Decided
Nevada,https://www.democracydocket.com/wp-content/uploads/2021/08/icon_state-nevada-01-1.png,"Jeng v. Cegavske",2022-02-18,2022-05-04,"Lawsuit filed on behalf of a Nevada voter challenging a Republican-led ballot initiative seeking to restrict mail-in voting across the state.",true,false,false,false,false,false,false,Decided
Georgia,https://www.democracydocket.com/wp-content/uploads/2021/08/icon_state-georgia-01-1.png,"Vote.org v. Georgia State Election Board",2022-05-02,undefined,"Lawsuit challenging Georgia’s wet signature requirement for absentee ballot applications.",false,false,false,false,false,true,false,Filed
New York,https://www.democracydocket.com/wp-content/uploads/2021/08/icon_state-newyork-01-1.png,"Harkenrider v. Hochul",2022-02-03,2022-04-27,"Lawsuit filed on behalf of a group of Republican voters against New York’s new congressional map enacted following the release of 2020 census data.",false,false,false,true,false,false,false,Decided
Nevada,https://www.democracydocket.com/wp-content/uploads/2021/08/icon_state-nevada-01-1.png,"Persaud-Zamora v. Cegavske",2022-02-18,2022-04-26,"Lawsuit filed on behalf of a Nevada voter challenging a Republican-led ballot initiative seeking to add strict photo ID requirements for in-person and mail-in voting in Nevada.",true,false,false,false,false,false,true,Decided
Mississippi,https://www.democracydocket.com/wp-content/uploads/2021/08/icon_state-mississippi-01-1.png,"White v. State Board of Election Commissioners",2022-04-25,undefined,"Lawsuit filed on behalf of Black Mississippians challenging the districts used for electing justices to the Mississippi Supreme Court.",false,false,false,true,false,false,false,Filed
Florida,https://www.democracydocket.com/wp-content/uploads/2021/08/icon_state-florida-01-1.png,"Black Voters Matter Capacity Building Institute v. Byrd",2022-04-22,undefined,"Lawsuit filed on behalf of multiple civil rights organizations and individual voters challenging Florida’s new congressional map.",false,false,false,true,false,false,false,Appealed
Wisconsin,https://www.democracydocket.com/wp-content/uploads/2021/08/icon_state-wisconsin-01-1.png,"Johnson v. Wisconsin Elections Commission",2021-08-23,2022-04-15,"Conservative lawsuit challenging Wisconsin’s congressional and legislative district maps following the release of 2020 census data.",false,false,false,true,false,false,false,Decided
Texas,https://www.democracydocket.com/wp-content/uploads/2021/08/icon_state-texas-01-1.png,"Dickinson Bay Area Branch NAACP v. Galveston County",2022-04-14,undefined,"Lawsuit filed by Dickinson Bay Area Branch NAACP and others over how new districts for Galveston County’s Commissioners Court are drawn.",false,false,false,true,false,false,false,Filed
Maryland,https://www.democracydocket.com/wp-content/uploads/2021/08/icon_state-maryland-01.png,"In re: 2022 Legislative Districting of the State",2022-02-09,2022-04-13,"Lawsuit filed on behalf of three Republican House of Delegates members challenging Maryland’s new legislative maps.",false,false,false,true,false,false,true,Decided
Florida,https://www.democracydocket.com/wp-content/uploads/2021/08/icon_state-florida-01-1.png,"Arteaga v. Lee",2022-03-11,2022-04-11,"Lawsuit filed in state court on behalf of Florida voters over the state’s imminent failure to enact a new congressional map following the release of 2020 census data.",false,false,false,true,false,false,false,Decided
Colorado,https://www.democracydocket.com/wp-content/uploads/2021/08/icon_state-colorado-01-1.png,"PARABLE v. Griswold",2022-02-24,2022-04-08,"Lawsuit challenging Colorado’s open primary election system, which allows unaffiliated voters to cast a ballot in any party’s primary.",true,false,false,false,false,false,true,Decided
Arizona,https://www.democracydocket.com/wp-content/uploads/2021/08/icon_state-arizona-01-1.png,"Arizona Republican Party v. Hobbs",2022-02-25,2022-04-05,"Lawsuit filed on behalf of the Arizona Republican Party and a Republican voter filed a lawsuit challenging the state’s mail-in voting laws.",false,false,false,false,false,true,true,Decided
Maryland,https://www.democracydocket.com/wp-content/uploads/2021/08/icon_state-maryland-01.png,"Parrott v. Lamone",2021-12-21,2022-04-04,"Lawsuit filed by the conservative group Judicial Watch on behalf of a group of Republican voters challenging Maryland’s new congressional map drawn with 2020 census data.",false,false,false,true,false,false,false,Decided
Maryland,https://www.democracydocket.com/wp-content/uploads/2021/08/icon_state-maryland-01.png,"Szeliga v. Lamone",2021-12-23,2022-04-04,"Lawsuit filed on behalf of two Republican House of Delegates members and multiple Republican voters challenging Maryland’s new congressional map drawn with 2020 census data.",false,false,false,true,false,false,false,Decided
Arizona,https://www.democracydocket.com/wp-content/uploads/2021/08/icon_state-arizona-01-1.png,"Mi Familia Vota v. Fontes",2022-03-31,undefined,"Lawsuit filed on behalf of Mi Familia Vota challenging Arizona’s newly-passed voter suppression law, House Bill 2492.",false,false,false,false,true,false,false,Filed
Arizona,https://www.democracydocket.com/wp-content/uploads/2021/08/icon_state-arizona-01-1.png,"Living United for Change in Arizona v. Hobbs",2022-03-31,undefined,"Lawsuit filed on behalf of Living United for Change in Arizona and other organizations challenging Arizona’s restrictive new proof of citizenship law, House Bill 2492.",false,false,false,false,true,false,false,Filed
Louisiana,https://www.democracydocket.com/wp-content/uploads/2021/08/icon_state-louisiana-01-1.png,"Ardoin v. Robinson",2022-03-30,undefined,"Lawsuit filed on behalf of voters and civil rights groups challenging Louisiana’s new congressional map.",false,false,false,true,false,false,false,Filed
Louisiana,https://www.democracydocket.com/wp-content/uploads/2021/08/icon_state-louisiana-01-1.png,"Galmon v. Ardoin",2022-03-30,undefined,"Lawsuit filed on behalf of a group of Black voters against Louisiana’s new congressional map.",false,false,false,true,false,false,false,Filed
Louisiana,https://www.democracydocket.com/wp-content/uploads/2021/08/icon_state-louisiana-01-1.png,"Bullman v. Ardoin",2022-03-10,2022-03-30,"Lawsuit brought by individual voters challenging Louisiana’s 2010 congressional map after Gov. John Bel Edwards (D) vetoed the new map.",false,false,false,true,false,false,false,Decided
Louisiana,https://www.democracydocket.com/wp-content/uploads/2021/08/icon_state-louisiana-01-1.png,"NAACP Louisiana State Conference v. Ardoin",2022-03-15,2022-03-30,"Lawsuit filed on behalf of the Louisiana State Conference of the NAACP and others challenging Louisiana’s 2010 congressional map following the release of 2020 census data.",false,false,false,true,false,false,false,Decided
Missouri,https://www.democracydocket.com/wp-content/uploads/2021/08/icon_state-missouri-01-2.png,"Berry v. Missouri",2022-03-08,2022-03-28,"Lawsuit filed in state court on behalf of a Republican challenging Missouri’s 2010 congressional map following the release of 2020 census data.",false,false,false,true,false,false,false,Decided
New Mexico,https://www.democracydocket.com/wp-content/uploads/2021/08/icon_state-newmexico-01-1.png,"Voter Reference Foundation v. Balderas",2022-03-28,undefined,"Lawsuit brought by the conservative group Voter Reference Foundation and a New Mexico resident challenging New Mexico’s ability to criminally prosecute the group for violating New Mexico statutes protecting voter data.",false,false,false,false,true,false,false,Filed
Pennsylvania,https://www.democracydocket.com/wp-content/uploads/2021/08/icon_state-pennslyvania-01-1.png,"Toth Jr. v. Chapman",2022-02-11,2022-03-28,"Lawsuit filed on behalf of four Republicans challenging the state court system’s ability to draw new districts after the Legislature failed to do so.",false,false,false,true,false,false,true,Decided
Michigan,https://www.democracydocket.com/wp-content/uploads/2021/08/icon_state-michigan-01-1.png,"League of Women Voters of Michigan v. Independent Citizens Redistricting Commission",2022-02-01,2022-03-25,"Lawsuit filed in the Michigan Supreme Court against the state’s new districts for the Michigan House of Representatives.",false,false,false,true,false,false,false,Decided
Texas,https://www.democracydocket.com/wp-content/uploads/2021/08/icon_state-texas-01-1.png,"United States v. Galveston County",2022-03-24,undefined,"Lawsuit filed by the U.S. Department of Justice against Galveston County, Texas, over how new districts for its Commissioners Court are drawn.",false,false,false,true,false,false,false,Filed
Ohio,https://www.democracydocket.com/wp-content/uploads/2021/08/icon_state-ohio-01-1.png,"Simon v. DeWine",2021-12-01,2022-03-23,"Lawsuit challenging the Ohio’s new congressional and state Senate maps drawn with 2020 census data.",false,false,false,true,false,false,false,Decided
Michigan,https://www.democracydocket.com/wp-content/uploads/2021/08/icon_state-michigan-01-1.png,"Agee v. Benson",2022-03-23,undefined,"Lawsuit filed on behalf of Black voters against the Michigan’s new legislative maps.",false,false,false,true,false,false,false,Filed
Utah,https://www.democracydocket.com/wp-content/uploads/2021/08/icon_state-utah-01-1.png,"League of Women Voters of Utah v. Utah State Legislature",2022-03-17,undefined,"Lawsuit challenging Utah’s new congressional map following the release of 2020 census data.",false,false,false,true,false,false,false,Appealed
Hawaii,https://www.democracydocket.com/wp-content/uploads/2021/08/icon_state-hawaii-01-1.png,"Hicks v. Hawaii Reapportionment Commission",2022-02-23,2022-03-16,"Lawsuit filed in the Hawaii Supreme Court on behalf of Hawaii voters challenging the state’s new legislative maps.",false,false,false,true,false,false,false,Decided
Washington,https://www.democracydocket.com/wp-content/uploads/2021/08/icon_state-washington-01.png,"Garcia v. Hobbs",2022-03-15,undefined,"Lawsuit filed on behalf of a voter challenging Washington state’s new legislative map drawn with 2020 census data.",false,false,false,true,false,false,false,Appealed
Louisiana,https://www.democracydocket.com/wp-content/uploads/2021/08/icon_state-louisiana-01-1.png,"Nairne v. Ardoin",2022-03-14,undefined,"Lawsuit filed in federal court on behalf of Black voters and civil rights organizations against Louisiana’s newly enacted legislative maps.",false,false,false,true,false,false,false,Filed
Florida,https://www.democracydocket.com/wp-content/uploads/2021/08/icon_state-florida-01-1.png,"Common Cause Florida v. Byrd",2022-03-11,undefined,"Lawsuit filed in federal court challenging the state’s current congressional map following the release of 2020 census data.",false,false,false,true,false,false,false,Filed
Colorado,https://www.democracydocket.com/wp-content/uploads/2021/08/icon_state-colorado-01-1.png,"CO MT WY State Area Conference of the NAACP v. U.S. Election Integrity Plan",2022-03-09,undefined,"Lawsuit filed against the United States Election Integrity Plan challenging the group’s voter intimidation practices.",true,false,false,false,false,false,false,Filed
Arkansas,https://www.democracydocket.com/wp-content/uploads/2021/08/icon_state-arkansas-01-1.png,"Simpson v. Hutchinson",2022-03-07,undefined,"Lawsuit filed on behalf of a group of Black Arkansas voters challenging the state’s new congressional map.",false,false,false,true,false,false,false,Appealed
Kansas,https://www.democracydocket.com/wp-content/uploads/2021/08/icon_state-kansas-01-1.png,"Schwab v. Klapper",2022-02-18,2022-03-04,"Lawsuit filed by Kansas Attorney General Derek Schmidt (R) in the Kansas Supreme Court asking it to block two lawsuits challenging the state’s new congressional districts.",false,false,false,true,false,false,true,Decided
Florida,https://www.democracydocket.com/wp-content/uploads/2021/08/icon_state-florida-01-1.png,"In re: Joint Resolution of Legislative Apportionment",2022-01-31,2022-03-03,"Proceedings before the Florida Supreme Court to determine the validity of the state’s legislative districts.",false,false,false,true,false,false,false,Decided
Georgia,https://www.democracydocket.com/wp-content/uploads/2021/08/icon_state-georgia-01-1.png,"Wood v. Raffensperger",2020-12-18,2022-02-28,"Republican lawsuit challenging multiple aspects of the 2021 Georgia Senate runoff elections.",true,false,false,false,false,true,true,Decided
Tennessee,https://www.democracydocket.com/wp-content/uploads/2021/08/icon_state-tennessee-01-1.png,"Moore v. Lee",2022-02-23,undefined,"Lawsuit filed on behalf of Democratic voters challenging Tennessee’s new state House and Senate maps drawn with 2020 census data.",false,false,false,true,false,false,false,Filed
Alabama,https://www.democracydocket.com/wp-content/uploads/2021/08/icon_state-alabama-01-1.png,"Greater Birmingham Ministries v. Merrill",2022-02-22,undefined,"Lawsuit filed by Greater Birmingham Ministries against Alabama Secretary of State John Merrill (R) due to his refusal to produce records of voters who were purged.",true,false,false,false,true,false,false,Appealed
Ohio,https://www.democracydocket.com/wp-content/uploads/2021/08/icon_state-ohio-01-1.png,"Gonidakis v. Ohio Redistricting Commission",2022-02-18,undefined,"Lawsuit filed in federal court on behalf of Ohio voters after the Ohio Redistricting Commission failed to adopt new legislative districts.",false,false,false,true,false,false,false,Appealed
Michigan,https://www.democracydocket.com/wp-content/uploads/2021/08/icon_state-michigan-01-1.png,"Detroit Caucus v. Michigan Independent Citizens Redistricting Commission",2022-01-05,2022-02-16,"Lawsuit challenging Michigan’s new legislative and congressional maps passed following the release of 2020 census data.",false,false,false,true,false,false,false,Decided
Alaska,https://www.democracydocket.com/wp-content/uploads/2021/08/icon_state-alaska-01-1.png,"Wilson v. Alaska Redistricting Board",2021-12-09,2022-02-15,"Lawsuit challenging the process and outcome of Alaska’s recent round of legislative redistricting following the release of 2020 census data.",false,false,false,true,false,false,true,Decided
Minnesota,https://www.democracydocket.com/wp-content/uploads/2021/08/icon_state-minnesota-01-1.png,"Sachs v. Simon",2021-04-26,2022-02-15,"Lawsuit challenging Minnesota’s legislative and congressional maps drawn with 2020 census data.",false,false,false,true,false,false,true,Decided
Texas,https://www.democracydocket.com/wp-content/uploads/2021/08/icon_state-texas-01-1.png,"Petteway v. Galveston County",2022-02-15,undefined,"Lawsuit filed on behalf of Galveston County voters challenging the 2021 enacted redistricting plan for the county’s Commissioners Court precincts.",false,false,false,true,false,false,false,Appealed
Alaska,https://www.democracydocket.com/wp-content/uploads/2021/08/icon_state-alaska-01-1.png,"Calista Corp. v. Alaska Redistricting Board",2021-12-10,2022-02-15,"Lawsuit filed on behalf of Calista Corporation, a regional Native corporation, and two residents of the Calista region against the Alaska Redistricting Board challenging the state’s new legislative maps.",false,false,false,true,false,false,true,Decided
Georgia,https://www.democracydocket.com/wp-content/uploads/2021/08/icon_state-georgia-01-1.png,"Whiteside v. Raffensperger",2021-08-31,2022-02-11,"Lawsuit challenging Georgia voter suppression law S.B. 202.",false,true,false,false,false,false,false,Decided
Idaho,https://www.democracydocket.com/wp-content/uploads/2021/08/icon_state-idaho-01.png,"Pentico v. Idaho Commission for Reapportionment",2021-12-15,2022-02-11,"Lawsuit filed on behalf of a voter challenging Idaho’s redistricting process and the resulting congressional map.",false,false,false,true,false,false,false,Decided
Florida,https://www.democracydocket.com/wp-content/uploads/2021/08/icon_state-florida-01-1.png,"In re: Advisory Opinion to the Governor",2022-02-01,2022-02-10,"Florida Gov. Ron DeSantis (R) asked the Florida Supreme Court to issue an advisory opinion clarifying the permissible use of race in the state’s congressional redistricting process.",false,false,false,true,false,false,true,Decided
North Dakota,https://www.democracydocket.com/wp-content/uploads/2021/08/icon_state-northdakota-01.png,"Turtle Mountain Band of Chippewa Indians v. Jaeger",2022-02-07,undefined,"Lawsuit filed on behalf of the Turtle Mountain Band of Chippewa Indians, Spirit Lake Tribe and individual Native American voters challenging North Dakota’s new legislative districts.",false,false,false,true,false,false,false,Filed
Montana,https://www.democracydocket.com/wp-content/uploads/2021/08/icon_state-montana-01-1.png,"Forward Montana v. Montana",2021-06-01,2022-02-03,"Lawsuit challenging a Montana voter suppression law.",false,false,false,false,true,false,true,Decided
New Jersey,https://www.democracydocket.com/wp-content/uploads/2021/08/icon_state-newjersey-01-1.png,"Steinhardt v. New Jersey Redistricting Commission",2021-12-30,2022-02-03,"Lawsuit filed by New Jersey Republicans challenging the process by which the New Jersey Congressional Redistricting Commission adopted a new congressional map.",false,false,false,true,false,false,true,Decided
Louisiana,https://www.democracydocket.com/wp-content/uploads/2021/08/icon_state-louisiana-01-1.png,"Berni v. Ardoin",2021-04-26,2022-02-02,"Lawsuit challenging Louisiana’s congressional district map after the 2020 census.",false,false,false,true,false,false,false,Decided
Idaho,https://www.democracydocket.com/wp-content/uploads/2021/08/icon_state-idaho-01.png,"Durst v. Idaho Commission for Reapportionment",2021-11-10,2022-01-27,"Lawsuit filed on behalf of a former Republican legislator challenging Idaho’s legislative map drawn with 2020 census data.",false,false,false,true,false,false,false,Decided
Idaho,https://www.democracydocket.com/wp-content/uploads/2021/08/icon_state-idaho-01.png,"Allan v. Idaho Commission for Reapportionment",2021-12-16,2022-01-27,"Lawsuit filed on behalf of members of the Coeur d’Alene and the Shoshone-Bannock Tribes challenging Idaho’s legislative map drawn with 2020 census data.",false,false,false,true,false,false,false,Decided
Idaho,https://www.democracydocket.com/wp-content/uploads/2021/08/icon_state-idaho-01.png,"Stucki v. Idaho Commission for Reapportionment",2021-12-01,2022-01-27,"Lawsuit filed by an Idaho voter challenging Idaho’s legislative map drawn with 2020 census data.",false,false,false,true,false,false,false,Decided
Kentucky,https://www.democracydocket.com/wp-content/uploads/2021/08/icon_state-kentucky-01.png,"Graham v. Adams",2022-01-20,undefined,"Lawsuit filed on behalf of a group of voters and the Kentucky Democratic Party challenging Kentucky’s new state House and congressional maps.",false,false,false,true,false,false,false,Appealed
Washington,https://www.democracydocket.com/wp-content/uploads/2021/08/icon_state-washington-01.png,"Soto Palmer v. Hobbs",2022-01-19,undefined,"Lawsuit filed on behalf of a group of Washington voters and a nonprofit organization against the state’s proposed legislative map drawn following the release of 2020 census data.",false,false,false,true,false,false,false,Appealed
Ohio,https://www.democracydocket.com/wp-content/uploads/2021/08/icon_state-ohio-01-1.png,"League of Women Voters of Ohio v. Ohio Redistricting Commission",2021-11-30,2022-01-14,"Lawsuit challenging Ohio’s new congressional map for being an extreme partisan gerrymander in favor of Republicans.",false,false,false,true,false,false,true,Decided
Ohio,https://www.democracydocket.com/wp-content/uploads/2021/08/icon_state-ohio-01-1.png,"Adams v. DeWine",2021-11-22,2022-01-14,"Lawsuit challenging Ohio’s new congressional map for being an extreme partisan gerrymander in favor of Republicans.",false,false,false,true,false,false,true,Decided
Georgia,https://www.democracydocket.com/wp-content/uploads/2021/08/icon_state-georgia-01-1.png,"Grant v. Raffensperger",2022-01-11,undefined,"Lawsuit filed on behalf of a group of voters challenging Georgia’s new legislative districts.",false,false,false,true,false,false,false,Appealed
New York,https://www.democracydocket.com/wp-content/uploads/2021/08/icon_state-newyork-01-1.png,"Fossella v. Adams",2022-01-10,undefined,"Lawsuit filed on behalf of a group of Republican voters and officials representing New York at the local and federal levels challenging New York City’s new noncitizen voting law.",false,false,false,false,true,false,false,Appealed
Georgia,https://www.democracydocket.com/wp-content/uploads/2021/08/icon_state-georgia-01-1.png,"Common Cause v. Raffensperger",2022-01-07,undefined,"Lawsuit filed on behalf of Common Cause, the League of Women Voters of Georgia and individual voters challenging Georgia’s new congressional map.",false,false,false,true,false,false,false,Filed
Georgia,https://www.democracydocket.com/wp-content/uploads/2021/08/icon_state-georgia-01-1.png,"Pendergrass v. Raffensperger",2021-12-30,undefined,"Lawsuit challenging Georgia’s new congressional map for diluting the voting power of Georgians of color, particularly Black Georgians.",false,false,false,true,false,false,false,Appealed
Georgia,https://www.democracydocket.com/wp-content/uploads/2021/08/icon_state-georgia-01-1.png,"Georgia State Conference of the NAACP v. Georgia",2021-12-30,undefined,"Lawsuit filed on behalf of Georgia State Conference of the NAACP, Georgia Coalition for the People’s Agenda and Galeo Latino Community Development Fund against Georgia’s new legislative and congressional maps.",false,false,false,true,false,false,false,Filed
Georgia,https://www.democracydocket.com/wp-content/uploads/2021/08/icon_state-georgia-01-1.png,"Alpha Phi Alpha Fraternity Inc. v. Raffensperger",2021-12-30,undefined,"Lawsuit filed on behalf of Alpha Phi Alpha Fraternity, Sixth District of the African Methodist Episcopal Church and Georgia voters against the state’s new legislative districts.",false,false,false,true,false,false,false,Appealed
Illinois,https://www.democracydocket.com/wp-content/uploads/2021/08/icon_state-illinois-01-1.png,"East St. Louis Branch NAACP v. Illinois State Board of Elections",2021-10-15,2021-12-30,"Lawsuit filed on behalf of the East St. Louis Branch NAACP, Illinois State Conference of the NAACP and the United Congress of Community and Religious Organizations challenging new state House districts.",false,false,false,true,false,false,false,Decided
Illinois,https://www.democracydocket.com/wp-content/uploads/2021/08/icon_state-illinois-01-1.png,"Contreras v. Illinois State Board of Elections",2021-06-10,2021-12-30,"Lawsuit challenging the 2021 legislative maps signed into law in Illinois.",false,false,false,true,false,false,false,Decided
Illinois,https://www.democracydocket.com/wp-content/uploads/2021/08/icon_state-illinois-01-1.png,"McConchie v. Illinois State Board of Elections",2021-06-09,2021-12-30,"Lawsuit challenging the 2021 redistricting maps signed into law in Illinois.",false,false,false,true,false,false,false,Decided
Virginia,https://www.democracydocket.com/wp-content/uploads/2021/08/icon_state-virginia-01-1.png,"In re: Decennial Redistricting Pursuant to the Constitution of Virginia",2021-11-12,2021-12-28,"Tracking the Supreme Court of Virginia’s process of drawing new congressional districts after the state’s commission failed to do so.",false,false,false,true,false,false,false,Decided
Georgia,https://www.democracydocket.com/wp-content/uploads/2021/08/icon_state-georgia-01-1.png,"In re: Georgia Senate Bill 202",2021-12-22,undefined,"Consolidated lawsuit consisting of six lawsuits against Georgia’s voter suppression law, Senate Bill 202.",false,true,false,false,false,true,false,Filed
The should-be state of District of Columbia,https://www.democracydocket.com/wp-content/uploads/2021/08/icon_state-washdc-01-1.png,"NAACP v. U.S. Postal Service",2020-08-20,2021-12-21,"Lawsuit filed on behalf of the NAACP against the U.S. Postal Service to address vote by mail ahead of the 2020 presidential election.",false,false,false,false,false,true,true,Decided
Michigan,https://www.democracydocket.com/wp-content/uploads/2021/08/icon_state-michigan-01-1.png,"Detroit News, Inc. v. Independent Citizens Redistricting Commission",2021-12-07,2021-12-20,"Lawsuit filed on behalf of multiple Michigan-based news organizations against Michigan’s Independent Citizens Redistricting Commission.",false,false,false,true,false,false,true,Decided
Texas,https://www.democracydocket.com/wp-content/uploads/2021/08/icon_state-texas-01-1.png,"Fischer v. Abbott",2021-12-13,undefined,"Lawsuit filed on behalf of Texas House Rep. Trey Martinez Fischer (D) against Texas’ new congressional map drawn with 2020 census data.",false,false,false,true,false,false,false,Filed
Alaska,https://www.democracydocket.com/wp-content/uploads/2021/08/icon_state-alaska-01-1.png,"Valdez v. Alaska Redistricting Board",2021-12-10,undefined,"Lawsuit filed on behalf of the city of Valdez and one of its residents against the Alaska Redistricting Board challenging Alaska’s new legislative districts.",false,false,false,true,false,false,false,Appealed
Alaska,https://www.democracydocket.com/wp-content/uploads/2021/08/icon_state-alaska-01-1.png,"Skagway Borough v. Alaska Redistricting Board",2021-12-10,undefined,"Lawsuit filed on behalf of the municipality of Skagway Borough and one of its residents against the Alaska Redistricting Board challenging the state’s new legislative districts.",false,false,false,true,false,false,false,Appealed
Wisconsin,https://www.democracydocket.com/wp-content/uploads/2021/08/icon_state-wisconsin-01-1.png,"Common Cause v. Thomsen",2019-04-23,2021-12-09,"Lawsuit filed by Common Cause challenging Wisconsin’s strict requirements for eligible student IDs.",false,true,false,false,false,false,false,Decided
Arizona,https://www.democracydocket.com/wp-content/uploads/2021/08/icon_state-arizona-01-1.png,"Arizona Democratic Party v. Hobbs",2020-06-10,2021-12-08,"Democratic lawsuit challenging Arizona’s failure to provide cure opportunities for alleged signature mismatches on mail-in ballots.",false,false,false,false,false,true,false,Decided
North Carolina,https://www.democracydocket.com/wp-content/uploads/2021/08/icon_state-northcarolina-01-1.png,"North Carolina NAACP v. Berger",2021-10-29,2021-12-08,"Lawsuit challenging the North Carolina Legislature’s map-drawing process for new state House and Senate maps following the release of 2020 census data.",false,false,false,true,false,false,false,Decided
The should-be state of District of Columbia,https://www.democracydocket.com/wp-content/uploads/2021/08/icon_state-washdc-01-1.png,"Public Interest Legal Foundation v. Evans",2021-12-06,undefined,"Lawsuit filed by a conservative legal group, the Public Interest Legal Foundation (PILF), against the executive director of the District of Columbia Board of Elections (DCBOE) alleging that Washington, D.C. is violating the Public Disclosure Provision of the National Voter Registration Act (NVRA).",true,false,false,false,true,false,false,Filed
Texas,https://www.democracydocket.com/wp-content/uploads/2021/08/icon_state-texas-01-1.png,"United States v. Texas",2021-12-06,undefined,"Lawsuit filed by the U.S. Department of Justice against Texas challenging its new state House and congressional maps following the release of 2020 census data.",false,false,false,true,false,false,false,Filed
Alaska,https://www.democracydocket.com/wp-content/uploads/2021/08/icon_state-alaska-01-1.png,"Matanuska-Susitna Borough v. Alaska Redistricting Board",2021-12-02,undefined,"Lawsuit brought by Matanuska-Susitna Borough challenging Alaska’s newly-drawn state House districts following the release of 2020 census data.",false,false,false,true,false,false,false,Appealed
North Carolina,https://www.democracydocket.com/wp-content/uploads/2021/08/icon_state-northcarolina-01-1.png,"Harper v. Lewis",2019-09-27,2021-12-01,"Lawsuit challenging North Carolina’s congressional map as a partisan gerrymander.",false,false,false,true,false,false,true,Decided
Oregon,https://www.democracydocket.com/wp-content/uploads/2021/08/icon_state-oregon-01-1.png,"Clarno v. Fagan",2021-10-11,2021-11-24,"Lawsuit filed on behalf of four Republican former elected officials challenging Oregon’s new congressional map drawn with 2020 census data.",false,false,false,true,false,false,true,Decided
Oregon,https://www.democracydocket.com/wp-content/uploads/2021/08/icon_state-oregon-01-1.png,"Calderwood v. Oregon Legislative Assembly",2021-10-25,2021-11-22,"Lawsuit filed on behalf of two Oregon Republican voters challenging Oregon’s new legislative districts drawn with 2020 census data.",false,false,false,true,false,false,true,Decided
Oregon,https://www.democracydocket.com/wp-content/uploads/2021/08/icon_state-oregon-01-1.png,"Sheehan v. Oregon Legislative Assembly",2021-10-25,2021-11-22,"Lawsuit filed on behalf of a former Republican state legislator and Republican voter challenging Oregon’s new legislative districts drawn with 2020 census data.",false,false,false,true,false,false,true,Decided
Texas,https://www.democracydocket.com/wp-content/uploads/2021/08/icon_state-texas-01-1.png,"Wilson v. Texas",2021-10-18,2021-11-19,"Lawsuit filed on behalf of an individual currently incarcerated in a Texas prison challenging the state’s practice of prison gerrymandering and the new congressional map.",false,false,false,true,false,false,false,Decided
Colorado,https://www.democracydocket.com/wp-content/uploads/2021/08/icon_state-colorado-01-1.png,"Public Interest Legal Foundation v. Griswold",2021-11-16,undefined,"Lawsuit filed by a conservative legal group, the Public Interest Legal Foundation (PILF), against Colorado Secretary of State Jena Griswold (D) for allegedly violating the Public Disclosure Provision of the National Voter Registration ACT (NVRA).",true,false,false,false,true,false,false,Filed
Virginia,https://www.democracydocket.com/wp-content/uploads/2021/08/icon_state-virginia-01-1.png,"Democratic Party of Virginia v. Veal",2021-10-22,2021-11-16,"Lawsuit filed on behalf of the Democratic Party of Virginia against USPS over its failure to process and deliver election-related mail in a timely manner.",false,false,false,false,false,true,true,Decided
North Carolina,https://www.democracydocket.com/wp-content/uploads/2021/08/icon_state-northcarolina-01-1.png,"North Carolina League of Conservation Voters v. Hall",2021-11-16,undefined,"Lawsuit filed on behalf of the North Carolina League of Conservation Voters (NCLCV) and a group of voters against the state’s new legislative and congressional maps drawn with 2020 census data.",false,false,false,true,false,false,false,Appealed
Alabama,https://www.democracydocket.com/wp-content/uploads/2021/08/icon_state-alabama-01-1.png,"Chandler v. Allen",2021-11-16,undefined,"Lawsuit challenging Alabama’s new state House and Senate districts passed following the release of 2020 census data.",false,false,false,true,false,false,false,Filed
Texas,https://www.democracydocket.com/wp-content/uploads/2021/08/icon_state-texas-01-1.png,"Fair Maps Texas Action Committee v. Abbott",2021-11-16,undefined,"Lawsuit challenging the Texas’ new legislative and congressional districts passed following the release of 2020 census data.",false,false,false,true,false,false,false,Filed
Colorado,https://www.democracydocket.com/wp-content/uploads/2021/08/icon_state-colorado-01-1.png,"In re: Colorado Independent Legislative Redistricting Commission",2021-10-15,2021-11-15,"Petition filed in the Colorado Supreme Court by Colorado’s Independent Legislative Redistricting Commission to begin the review process of legislative maps required by the Colorado Constitution.",false,false,false,true,false,false,false,Decided
Texas,https://www.democracydocket.com/wp-content/uploads/2021/08/icon_state-texas-01-1.png,"Texas State Conference of the NAACP v. Abbott",2021-11-05,undefined,"Lawsuit filed on behalf of the Texas State Conference of the NAACP challenging Texas’ new legislative and congressional maps passed following the release of 2020 census data.",false,false,false,true,false,false,false,Filed
Texas,https://www.democracydocket.com/wp-content/uploads/2021/08/icon_state-texas-01-1.png,"United States v. Texas",2021-11-04,undefined,"Lawsuit filed by the U.S. Department of Justice (DOJ) challenging Texas’ voter suppression bill, Senate Bill 1.",false,true,false,false,false,true,false,Filed
Alabama,https://www.democracydocket.com/wp-content/uploads/2021/08/icon_state-alabama-01-1.png,"Allen v. Milligan",2021-11-04,undefined,"Lawsuit decided by the U.S. Supreme Court regarding a challenge to Alabama’s congressional map drawn with 2020 census data under Section 2 of the Voting Rights Act.",false,false,false,true,false,false,false,Filed
Texas,https://www.democracydocket.com/wp-content/uploads/2021/08/icon_state-texas-01-1.png,"Brooks v. Abbott",2021-11-03,undefined,"Lawsuit filed on behalf of a group of Texas voters and state Sen. Beverly Powell (D) against Texas’ newly-passed state Senate map.",false,false,false,true,false,false,false,Filed
Texas,https://www.democracydocket.com/wp-content/uploads/2021/08/icon_state-texas-01-1.png,"Mexican American Legislative Caucus v. Abbott",2021-11-03,undefined,"Lawsuit filed by MALC in state court challenging how new Texas House districts are drawn.",false,false,false,true,false,false,false,Filed
Michigan,https://www.democracydocket.com/wp-content/uploads/2021/08/icon_state-michigan-01-1.png,"Public Interest Legal Foundation v. Benson",2021-11-03,undefined,"Lawsuit filed on behalf of the Public Interest Legal Foundation claiming that Michigan does not maintain accurate voter rolls and thousands of voters must be purged from its lists.",true,false,false,false,true,false,false,Filed
Texas,https://www.democracydocket.com/wp-content/uploads/2021/08/icon_state-texas-01-1.png,"Mexican American Legislative Caucus v. Texas",2021-11-03,undefined,"Lawsuit filed by MALC challenging Texas’ new congressional, state House and state board of education maps drawn with 2020 census data.",false,false,false,true,false,false,false,Filed
Indiana,https://www.democracydocket.com/wp-content/uploads/2021/08/icon_state-indiana-01-1.png,"League of Women Voters of Indiana v. Sullivan",2017-08-23,2021-11-02,"Consolidated lawsuit challenging an Indiana law about voter registration cancellation.",true,false,false,false,true,false,true,Decided
Colorado,https://www.democracydocket.com/wp-content/uploads/2021/08/icon_state-colorado-01-1.png,"In re: Colorado Independent Congressional Redistricting Commission",2021-07-13,2021-11-01,"Petition filed in the Colorado Supreme Court by Colorado’s Independent Congressional Redistricting Commission to begin the congressional review process required by the Colorado Constitution.",false,false,false,true,false,false,false,Decided
Florida,https://www.democracydocket.com/wp-content/uploads/2021/08/icon_state-florida-01-1.png,"Staples v. DeSantis",2021-10-15,2021-10-28,"Lawsuit challenging Gov. Ron DeSantis’ (R) failure to call three special elections to fill vacancies in three majority-Black legislative districts.",true,false,false,false,false,false,true,Decided
Iowa,https://www.democracydocket.com/wp-content/uploads/2021/08/icon_state-iowa-01-1.png,"League of United Latin American Citizens of Iowa v. Pate",2021-10-27,undefined,"Lawsuit filed on behalf of LULAC of Iowa challenging the state’s failure to provide non-English election materials, specifically Spanish language materials, to voters with limited English proficiency.",true,false,false,false,false,false,false,Appealed
Texas,https://www.democracydocket.com/wp-content/uploads/2021/08/icon_state-texas-01-1.png,"Hotze v. Hudspeth",2020-10-27,2021-10-25,"Republican lawsuit challenging drive-thru voting in Harris County, Texas enacted to expand voting opportunities during the COVID-19 pandemic.",false,false,false,false,false,true,true,Decided
Texas,https://www.democracydocket.com/wp-content/uploads/2021/08/icon_state-texas-01-1.png,"Voto Latino v. Scott",2021-10-25,undefined,"Lawsuit challenging Texas’ new congressional map for diluting minority voting strength.",false,false,false,true,false,false,false,Filed
Texas,https://www.democracydocket.com/wp-content/uploads/2021/08/icon_state-texas-01-1.png,"League of United Latin American Citizens v. Abbott",2021-10-18,undefined,"Lawsuit challenging Texas’ congressional, legislative and board of education redistricting plans.",false,false,false,true,false,false,false,Filed
Florida,https://www.democracydocket.com/wp-content/uploads/2021/08/icon_state-florida-01-1.png,"Jones v. DeSantis",2019-06-28,2021-10-18,"Lawsuit challenging Florida’s requirement that individuals with prior felony convictions must pay all related financial obligations before they regain the right to vote.",false,false,false,false,true,false,false,Decided
South Carolina,https://www.democracydocket.com/wp-content/uploads/2021/08/icon_state-southcarolina-01-1.png,"Alexander v. South Carolina NAACP",2021-10-12,undefined,"Lawsuit challenging South Carolina’s current congressional and legislative maps for being malapportioned after the release of 2020 census data.",false,false,false,true,false,false,false,Appealed
Pennsylvania,https://www.democracydocket.com/wp-content/uploads/2021/08/icon_state-pennslyvania-01-1.png,"Carter v. Degraffenreid",2021-04-26,2021-10-08,"Lawsuit about Pennsylvania’s congressional district map following the release of 2020 census data.",false,false,false,true,false,false,false,Decided
Alabama,https://www.democracydocket.com/wp-content/uploads/2021/08/icon_state-alabama-01-1.png,"Singleton v. Allen",2021-09-27,undefined,"Lawsuit challenging Alabama’s congressional map for being malapportioned and a racial gerrymander.",false,false,false,true,false,false,false,Filed
Texas,https://www.democracydocket.com/wp-content/uploads/2021/08/icon_state-texas-01-1.png,"Mi Familia Vota v. Abbott",2021-09-27,undefined,"Lawsuit challenging Texas voter suppression bill S.B. 1.",true,true,false,false,false,true,false,Filed
Montana,https://www.democracydocket.com/wp-content/uploads/2021/08/icon_state-montana-01-1.png,"Montana Federation of Public Employees v. Montana",2021-09-22,undefined,"Lawsuit challenging a Montana law that ends Election Day voter registration.",false,false,false,false,true,false,false,Filed
Virginia,https://www.democracydocket.com/wp-content/uploads/2021/08/icon_state-virginia-01-1.png,"Adkins v. Virginia Redistricting Commission",2021-08-13,2021-09-22,"Lawsuit challenging Virginia’s method of counting prisoners when drawing new districts.",false,false,false,true,false,false,true,Decided
New York,https://www.democracydocket.com/wp-content/uploads/2021/08/icon_state-newyork-01-1.png,"Brooklyn Branch of the NAACP v. Kosinski",2021-09-14,undefined,"Lawsuit challenging New York’s line-warming ban, which prohibits nonpartisan groups from providing food and drink to individuals waiting in line to vote.",false,true,false,false,false,false,false,Filed
Montana,https://www.democracydocket.com/wp-content/uploads/2021/08/icon_state-montana-01-1.png,"Montana Youth Action v. Jacobsen",2021-09-09,undefined,"Lawsuit challenging three Montana voter suppression laws that allegedly target young voters.",false,true,false,false,true,true,false,Appealed
Alabama,https://www.democracydocket.com/wp-content/uploads/2021/08/icon_state-alabama-01-1.png,"Alabama v. U.S. Department of Commerce",2021-03-10,2021-09-09,"Republican lawsuit challenging the Census’ method of producing redistricting data and the delay in delivering data.",false,false,false,true,false,false,true,Decided
Texas,https://www.democracydocket.com/wp-content/uploads/2021/08/icon_state-texas-01-1.png,"LULAC Texas v. Esparza",2021-09-07,undefined,"Lawsuit challenging Texas voter suppression bill S.B. 1.",false,true,false,false,false,true,false,Filed
Texas,https://www.democracydocket.com/wp-content/uploads/2021/08/icon_state-texas-01-1.png,"Texas State Conference of the NAACP v. Abbott",2021-09-07,undefined,"Lawsuit challenging Texas voter suppression bill S.B. 1.",false,true,false,false,false,true,false,Filed
Texas,https://www.democracydocket.com/wp-content/uploads/2021/08/icon_state-texas-01-1.png,"Houston Justice v. Abbott",2021-09-07,undefined,"Lawsuit challenging Texas voter suppression bill S.B. 1.",true,true,false,false,false,true,false,Filed
Texas,https://www.democracydocket.com/wp-content/uploads/2021/08/icon_state-texas-01-1.png,"OCA-Greater Houston v. Esparza",2021-09-03,undefined,"Lawsuit challenging Texas voter suppression law Senate Bill 1.",false,true,false,false,false,true,false,Filed
Texas,https://www.democracydocket.com/wp-content/uploads/2021/08/icon_state-texas-01-1.png,"La Union del Pueblo Entero v. Abbott",2021-09-03,undefined,"Lawsuit challenging Texas voter suppression legislation S.B. 1.",false,true,false,false,true,true,false,Filed
New Jersey,https://www.democracydocket.com/wp-content/uploads/2021/08/icon_state-newjersey-01-1.png,"United States v. Way",2021-08-05,2021-09-02,"Lawsuit filed by the U.S. Department of Justice alleging that New Jersey’s failure to designate certain state-funded transportation offices as voter registration sites violates the National Voter Registration Act.",false,false,false,false,true,false,true,Filed
Michigan,https://www.democracydocket.com/wp-content/uploads/2021/08/icon_state-michigan-01-1.png,"Johnson v. Benson",2020-11-15,2021-08-18,"Conservative lawsuit seeking to block certification of Michigan’s 2020 presidential election results.",false,false,true,false,false,false,true,Decided
Arizona,https://www.democracydocket.com/wp-content/uploads/2021/08/icon_state-arizona-01-1.png,"Mi Familia Vota v. Fontes",2021-08-17,undefined,"Lawsuit challenging two Arizona voter suppression laws regarding early voting rolls and curing mail-in ballots.",false,false,false,false,false,true,false,Filed
Texas,https://www.democracydocket.com/wp-content/uploads/2021/08/icon_state-texas-01-1.png,"Stringer v. Hughs",2016-03-14,2021-08-02,"Lawsuit challenging Texas’ noncompliance with the Motor Voter provisions of the National Voter Registration Act.",false,false,false,false,true,false,true,Decided
Georgia,https://www.democracydocket.com/wp-content/uploads/2021/08/icon_state-georgia-01-1.png,"Daugherty v. Fulton County and Registration Board",2021-01-25,2021-08-02,"Lawsuit challenging certification of Georgia Senate winners after 2021 runoff elections.",false,false,true,false,false,false,true,Decided
New York,https://www.democracydocket.com/wp-content/uploads/2021/08/icon_state-newyork-01-1.png,"United States v. Oneida County Board of Elections",2021-07-12,2021-07-13,"Lawsuit filed by the U.S. Department of Justice (DOJ) against the Oneida County, New York Board of Elections (BOE) challenging election procedures during the 2020 election.",false,true,false,false,true,false,true,Decided
Michigan,https://www.democracydocket.com/wp-content/uploads/2021/08/icon_state-michigan-01-1.png,"In re: Independent Citizens Redistricting Commission",2021-04-20,2021-07-09,"Petition seeking an extension to redraw Michigan legislative and congressional maps.",false,false,false,true,false,false,false,Decided
Texas,https://www.democracydocket.com/wp-content/uploads/2021/08/icon_state-texas-01-1.png,"Vote.org v. Callanen",2021-07-08,undefined,"Lawsuit challenging Texas’s law requiring voter registration applications to include original signatures.",false,false,false,false,true,false,false,Appealed
New Hampshire,https://www.democracydocket.com/wp-content/uploads/2021/08/icon_state-newhampshire-01-1.png,"League of Women Voters of New Hampshire v. Gardner",2017-10-06,2021-07-02,"Lawsuit challenging New Hampshire’s strict voter residency law.",false,false,false,false,true,false,true,Decided
Arizona,https://www.democracydocket.com/wp-content/uploads/2021/08/icon_state-arizona-01-1.png,"Brnovich v. Democratic National Committee",2016-04-15,2021-07-01,"Democratic lawsuit challenging two suppressive voting laws in Arizona.",false,false,false,false,false,true,false,Decided
Wisconsin,https://www.democracydocket.com/wp-content/uploads/2021/08/icon_state-wisconsin-01-1.png,"Fabick v. Wisconsin Elections Commission",2021-03-15,2021-06-25,"Conservative lawsuit seeking to limit absentee voting in Wisconsin ahead of the statewide election in April 2020.",false,false,false,false,false,true,true,Decided
Georgia,https://www.democracydocket.com/wp-content/uploads/2021/08/icon_state-georgia-01-1.png,"United States v. Georgia",2021-06-25,undefined,"Lawsuit challenging Georgia voter suppression law S.B. 202.",false,true,false,false,false,true,false,Filed
Minnesota,https://www.democracydocket.com/wp-content/uploads/2021/08/icon_state-minnesota-01-1.png,"Overby v. Simon",2020-10-29,2021-06-21,"Lawsuit challenging a name replacement for Minnesota’s 2nd Congressional District ballot for the 2020 election.",true,false,false,false,false,false,true,Decided
Arizona,https://www.democracydocket.com/wp-content/uploads/2021/08/icon_state-arizona-01-1.png,"Aguilera v. Richer",2020-11-12,2021-06-15,"Lawsuit filed by the Public Interest Legal Foundation (PILF) — a conservative legal organization — on behalf of two Arizona voters against the Maricopa County recorder challenging Arizona’s use of electronic voting systems and the Arizona Elections Procedure Manual.",false,false,true,false,false,false,false,Decided
Florida,https://www.democracydocket.com/wp-content/uploads/2021/08/icon_state-florida-01-1.png,"Harriet Tubman Freedom Fighters v. Lee",2021-06-14,undefined,"Lawsuit challenging Florida voter suppression law S.B. 90.",false,false,false,false,true,false,false,Filed
Texas,https://www.democracydocket.com/wp-content/uploads/2021/08/icon_state-texas-01-1.png,"Texas Democratic Party v. Hughs",2020-02-14,2021-06-04,"Democratic lawsuit challenging Texas’ prohibition on electronically signed voter registration applications.",false,false,false,false,true,false,false,Decided
Minnesota,https://www.democracydocket.com/wp-content/uploads/2021/08/icon_state-minnesota-01-1.png,"LaRose v. Simon",2020-05-13,2021-06-01,"Lawsuit challenging two restrictive vote by mail laws in Minnesota.",false,false,false,false,false,true,true,Decided
Kansas,https://www.democracydocket.com/wp-content/uploads/2021/08/icon_state-kansas-01-1.png,"League of Women Voters of Kansas v. Schwab",2021-06-01,undefined,"Lawsuit challenging two voter suppression laws in Kansas, House Bill 2183 and House Bill 2332.",false,false,false,false,false,true,false,Appealed
Arkansas,https://www.democracydocket.com/wp-content/uploads/2021/08/icon_state-arkansas-01-1.png,"League of Women Voters of Arkansas v. Thurston",2021-05-19,undefined,"Lawsuit challenging four voter suppression laws Arkansas passed in 2020.",false,true,false,false,false,true,false,Appealed
Florida,https://www.democracydocket.com/wp-content/uploads/2021/08/icon_state-florida-01-1.png,"Florida Rising Together v. Lee",2021-05-17,undefined,"Lawsuit challenging Florida voter suppression law S.B. 90.",false,true,false,false,true,true,false,Filed
Georgia,https://www.democracydocket.com/wp-content/uploads/2021/08/icon_state-georgia-01-1.png,"Coalition for Good Governance v. Raffensperger",2021-05-17,undefined,"Lawsuit challenging Georgia voter suppression law S.B. 202.",false,true,false,false,false,true,false,Filed
Montana,https://www.democracydocket.com/wp-content/uploads/2021/08/icon_state-montana-01-1.png,"Western Native Voice v. Jacobsen",2021-05-17,undefined,"Lawsuit challenging two Montana voter suppression laws.",false,false,false,false,true,true,false,Appealed
Illinois,https://www.democracydocket.com/wp-content/uploads/2021/08/icon_state-illinois-01-1.png,"Oberweis v. Underwood",2021-01-03,2021-05-10,"Republican election contest challenging the election of Rep. Lauren Underwood (IL-14).",false,false,true,false,false,false,true,Decided
Texas,https://www.democracydocket.com/wp-content/uploads/2021/08/icon_state-texas-01-1.png,"Gilby v. Hughs",2019-11-26,2021-05-07,"Democratic lawsuit challenging a Texas law that limits the ability to provide temporary early voting locations.",false,true,false,false,false,false,false,Decided
Florida,https://www.democracydocket.com/wp-content/uploads/2021/08/icon_state-florida-01-1.png,"League of Women Voters of Florida v. Lee",2021-05-06,undefined,"Lawsuit challenging Florida voter suppression law S.B. 90.",false,true,false,false,true,true,false,Filed
Florida,https://www.democracydocket.com/wp-content/uploads/2021/08/icon_state-florida-01-1.png,"Disability Rights Florida v. Lee",2021-05-06,undefined,"Lawsuit challenging Florida voter suppression law S.B. 90.",false,true,false,false,false,true,false,Filed
Arizona,https://www.democracydocket.com/wp-content/uploads/2021/08/icon_state-arizona-01-1.png,"Arizona Democratic Party v. Fann",2021-04-22,2021-05-04,"Democratic lawsuit challenging Arizona’s audit of the 2020 general election results.",false,false,true,false,false,false,true,Decided
Arizona,https://www.democracydocket.com/wp-content/uploads/2021/08/icon_state-arizona-01-1.png,"Burk v. Ducey",2020-12-07,2021-05-03,"Lawsuit seeking to decertify the 2020 presidential election results in Arizona.",false,false,true,false,false,false,true,Decided
Georgia,https://www.democracydocket.com/wp-content/uploads/2021/08/icon_state-georgia-01-1.png,"Concerned Black Clergy v. Raffensperger",2021-04-27,undefined,"Lawsuit challenging Georgia voter suppression law S.B. 202.",false,true,false,false,true,true,false,Filed
Pennsylvania,https://www.democracydocket.com/wp-content/uploads/2021/08/icon_state-pennslyvania-01-1.png,"Bognet v. Boockvar",2020-10-22,2021-04-19,"Republican lawsuit challenging the three-day extension of the ballot receipt deadline in Pennsylvania for the 2020 election.",false,false,false,false,false,true,true,Decided
Montana,https://www.democracydocket.com/wp-content/uploads/2021/08/icon_state-montana-01-1.png,"Montana Democratic Party v. Jacobsen",2021-04-19,undefined,"Lawsuit challenging four Montana voter suppression laws.",false,true,false,false,true,true,false,Appealed
Louisiana,https://www.democracydocket.com/wp-content/uploads/2021/08/icon_state-louisiana-01-1.png,"United States v. City of West Monroe",2021-04-14,2021-04-15,"Lawsuit filed by the U.S. Department of Justice (DOJ) against the mayor of West Monroe, Louisiana, and members of the West Monroe Board of Alderman, the city council, challenging the board’s election method.",false,false,false,true,false,false,true,Decided
Oregon,https://www.democracydocket.com/wp-content/uploads/2021/08/icon_state-oregon-01-1.png,"Oregon ex rel. Kotek v. Fagan",2021-03-10,2021-04-09,"Lawsuit challenging the redistricting deadlines in the Oregon Constitution due to the delayed delivery of census data.",false,false,false,true,false,false,true,Decided
Georgia,https://www.democracydocket.com/wp-content/uploads/2021/08/icon_state-georgia-01-1.png,"VoteAmerica v. Raffensperger",2021-04-07,undefined,"Lawsuit challenging Georgia voter suppression law S.B. 202.",false,false,false,false,false,true,false,Filed
Pennsylvania,https://www.democracydocket.com/wp-content/uploads/2021/08/icon_state-pennslyvania-01-1.png,"Public Interest Legal Foundation v. Boockvar",2020-10-15,2021-04-01,"Lawsuit filed by a conservative legal group, the Public Interest Legal Foundation (PILF), challenging Pennsylvania’s voter rolls.",true,false,false,false,true,false,false,Decided
Georgia,https://www.democracydocket.com/wp-content/uploads/2021/08/icon_state-georgia-01-1.png,"Asian Americans Advancing Justice Atlanta v. Raffensperger",2021-04-01,undefined,"Lawsuit challenging Georgia voter suppression law S.B. 202.",false,false,false,false,false,true,false,Filed
Georgia,https://www.democracydocket.com/wp-content/uploads/2021/08/icon_state-georgia-01-1.png,"Twelfth Congressional District Republican Committee v. Raffensperger",2020-12-09,2021-03-31,"Republican lawsuits challenging multiple aspects of the 2021 Georgia Senate runoff elections.",false,false,false,false,false,true,true,Decided
Georgia,https://www.democracydocket.com/wp-content/uploads/2021/08/icon_state-georgia-01-1.png,"Sixth District of the AME Church v. Kemp",2021-03-29,undefined,"Lawsuit challenging Georgia voter suppression law S.B. 202.",false,true,false,false,false,true,false,Filed
Georgia,https://www.democracydocket.com/wp-content/uploads/2021/08/icon_state-georgia-01-1.png,"Georgia State Conference of the NAACP v. Raffensperger",2021-03-28,undefined,"Lawsuit challenging Georgia voter suppression law S.B. 202.",false,true,false,false,false,true,false,Filed
Georgia,https://www.democracydocket.com/wp-content/uploads/2021/08/icon_state-georgia-01-1.png,"New Georgia Project v. Raffensperger",2021-03-25,undefined,"Lawsuit challenging Georgia voter suppression law S.B. 202.",false,true,false,false,false,true,false,Filed
Texas,https://www.democracydocket.com/wp-content/uploads/2021/08/icon_state-texas-01-1.png,"Texas Alliance for Retired Americans v. Abbott",2020-10-01,2021-03-24,"Lawsuit challenging the limit on locations to return mail-in and absentee ballots during the 2020 election cycle in Texas.",false,false,false,false,false,true,false,Decided
Ohio,https://www.democracydocket.com/wp-content/uploads/2021/08/icon_state-ohio-01-1.png,"Ohio v. Coggins",2021-02-25,2021-03-24,"Lawsuit brought by the state of Ohio against the U.S. Census Bureau challenging the delayed release of census data to the states.",false,false,false,true,false,false,true,Decided
Georgia,https://www.democracydocket.com/wp-content/uploads/2021/08/icon_state-georgia-01-1.png,"New Georgia Project v. Raffensperger",2020-05-08,2021-03-24,"Lawsuit challenging multiple aspects of Georgia’s voting procedures ahead of the 2020 general election.",false,false,false,false,false,true,false,Decided
Iowa,https://www.democracydocket.com/wp-content/uploads/2021/08/icon_state-iowa-01-1.png,"League of United Latin American Citizens of Iowa v. Pate",2021-03-09,undefined,"Lawsuit challenging two new voter suppression bills enacted in Iowa.",false,true,false,false,false,true,false,Filed
Wisconsin,https://www.democracydocket.com/wp-content/uploads/2021/08/icon_state-wisconsin-01-1.png,"Trump v. Wisconsin Elections Commission",2020-12-02,2021-03-08,"Trump lawsuit challenging the 2020 presidential election results in Wisconsin.",false,false,true,false,false,false,true,Decided
Montana,https://www.democracydocket.com/wp-content/uploads/2021/08/icon_state-montana-01-1.png,"Driscoll v. Stapleton",2020-03-13,2021-03-08,"Democratic lawsuit challenging two Montana voting restrictions.",false,false,false,false,false,true,true,Decided
Wisconsin,https://www.democracydocket.com/wp-content/uploads/2021/08/icon_state-wisconsin-01-1.png,"Feehan v. Wisconsin Elections Commission",2020-12-01,2021-03-01,"Republican lawsuit seeking to decertify the 2020 presidential election results in Wisconsin.",false,false,true,false,false,false,true,Decided
Arizona,https://www.democracydocket.com/wp-content/uploads/2021/08/icon_state-arizona-01-1.png,"Bowyer v. Ducey",2020-12-02,2021-03-01,"Republican lawsuit seeking to vacate the certification of 2020 presidential election results in Arizona.",false,false,true,false,false,false,true,Decided
Georgia,https://www.democracydocket.com/wp-content/uploads/2021/08/icon_state-georgia-01-1.png,"Wood v. Raffensperger",2020-11-13,2021-02-24,"Republican lawsuit challenging the 2020 presidential election results in Georgia.",false,false,true,false,false,false,true,Decided
Pennsylvania,https://www.democracydocket.com/wp-content/uploads/2021/08/icon_state-pennslyvania-01-1.png,"Pennsylvania Democratic Party v. Boockvar",2020-07-10,2021-02-22,"Lawsuit filed by the Pennsylvania Democratic Party and voters seeking to protect and expand mail-in voting for the 2020 general election.",false,false,true,false,false,false,false,Decided
Wisconsin,https://www.democracydocket.com/wp-content/uploads/2021/08/icon_state-wisconsin-01-1.png,"Trump v. Biden",2020-11-18,2021-02-22,"Trump lawsuit alleging fraud in the 2020 presidential election in Wisconsin and requesting a recount.",false,false,true,false,false,false,true,Decided
Pennsylvania,https://www.democracydocket.com/wp-content/uploads/2021/08/icon_state-pennslyvania-01-1.png,"In re: Canvassing Operation",2020-11-03,2021-02-22,"Lawsuit brought by the Trump campaign against the Philadelphia Board of Elections arguing that the election commissioners did not provide Republican poll observers “meaningful access” to observe the canvassing process of absentee and mail-in ballots at the Philadelphia Convention Center in accordance with Pennsylvania law.",false,false,true,false,false,false,true,Decided
Arizona,https://www.democracydocket.com/wp-content/uploads/2021/08/icon_state-arizona-01-1.png,"Ward v. Jackson",2020-11-24,2021-02-22,"Republican lawsuit seeking to block the certification of 2020 presidential election results in Arizona.",false,false,true,false,false,false,true,Decided
Pennsylvania,https://www.democracydocket.com/wp-content/uploads/2021/08/icon_state-pennslyvania-01-1.png,"Donald J. Trump for President, Inc. v. Boockvar",2020-11-09,2021-02-22,"Trump lawsuit challenging the 2020 presidential election results in various Democratic counties in Pennsylvania.",false,false,true,false,false,false,true,Decided
Pennsylvania,https://www.democracydocket.com/wp-content/uploads/2021/08/icon_state-pennslyvania-01-1.png,"Kelly v. Pennsylvania",2020-11-21,2021-02-22,"Republican lawsuit seeking to block the certification of the 2020 presidential election results in Pennsylvania.",false,false,true,false,false,true,true,Decided
Michigan,https://www.democracydocket.com/wp-content/uploads/2021/08/icon_state-michigan-01-1.png,"Stoddard v. City Election Commission",2020-11-04,2021-02-22,"Lawsuit seeking to block the counting of absentee ballots in Detroit, Michigan.",false,false,true,false,false,false,true,Decided
Michigan,https://www.democracydocket.com/wp-content/uploads/2021/08/icon_state-michigan-01-1.png,"King v. Whitmer",2020-11-25,2021-02-22,"Republican lawsuit seeking to decertify Michigan’s 2020 presidential election results.",false,false,true,false,false,false,true,Decided
Michigan,https://www.democracydocket.com/wp-content/uploads/2021/08/icon_state-michigan-01-1.png,"Daunt v. Benson",2020-06-09,2021-02-16,"Lawsuit seeking a voter purge of Michigan’s voter rolls before the 2020 general election.",true,false,false,false,true,false,true,Decided
Michigan,https://www.democracydocket.com/wp-content/uploads/2021/08/icon_state-michigan-01-1.png,"Leaf v. Whitmer",2020-12-06,2021-02-06,"Lawsuit seeking to preserve election data and machines for an audit of the 2020 general election results in Michigan.",false,false,true,false,false,false,true,Decided
New York,https://www.democracydocket.com/wp-content/uploads/2021/08/icon_state-newyork-01-1.png,"Tenney v. Oswego County Board of Elections",2020-11-04,2021-02-05,"Republican lawsuit challenging the outcome of New York’s 22nd Congressional District election.",false,false,true,false,false,false,false,Decided
Georgia,https://www.democracydocket.com/wp-content/uploads/2021/08/icon_state-georgia-01-1.png,"Majority Forward v. Ben Hill County",2020-12-23,2021-01-25,"Lawsuit filed against two Georgia counties for challenging voters’ eligibility ahead of the 2021 Senate runoff elections.",true,false,false,false,false,false,false,Decided
North Carolina,https://www.democracydocket.com/wp-content/uploads/2021/08/icon_state-northcarolina-01-1.png,"North Carolina Alliance for Retired Americans v. North Carolina",2020-08-10,2021-01-20,"Lawsuit challenging North Carolina’s vote by mail and in-person voting options for the 2020 general election.",false,true,false,false,false,true,true,Decided
Georgia,https://www.democracydocket.com/wp-content/uploads/2021/08/icon_state-georgia-01-1.png,"Pearson v. Kemp",2020-11-25,2021-01-19,"Lawsuit seeking to decertify the 2020 presidential election results in Georgia.",false,false,true,false,false,false,true,Decided
Wisconsin,https://www.democracydocket.com/wp-content/uploads/2021/08/icon_state-wisconsin-01-1.png,"Democratic National Committee v. Bostelmann",2020-03-18,2021-01-19,"Democratic lawsuit challenging four Wisconsin laws during of the 2020 election cycle in light of the COVID-19 pandemic.",false,false,false,false,true,true,false,Decided
Nevada,https://www.democracydocket.com/wp-content/uploads/2021/08/icon_state-nevada-01-1.png,"Election Integrity Project of Nevada v. Nevada",2020-09-01,2021-01-12,"Conservative lawsuit challenging Nevada’s vote by mail plans for the 2020 general election in light of the COVID-19 pandemic.",false,false,false,false,false,true,true,Decided
Pennsylvania,https://www.democracydocket.com/wp-content/uploads/2021/08/icon_state-pennslyvania-01-1.png,"Ziccarelli v. Allegheny County Board of Elections",2020-11-25,2021-01-12,"Republican lawsuit seeking to block the counting of certain ballots in Allegheny County, Pennsylvania.",false,false,true,false,false,true,true,Decided
New Mexico,https://www.democracydocket.com/wp-content/uploads/2021/08/icon_state-newmexico-01-1.png,"Donald J. Trump for President, Inc. v. Toulouse Oliver",2020-12-14,2021-01-11,"Trump lawsuit seeking to delay certification of New Mexico’s 2020 presidential election results.",false,false,true,false,false,false,true,Decided
Pennsylvania,https://www.democracydocket.com/wp-content/uploads/2021/08/icon_state-pennslyvania-01-1.png,"Donald J. Trump for President, Inc. v. Philadelphia County Board of Elections",2020-11-05,2021-01-08,"Trump campaign seeking to stop Philadelphia County, Pennsylvania from counting ballots without observers present.",false,false,true,false,false,false,true,Decided
Michigan,https://www.democracydocket.com/wp-content/uploads/2021/08/icon_state-michigan-01-1.png,"Costantino v. Detroit",2020-11-08,2021-01-08,"Lawsuit alleging multiple fraud conspiracies related to the 2020 presidential election results in Michigan.",false,false,true,false,false,false,true,Decided
Georgia,https://www.democracydocket.com/wp-content/uploads/2021/08/icon_state-georgia-01-1.png,"Boland v. Raffensperger",2020-11-30,2021-01-07,"Lawsuit seeking to decertify the 2020 presidential election results in Georgia.",false,false,true,false,false,false,true,Decided
Georgia,https://www.democracydocket.com/wp-content/uploads/2021/08/icon_state-georgia-01-1.png,"Trump v. Raffensperger",2020-12-04,2021-01-07,"Trump lawsuit challenging the 2020 presidential election results in Georgia.",false,false,true,false,false,false,true,Decided
Georgia,https://www.democracydocket.com/wp-content/uploads/2021/08/icon_state-georgia-01-1.png,"Still v. Raffensperger",2020-12-12,2021-01-07,"Lawsuit seeking to decertify Georgia’s 2020 presidential election results.",false,false,true,false,false,false,true,Decided
Georgia,https://www.democracydocket.com/wp-content/uploads/2021/08/icon_state-georgia-01-1.png,"Trump v. Kemp",2020-12-31,2021-01-07,"Trump lawsuit seeking to decertify Georgia’s 2020 presidential election results.",false,false,true,false,false,false,true,Decided
North Carolina,https://www.democracydocket.com/wp-content/uploads/2021/08/icon_state-northcarolina-01-1.png,"Moore v. Circosta",2020-09-26,2021-01-07,"Republican lawsuit challenging North Carolina procedures for delivering, processing and curing absentee ballots.",false,false,false,false,false,true,true,Decided
Georgia,https://www.democracydocket.com/wp-content/uploads/2021/08/icon_state-georgia-01-1.png,"New Georgia Project v. Willis",2020-12-15,2021-01-06,"Lawsuit challenging inadequate early voting dates for the 2021 Georgia Senate runoff elections.",false,true,false,false,false,false,false,Decided
Georgia,https://www.democracydocket.com/wp-content/uploads/2021/08/icon_state-georgia-01-1.png,"New Georgia Project v. Kaplan",2020-12-15,2021-01-06,"Lawsuit challenging inadequate early voting dates for the 2021 Georgia Senate runoff elections.",false,true,false,false,false,false,false,Decided
Georgia,https://www.democracydocket.com/wp-content/uploads/2021/08/icon_state-georgia-01-1.png,"New Georgia Project v. Evans",2020-12-15,2021-01-06,"Lawsuit challenging inadequate early voting dates for the 2021 Georgia Senate runoff elections.",false,true,false,false,false,false,false,Decided
Georgia,https://www.democracydocket.com/wp-content/uploads/2021/08/icon_state-georgia-01-1.png,"New Georgia Project v. Cooney",2020-12-16,2021-01-06,"Lawsuit challenging inadequate early voting dates for the 2021 Georgia Senate runoff elections.",false,true,false,false,false,false,false,Decided
Michigan,https://www.democracydocket.com/wp-content/uploads/2021/08/icon_state-michigan-01-1.png,"Donald J. Trump for President, Inc. v. Benson",2020-11-04,2021-01-06,"Trump lawsuit seeking to stop the counting of absentee ballots in the 2020 presidential election in Michigan.",false,false,true,false,false,false,true,Decided
Arizona,https://www.democracydocket.com/wp-content/uploads/2021/08/icon_state-arizona-01-1.png,"Yazzie v. Hobbs",2020-08-26,2021-01-06,"Lawsuit filed by the Navajo Nation challenging Arizona’s ballot receipt deadline for mail-in ballots.",false,false,false,false,false,true,false,Decided
Georgia,https://www.democracydocket.com/wp-content/uploads/2021/08/icon_state-georgia-01-1.png,"Schmitz v. Fulton County Board of Registration and Elections",2020-08-13,2021-01-05,"Lawsuit seeking to purge voters from Fulton County, Georgia’s rolls.",true,false,false,false,false,false,true,Decided
California,https://www.democracydocket.com/wp-content/uploads/2021/08/icon_state-california-01-1.png,"Election Integrity Project California v. Weber",2021-01-04,undefined,"Lawsuit filed by an “election integrity” group, Election Integrity Project California (EIPCa), and voters, including two failed congressional and Senate candidates, against California Secretary of State Shirley Weber (D), California Attorney General Rob Bonta (D) and several county registrars of voters.",false,false,false,false,false,true,false,Appealed
The should-be state of District of Columbia,https://www.democracydocket.com/wp-content/uploads/2021/08/icon_state-washdc-01-1.png,"Wisconsin Voters Alliance v. Pence",2020-12-22,2021-01-04,"Republican lawsuit challenging the outcome of the 2020 presidential election.",false,false,true,false,false,false,true,Decided
Texas,https://www.democracydocket.com/wp-content/uploads/2021/08/icon_state-texas-01-1.png,"Gohmert v. Pence",2020-12-27,2021-01-02,"Republican lawsuit against Vice President Mike Pence challenging the constitutionality of the Electoral Count Act.",false,false,true,false,false,false,true,Decided
Georgia,https://www.democracydocket.com/wp-content/uploads/2021/08/icon_state-georgia-01-1.png,"New Georgia Project v. Shelton",2020-12-16,2021-01-02,"Lawsuit challenging the lack of early voting opportunities in Houston County, Georgia.",false,true,false,false,false,false,false,Decided
Georgia,https://www.democracydocket.com/wp-content/uploads/2021/08/icon_state-georgia-01-1.png,"Republican National Committee v. State Election Board",2020-12-08,2020-12-29,"Republican lawsuit challenging several aspects of the 2021 Georgia Senate runoff elections.",false,true,false,false,false,true,true,Decided
Minnesota,https://www.democracydocket.com/wp-content/uploads/2021/08/icon_state-minnesota-01-1.png,"Kistner v. Simon",2020-11-27,2020-12-24,"Republican lawsuit seeking to overturn the 2020 presidential election results in Dakota County, Minnesota.",false,false,true,false,false,false,true,Decided
Georgia,https://www.democracydocket.com/wp-content/uploads/2021/08/icon_state-georgia-01-1.png,"Georgia Republican Party v. Raffensperger",2020-12-10,2020-12-23,"Republican lawsuit challenging the signature verification process for the 2021 Georgia Senate runoff elections.",false,false,false,false,false,true,true,Decided
Georgia,https://www.democracydocket.com/wp-content/uploads/2021/08/icon_state-georgia-01-1.png,"Georgia Republican Party v. Raffensperger",2020-12-17,2020-12-23,"Republican lawsuit seeking to modify election administration practices ahead of the 2021 Georgia Senate runoff elections.",false,true,false,false,true,true,true,Decided
Georgia,https://www.democracydocket.com/wp-content/uploads/2021/08/icon_state-georgia-01-1.png,"Fair Fight v. True the Vote",2020-12-23,undefined,"Lawsuit challenging third-party voter intimidation practices in Georgia.",true,false,false,false,false,false,false,Filed
Iowa,https://www.democracydocket.com/wp-content/uploads/2021/08/icon_state-iowa-01-1.png,"Hart v. Miller-Meeks",2020-12-22,undefined,"Election contest challenging the winner of Iowa’s 2nd District in the 2020 election.",false,false,true,false,false,false,false,Decided
Arizona,https://www.democracydocket.com/wp-content/uploads/2021/08/icon_state-arizona-01-1.png,"Arizona Republican Party v. Fontes",2020-11-12,2020-12-21,"Republican lawsuit seeking an expansion of Arizona’s 2020 general election audit.",false,false,true,false,false,false,true,Decided
Minnesota,https://www.democracydocket.com/wp-content/uploads/2021/08/icon_state-minnesota-01-1.png,"Jensen v. Simon",2020-12-01,2020-12-18,"Republican lawsuit seeking to overturn the 2020 general election results in three Michigan congressional districts.",false,false,true,false,false,false,true,Decided
South Carolina,https://www.democracydocket.com/wp-content/uploads/2021/08/icon_state-southcarolina-01-1.png,"Middleton v. Andino",2020-05-01,2020-12-17,"Democratic lawsuit challenging South Carolina’s vote by mail restrictions ahead of the 2020 general election.",false,false,false,false,false,true,false,Decided
South Carolina,https://www.democracydocket.com/wp-content/uploads/2021/08/icon_state-southcarolina-01-1.png,"Shernoff v. Andino",2020-10-18,2020-12-17,"Democratic lawsuit challenging South Carolina’s lack of cure opportunities to fix mail-in ballots with certain deficiencies.",false,false,false,false,false,true,true,Decided
Texas,https://www.democracydocket.com/wp-content/uploads/2021/08/icon_state-texas-01-1.png,"Texas v. Pennsylvania",2020-12-07,2020-12-11,"Lawsuit brought by Texas against Pennsylvania, Wisconsin, Georgia and Michigan seeking to invalidate their election results.",false,false,true,false,false,false,true,Decided
Mississippi,https://www.democracydocket.com/wp-content/uploads/2021/08/icon_state-mississippi-01-1.png,"McLemore v. Hosemann",2019-05-30,2020-12-10,"Lawsuit challenging provisions of the 1890 Mississippi Constitution regarding the state’s election system.",true,false,false,false,false,false,true,Decided
Pennsylvania,https://www.democracydocket.com/wp-content/uploads/2021/08/icon_state-pennslyvania-01-1.png,"Metcalfe v. Wolf",2020-12-04,2020-12-10,"Republican lawsuit seeking to decertify the 2020 presidential election results in Pennsylvania.",false,false,true,false,false,false,true,Decided
Minnesota,https://www.democracydocket.com/wp-content/uploads/2021/08/icon_state-minnesota-01-1.png,"Carson v. Simon",2020-09-22,2020-12-09,"Republican lawsuit challenging Minnesota’s extension of its ballot receipt deadline.",false,false,false,false,false,true,false,Decided
Michigan,https://www.democracydocket.com/wp-content/uploads/2021/08/icon_state-michigan-01-1.png,"Johnson v. Benson",2020-11-26,2020-12-09,"Conservative lawsuit seeking to delay certification of Michigan’s 2020 presidential election results.",false,false,true,false,false,false,true,Decided
Georgia,https://www.democracydocket.com/wp-content/uploads/2021/08/icon_state-georgia-01-1.png,"Wood v. Raffensperger",2020-11-25,2020-12-08,"Lawsuit seeking to nullify the 2020 presidential election results in Georgia.",false,false,true,false,false,false,true,Decided
Nevada,https://www.democracydocket.com/wp-content/uploads/2021/08/icon_state-nevada-01-1.png,"Law v. Whitmer",2020-11-17,2020-12-08,"Trump lawsuit alleging voter fraud in Nevada.",true,false,true,false,false,true,true,Decided
Pennsylvania,https://www.democracydocket.com/wp-content/uploads/2021/08/icon_state-pennslyvania-01-1.png,"Donald J. Trump for President, Inc. v. Bucks County Board of Elections",2020-11-09,2020-12-08,"Trump petition challenging Bucks County, Pennsylvania’s decision to count certain mail-in ballots.",false,false,true,false,false,false,true,Decided
Arizona,https://www.democracydocket.com/wp-content/uploads/2021/08/icon_state-arizona-01-1.png,"Stevenson v. Ducey",2020-12-04,2020-12-07,"Republican lawsuit seeking to vacate the certification of 2020 presidential election results in Arizona.",false,false,true,false,false,false,true,Decided
Wisconsin,https://www.democracydocket.com/wp-content/uploads/2021/08/icon_state-wisconsin-01-1.png,"Wisconsin Voters Alliance v. Wisconsin Elections Commission",2020-11-23,2020-12-04,"Lawsuit seeking to block certification of the 2020 presidential election results in Wisconsin.",false,false,true,false,false,false,true,Decided
Minnesota,https://www.democracydocket.com/wp-content/uploads/2021/08/icon_state-minnesota-01-1.png,"Kistner v. Simon",2020-11-24,2020-12-04,"Lawsuit seeking to delay certification of the 2020 presidential election results in Minnesota.",false,false,true,false,false,false,true,Decided
Wisconsin,https://www.democracydocket.com/wp-content/uploads/2021/08/icon_state-wisconsin-01-1.png,"Mueller v. Wisconsin Elections Commission",2020-11-27,2020-12-03,"Lawsuit seeking to block the certification of 2020 presidential election results in Wisconsin.",false,false,true,false,false,false,true,Decided
Wisconsin,https://www.democracydocket.com/wp-content/uploads/2021/08/icon_state-wisconsin-01-1.png,"Trump v. Evers",2020-12-01,2020-12-03,"Trump lawsuit challenging the inclusion of certain absentee ballots in Wisconsin’s 2020 presidential election results.",false,false,true,false,false,true,true,Decided
Tennessee,https://www.democracydocket.com/wp-content/uploads/2021/08/icon_state-tennessee-01-1.png,"Tennessee Conference of the NAACP v. Lee",2020-12-03,undefined,"Class action lawsuit filed on behalf of the Tennessee State Conference of the NAACP and five individuals — who attempted to restore their right to vote before the November 2020 election and were denied — against Tennessee Gov. Bill Lee (R), Secretary of State Tre Hargett (R) and other state and county officials.",false,false,false,false,true,false,false,Filed
Nevada,https://www.democracydocket.com/wp-content/uploads/2021/08/icon_state-nevada-01-1.png,"Becker v. Gloria",2020-11-16,2020-12-02,"Republican lawsuit seeking a new election in Nevada based on allegations of faulty ballot processing machines.",false,false,true,false,false,false,true,Decided
Pennsylvania,https://www.democracydocket.com/wp-content/uploads/2021/08/icon_state-pennslyvania-01-1.png,"Pirkle v. Wolf",2020-11-10,2020-11-26,"Lawsuit seeking to stop the certification of certain 2020 presidential results in Pennsylvania.",false,false,true,false,false,false,true,Decided
Nevada,https://www.democracydocket.com/wp-content/uploads/2021/08/icon_state-nevada-01-1.png,"Rodimer v. Gloria",2020-11-19,2020-11-25,"Republican lawsuit seeking a new election in Nevada based on allegations of faulty ballot processing machines.",false,false,true,false,false,false,true,Decided
Nevada,https://www.democracydocket.com/wp-content/uploads/2021/08/icon_state-nevada-01-1.png,"Stokke v. Cegavske",2020-11-05,2020-11-24,"Republican lawsuit challenging the use of mail-in ballot processing machines in Clark County, Nevada.",false,false,true,false,false,true,true,Decided
Nevada,https://www.democracydocket.com/wp-content/uploads/2021/08/icon_state-nevada-01-1.png,"Marchant v. Gloria",2020-11-16,2020-11-23,"Republican lawsuit seeking a new election in Nevada based on allegations of faulty ballot processing machines.",false,false,true,false,false,false,true,Decided
Michigan,https://www.democracydocket.com/wp-content/uploads/2021/08/icon_state-michigan-01-1.png,"Johnson v. Benson",2020-09-29,2020-11-23,"Lawsuit challenging Michigan’s ballot receipt deadline extension and allowance of ballot collection.",false,false,false,false,false,true,true,Decided
Pennsylvania,https://www.democracydocket.com/wp-content/uploads/2021/08/icon_state-pennslyvania-01-1.png,"In re: Canvass of Absentee and Mail-In Ballots of November 3, 2020 General Election",2020-11-10,2020-11-23,"Trump petition challenging Philadelphia County, Pennsylvania’s decision to count certain absentee and mail-in ballots.",false,false,true,false,false,true,true,Decided
Pennsylvania,https://www.democracydocket.com/wp-content/uploads/2021/08/icon_state-pennslyvania-01-1.png,"Ziccarelli v. Allegheny County Board of Elections",2020-11-12,2020-11-23,"Republican petition challenging Allegheny County, Pennsylvania’s decision to count certain mail-in ballots.",false,false,true,false,false,true,true,Decided
Nevada,https://www.democracydocket.com/wp-content/uploads/2021/08/icon_state-nevada-01-1.png,"Becker v. Cannizzaro",2020-11-19,2020-11-20,"Republican lawsuit seeking a new election in Nevada based on allegations of faulty ballot processing machines.",false,false,true,false,false,false,true,Decided
Pennsylvania,https://www.democracydocket.com/wp-content/uploads/2021/08/icon_state-pennslyvania-01-1.png,"Ziccarelli v. Allegheny County Board of Elections",2020-11-18,2020-11-20,"Republican lawsuit challenging Allegheny County, Pennsylvania’s decision to count certain provisional ballots.",false,false,true,false,false,false,false,Decided
Minnesota,https://www.democracydocket.com/wp-content/uploads/2021/08/icon_state-minnesota-01-1.png,"Craig v. Simon",2020-09-28,2020-11-20,"Lawsuit challenging a Minnesota law regarding special elections for vacant seats.",true,false,false,false,false,false,true,Decided
The should-be state of District of Columbia,https://www.democracydocket.com/wp-content/uploads/2021/08/icon_state-washdc-01-1.png,"Michigan Welfare Rights Organization v. Trump",2020-11-20,undefined,"Lawsuit challenging Trump and the Republican Party’s efforts to disenfranchise Black voters.",false,false,true,false,false,false,false,Filed
Michigan,https://www.democracydocket.com/wp-content/uploads/2021/08/icon_state-michigan-01-1.png,"Donald J. Trump for President, Inc. v. Benson",2020-11-11,2020-11-19,"Trump lawsuit challenging the ballot processing procedures in Wayne County, Michigan.",false,false,true,false,false,false,true,Decided
Pennsylvania,https://www.democracydocket.com/wp-content/uploads/2021/08/icon_state-pennslyvania-01-1.png,"In re: Canvass of Absentee and Mail-in Ballots of November 3, 2020 General Election",2020-11-05,2020-11-18,"Trump lawsuit seeking to stop Montgomery County, Pennsylvania from counting certain mail-in ballots.",false,false,true,false,false,true,true,Decided
Georgia,https://www.democracydocket.com/wp-content/uploads/2021/08/icon_state-georgia-01-1.png,"Brooks v. Mahoney",2020-11-11,2020-11-16,"Lawsuit challenging the 2020 presidential election results in Georgia.",false,false,true,false,false,false,true,Decided
Wisconsin,https://www.democracydocket.com/wp-content/uploads/2021/08/icon_state-wisconsin-01-1.png,"Langenhorst v. Pecore",2020-11-12,2020-11-16,"Lawsuit alleging that Wisconsin election officials included illegal presidential elector results in the statewide results.",false,false,true,false,false,false,true,Decided
Arizona,https://www.democracydocket.com/wp-content/uploads/2021/08/icon_state-arizona-01-1.png,"Donald J. Trump for President, Inc. v. Hobbs",2020-11-07,2020-11-16,"Republican lawsuit alleging that ballots cast in Arizona using a Sharpie were not counted by ballot processing machines.",true,false,true,false,false,false,true,Decided
Michigan,https://www.democracydocket.com/wp-content/uploads/2021/08/icon_state-michigan-01-1.png,"Bally v. Whitmer",2020-11-11,2020-11-16,"Lawsuit seeking to exclude certain counties’ 2020 presidential election results from Michigan’s final election results.",false,false,true,false,false,false,true,Decided
Pennsylvania,https://www.democracydocket.com/wp-content/uploads/2021/08/icon_state-pennslyvania-01-1.png,"Donald J. Trump for President, Inc. v. Boockvar",2020-11-04,2020-11-12,"Trump lawsuit attempting to prohibit Pennsylvania voters from providing proof of missing ID.",false,false,true,false,false,true,false,Decided
Pennsylvania,https://www.democracydocket.com/wp-content/uploads/2021/08/icon_state-pennslyvania-01-1.png,"Barnette v. Lawrence",2020-11-03,2020-11-11,"Lawsuit filed by Kathy Barnette (R) and a voter against the Montgomery County Board of Elections alleging that the board began illegally pre-canvassing mail-in ballots and contacted voters to give them the opportunity to fix minor defects on their ballots.",false,false,false,false,false,true,false,Decided
Nevada,https://www.democracydocket.com/wp-content/uploads/2021/08/icon_state-nevada-01-1.png,"Kraus v. Cegavske",2020-10-23,2020-11-10,"Trump campaign lawsuit seeking observation of ballot processing in Clark County, Nevada.",false,false,true,false,false,true,true,Decided
Nevada,https://www.democracydocket.com/wp-content/uploads/2021/08/icon_state-nevada-01-1.png,"Donald J. Trump for President, Inc. v. Gloria",2020-11-03,2020-11-09,"Trump lawsuit seeking to extend polling place hours in Clark County, Nevada due to technical problems on Election Day.",false,true,false,false,false,false,false,Decided
Florida,https://www.democracydocket.com/wp-content/uploads/2021/08/icon_state-florida-01-1.png,"Jacobson v. Lee",2018-05-24,2020-11-09,"Democratic lawsuit challenging Florida’s ballot order statute.",true,false,false,false,false,false,false,Decided
Arizona,https://www.democracydocket.com/wp-content/uploads/2021/08/icon_state-arizona-01-1.png,"Aguilera v. Fontes",2020-11-04,2020-11-07,"Republican lawsuit alleging that ballots cast in Arizona using a Sharpie were not counted by ballot processing machines.",true,false,true,false,false,false,true,Decided
Pennsylvania,https://www.democracydocket.com/wp-content/uploads/2021/08/icon_state-pennslyvania-01-1.png,"Hamm v. Boockvar",2020-11-03,2020-11-06,"Republican lawsuit seeking to block the casting of certain provisional ballots in Pennsylvania.",false,false,false,false,false,true,false,Decided
Pennsylvania,https://www.democracydocket.com/wp-content/uploads/2021/08/icon_state-pennslyvania-01-1.png,"In re: Motion for Injunctive Relief of Northampton County Republican Committee",2020-11-03,2020-11-06,"Republican lawsuit attempting to stop Northampton County, Pennsylvania from disclosing cancelled ballots.",false,false,true,false,false,false,true,Decided
Georgia,https://www.democracydocket.com/wp-content/uploads/2021/08/icon_state-georgia-01-1.png,"In re: Enforcement of Election Laws",2020-11-04,2020-11-05,"Republican lawsuit attempting to stop the counting of absentee ballots in Chatham County, Georgia.",false,false,false,false,false,true,true,Decided
Minnesota,https://www.democracydocket.com/wp-content/uploads/2021/08/icon_state-minnesota-01-1.png,"Donald J. Trump for President, Inc. v. Simon",2020-10-28,2020-11-03,"Trump lawsuit seeking to segregate all mail-in ballots arriving after 8 p.m. on Election Day in Minnesota.",false,false,false,false,false,true,true,Decided
Arkansas,https://www.democracydocket.com/wp-content/uploads/2021/08/icon_state-arkansas-01-1.png,"Arkansas United v. Thurston",2020-11-02,undefined,"Lawsuit filed in federal court by Arkansas United and a voter  challenging voter assistance restrictions prescribed by the Arkansas Election Code.",false,true,false,false,false,false,false,Appealed
Pennsylvania,https://www.democracydocket.com/wp-content/uploads/2021/08/icon_state-pennslyvania-01-1.png,"Woodruff v. Philadelphia County Board of Elections",2020-10-29,2020-11-02,"Conservative lawsuit seeking to invalidate certain mail-in ballots in Philadelphia, Pennsylvania.",false,false,false,false,false,true,true,Decided
North Carolina,https://www.democracydocket.com/wp-content/uploads/2021/08/icon_state-northcarolina-01-1.png,"Wise v. North Carolina State Board of Elections",2020-09-26,2020-10-28,"Trump lawsuit challenging North Carolina procedures for delivering, processing and curing absentee ballots.",false,false,false,false,false,true,true,Decided
Minnesota,https://www.democracydocket.com/wp-content/uploads/2021/08/icon_state-minnesota-01-1.png,"Democratic Senatorial Campaign Committee v. Simon",2020-07-17,2020-10-28,"Democratic lawsuit challenging a voter assistance and ballot collection ban in Minnesota.",false,false,false,false,false,true,true,Decided
North Carolina,https://www.democracydocket.com/wp-content/uploads/2021/08/icon_state-northcarolina-01-1.png,"Arnett v. North Carolina State Board of Elections",2020-10-05,2020-10-27,"Lawsuit challenging North Carolina’s processing of mail-in ballots and the timing of casting absentee ballot voting.",false,false,false,false,false,true,true,Decided
Pennsylvania,https://www.democracydocket.com/wp-content/uploads/2021/08/icon_state-pennslyvania-01-1.png,"Parnell v. Allegheny County Board of Elections",2020-10-16,2020-10-26,"Republican lawsuit seeking the placement of poll watchers at early voting sites in Pennsylvania.",false,false,false,false,false,true,true,Decided
Pennsylvania,https://www.democracydocket.com/wp-content/uploads/2021/08/icon_state-pennslyvania-01-1.png,"In re: November 3, 2020 General Election",2020-10-07,2020-10-23,"Petition asking for clarification about signature matching processes in Pennsylvania.",false,false,false,false,false,true,true,Decided
New Jersey,https://www.democracydocket.com/wp-content/uploads/2021/08/icon_state-newjersey-01-1.png,"Donald J. Trump for President, Inc. v. Murphy",2020-08-18,2020-10-22,"Trump lawsuit challenging New Jersey’s plan to run a primarily vote by mail 2020 general election due to the COVID-19 pandemic.",false,false,false,false,false,true,true,Decided
Missouri,https://www.democracydocket.com/wp-content/uploads/2021/08/icon_state-missouri-01-2.png,"American Women v. Missouri",2020-08-20,2020-10-22,"Lawsuit challenging five Missouri laws that limit vote by mail during the 2020 general election.",false,false,false,false,false,true,false,Decided
Pennsylvania,https://www.democracydocket.com/wp-content/uploads/2021/08/icon_state-pennslyvania-01-1.png,"Donald J. Trump for President, Inc. v. Philadelphia County Board of Elections",2020-10-01,2020-10-20,"Lawsuit filed on behalf of the Trump campaign against the Philadelphia County Board of Elections challenging the alleged absence of poll watchers at satellite election offices.",false,true,false,false,false,false,true,Decided
Michigan,https://www.democracydocket.com/wp-content/uploads/2021/08/icon_state-michigan-01-1.png,"Michigan Alliance for Retired Americans v. Benson",2020-06-02,2020-10-16,"Lawsuit challenging Michigan’s vote by mail restrictions ahead of the 2020 general election.",false,false,false,false,false,true,false,Decided
Georgia,https://www.democracydocket.com/wp-content/uploads/2021/08/icon_state-georgia-01-1.png,"Anderson v. Raffensperger",2020-08-06,2020-10-13,"Democratic lawsuit challenging Georgia’s closure and consolidation of polling locations.",false,true,false,false,false,false,false,Decided
Pennsylvania,https://www.democracydocket.com/wp-content/uploads/2021/08/icon_state-pennslyvania-01-1.png,"Donald J. Trump for President, Inc. v. Boockvar",2020-06-29,2020-10-10,"Trump lawsuit seeking to ban drop boxes and enforce the use of outer secrecy envelopes for the 2020 election in Pennsylvania.",false,false,false,false,false,true,true,Decided
Hawaii,https://www.democracydocket.com/wp-content/uploads/2021/08/icon_state-hawaii-01-1.png,"Borja v. Nago",2020-10-08,undefined,"Lawsuit filed on behalf of former Hawaii residents now residing in Guam and the U.S. Virgin Islands challenging requirements that precludes them from voting absentee for president.",false,false,false,false,false,true,false,Appealed
Louisiana,https://www.democracydocket.com/wp-content/uploads/2021/08/icon_state-louisiana-01-1.png,"Johnson v. Ardoin",2018-06-13,2020-10-08,"Lawsuit challenging Louisiana’s 2011 congressional map for violating Section 2 of the Voting Rights Act.",false,false,false,true,false,false,false,Decided
Alaska,https://www.democracydocket.com/wp-content/uploads/2021/08/icon_state-alaska-01-1.png,"Galvin v. Fenumiai",2020-09-16,2020-10-07,"Lawsuit challenging Alaska’s ballot design for the 2020 Democratic primary for a House seat.",true,false,false,false,false,false,false,Decided
Montana,https://www.democracydocket.com/wp-content/uploads/2021/08/icon_state-montana-01-1.png,"Donald J. Trump for President, Inc. v. Bullock",2020-09-02,2020-09-30,"Trump lawsuit challenging Montana’s decision to allow counties to conduct vote by mail elections for the 2020 general election.",false,false,false,false,false,true,true,Decided
Texas,https://www.democracydocket.com/wp-content/uploads/2021/08/icon_state-texas-01-1.png,"Gloria v. Hughs",2020-08-09,2020-09-25,"Lawsuit challenging Texas’ age restrictions for vote by mail eligibility.",false,false,false,false,false,true,false,Decided
North Carolina,https://www.democracydocket.com/wp-content/uploads/2021/08/icon_state-northcarolina-01-1.png,"North Carolina A. Philip Randolph Institute v. North Carolina State Board of Elections",2020-09-24,undefined,"Lawsuit challenging a North Carolina law that imposes criminal penalties on residents who vote while on parole, probation or post-release supervision for a felony conviction.",true,false,false,false,true,false,false,Filed
Montana,https://www.democracydocket.com/wp-content/uploads/2021/08/icon_state-montana-01-1.png,"Montana Democratic Party v. Stapleton",2020-06-01,2020-09-23,"Lawsuit challenging the validity of a petition for Montana Green Party candidates organized by the Montana Republican Party.",true,false,false,false,false,false,true,Decided
Illinois,https://www.democracydocket.com/wp-content/uploads/2021/08/icon_state-illinois-01-1.png,"Cook County Republican Party v. Pritzker",2020-08-10,2020-09-23,"Republican lawsuit challenging Illinois’ vote by mail and early voting laws.",false,false,false,false,false,true,true,Decided
Nevada,https://www.democracydocket.com/wp-content/uploads/2021/08/icon_state-nevada-01-1.png,"Donald J. Trump for President, Inc. v. Cegavske",2020-08-04,2020-09-18,"Trump lawsuit challenging Nevada election procedures enacted in light of the COVID-19 pandemic.",true,true,false,false,false,true,true,Decided
Pennsylvania,https://www.democracydocket.com/wp-content/uploads/2021/08/icon_state-pennslyvania-01-1.png,"Crossey v. Boockvar",2020-04-22,2020-09-17,"Lawsuit seeking to expand vote by mail in Pennsylvania for the 2020 election cycle in light of the COVID-19 pandemic.",false,false,false,false,false,true,false,Decided
Oklahoma,https://www.democracydocket.com/wp-content/uploads/2021/08/icon_state-oklahoma-01-1.png,"Democratic Congressional Campaign Committee v. Ziriax",2020-05-18,2020-09-17,"Democratic lawsuit challenging Oklahoma laws that limit vote by mail for the state’s June 2020 primary election.",false,false,false,false,false,true,false,Decided
Georgia,https://www.democracydocket.com/wp-content/uploads/2021/08/icon_state-georgia-01-1.png,"S.P.S. ex rel Short v. Raffensperger",2019-11-01,2020-09-10,"Democratic lawsuit challenging Georgia’s ballot order statute.",true,false,false,false,false,false,false,Decided
Montana,https://www.democracydocket.com/wp-content/uploads/2021/08/icon_state-montana-01-1.png,"Davis v. Stapleton",2020-08-11,2020-09-08,"Green Party lawsuit seeking to add their candidates to the Montana 2020 ballot.",true,false,false,false,false,false,true,Decided
Wisconsin,https://www.democracydocket.com/wp-content/uploads/2021/08/icon_state-wisconsin-01-1.png,"Andrew Goodman Foundation v. Bostelmann",2020-01-22,2020-08-24,"Lawsuit challenging Wisconsin’s strict student ID law for voting.",false,true,false,false,false,false,false,Decided
Michigan,https://www.democracydocket.com/wp-content/uploads/2021/08/icon_state-michigan-01-1.png,"Priorities USA v. Benson",2020-01-21,2020-08-14,"Lawsuit challenging two Michigan laws that imposed strict registration requirements.",false,false,false,false,true,false,false,Decided
South Carolina,https://www.democracydocket.com/wp-content/uploads/2021/08/icon_state-southcarolina-01-1.png,"Bailey v. Andino",2020-04-22,2020-08-09,"Democratic lawsuit asking for expanded absentee voting in South Carolina in light of the COVID-19 pandemic.",false,false,false,false,false,true,true,Decided
Nevada,https://www.democracydocket.com/wp-content/uploads/2021/08/icon_state-nevada-01-1.png,"Corona v. Cegavske",2020-04-16,2020-08-04,"Democratic lawsuit seeking to expand vote by mail in Nevada ahead of the state’s 2020 primary election.",false,true,false,false,false,true,true,Decided
Nevada,https://www.democracydocket.com/wp-content/uploads/2021/08/icon_state-nevada-01-1.png,"Paher v. Cegavske",2020-04-21,2020-07-31,"Lawsuit seeking to shut down the all-mail 2020 general election in Nevada.",false,false,false,false,false,true,true,Decided
Kansas,https://www.democracydocket.com/wp-content/uploads/2021/08/icon_state-kansas-01-1.png,"Kansas Democratic Party v. Schwab",2020-02-14,2020-07-28,"Democratic lawsuit seeking to enforce a Kansas election reform bill.",false,false,false,false,false,true,false,Decided
Florida,https://www.democracydocket.com/wp-content/uploads/2021/08/icon_state-florida-01-1.png,"Nielsen v. DeSantis",2020-05-04,2020-07-20,"Lawsuit challenging Florida’s insufficient vote by mail plans during the COVID-19 pandemic.",false,false,false,false,false,true,true,Decided
Texas,https://www.democracydocket.com/wp-content/uploads/2021/08/icon_state-texas-01-1.png,"Miller v. Hughs",2019-11-01,2020-07-10,"Democratic lawsuit challenging Texas’ ballot order statute.",true,false,false,false,false,false,false,Decided
California,https://www.democracydocket.com/wp-content/uploads/2021/08/icon_state-california-01-1.png,"Issa v. Newsom and RNC v. Newsom",2020-05-21,2020-07-09,"Republican lawsuits challenging California’s plan to implement a primarily vote by mail election for November 2020.",false,false,false,false,false,true,true,Decided
Washington,https://www.democracydocket.com/wp-content/uploads/2021/08/icon_state-washington-01.png,"Chiafalo v. Washington",2016-12-29,2020-07-06,"Lawsuit in which the U.S. Supreme Court ruled that states can enforce an elector’s pledge to support their party’s nominee and the state’s winner when casting Electoral College votes for president.",true,false,true,false,false,false,true,Decided
New Jersey,https://www.democracydocket.com/wp-content/uploads/2021/08/icon_state-newjersey-01-1.png,"Conforti v. Hanlon",2020-07-06,undefined,"Lawsuit filed on behalf of past and future New Jersey candidates running for state and federal office challenging the ballot design implemented during the counties’ primary elections.",true,false,false,false,false,false,false,Filed
Arizona,https://www.democracydocket.com/wp-content/uploads/2021/08/icon_state-arizona-01-1.png,"Voto Latino v. Hobbs",2020-02-24,2020-06-18,"Lawsuit brought by voting rights organizations challenging Arizona’s mail-in ballot deadline.",false,false,false,false,false,true,true,Decided
Michigan,https://www.democracydocket.com/wp-content/uploads/2021/08/icon_state-michigan-01-1.png,"Priorities USA v. Benson",2019-12-30,2020-04-21,"Lawsuit challenging Michigan’s signature matching laws.",false,false,false,false,false,true,true,Decided
Georgia,https://www.democracydocket.com/wp-content/uploads/2021/08/icon_state-georgia-01-1.png,"Dwight v. Raffensperger",2018-07-13,2020-04-13,"Lawsuit challenging Georgia’s 2011 congressional map for violating Section 2 of the Voting Rights Act.",false,false,false,true,false,false,false,Decided
Florida,https://www.democracydocket.com/wp-content/uploads/2021/08/icon_state-florida-01-1.png,"League of Women Voters of Florida v. Lee",2018-06-01,2020-04-09,"Lawsuit challenging Florida’s prohibition of early voting sites on college campuses.",false,true,false,false,false,false,true,Decided
Georgia,https://www.democracydocket.com/wp-content/uploads/2021/08/icon_state-georgia-01-1.png,"Georgia Democratic Party v. Raffensperger",2019-11-06,2020-03-23,"Democratic lawsuit challenging Georgia’s absentee ballot rejection policy.",false,false,false,false,false,true,true,Decided
Alabama,https://www.democracydocket.com/wp-content/uploads/2021/08/icon_state-alabama-01-1.png,"Chesnut v. Merrill",2018-06-13,2020-03-17,"Lawsuit challenging Alabama’s 2011 congressional map as violating Section 2 of the Voting Rights Act.",false,false,false,true,false,false,false,Decided
Maine,https://www.democracydocket.com/wp-content/uploads/2021/08/icon_state-maine-01-1.png,"Public Interest Legal Foundation v. Bellows",2020-02-19,undefined,"Lawsuit filed by a conservative legal group, the Public Interest Legal Foundation (PILF), against Maine Secretary of State Matthew Dunlap (D) claiming that Maine must release documents related to the maintenance of the state’s voter lists.",true,false,false,false,true,false,false,Appealed
Florida,https://www.democracydocket.com/wp-content/uploads/2021/08/icon_state-florida-01-1.png,"Democratic Executive Committee of Florida v. Lee",2018-11-08,2020-02-19,"Democratic lawsuit challenging Florida’s standardless signature matching process for ballots.",false,false,false,false,false,true,true,Decided
South Carolina,https://www.democracydocket.com/wp-content/uploads/2021/08/icon_state-southcarolina-01-1.png,"South Carolina Democratic Party v. Andino",2019-11-25,2020-01-24,"Democratic lawsuit challenging South Carolina’s requirement that SSNs be provided on voter registration applications.",false,false,false,false,true,false,true,Decided
Missouri,https://www.democracydocket.com/wp-content/uploads/2021/08/icon_state-missouri-01-2.png,"Priorities USA v. Missouri",2018-12-03,2020-01-14,"Lawsuit challenging a restrictive photo ID law in Missouri.",false,true,false,false,false,false,true,Decided
Iowa,https://www.democracydocket.com/wp-content/uploads/2021/08/icon_state-iowa-01-1.png,"League of United Latin American Citizens of Iowa v. Pate",2018-05-30,2019-09-30,"Lawsuit challenging a restrictive voter ID law in Iowa.",false,true,false,false,false,true,true,Decided
North Carolina,https://www.democracydocket.com/wp-content/uploads/2021/08/icon_state-northcarolina-01-1.png,"Common Cause v. Lewis",2018-11-13,2019-09-03,"Lawsuit challenging North Carolina’s legislative maps as partisan gerrymanders.",false,false,false,true,false,false,true,Decided
North Carolina,https://www.democracydocket.com/wp-content/uploads/2021/08/icon_state-northcarolina-01-1.png,"Rucho v. Common Cause",2016-08-05,2019-06-27,"Lawsuit in which the U.S. Supreme Court ruled that partisan gerrymandering claims are nonjusticiable because they are “political questions beyond the reach of the federal courts.”",false,false,false,true,false,false,false,Decided
Virginia,https://www.democracydocket.com/wp-content/uploads/2021/08/icon_state-virginia-01-1.png,"Virginia House of Delegates v. Bethune-Hill",2015-06-16,2019-06-17,"Lawsuit challenging Virginia’s 2011 House of Delegates’ map as being a racial gerrymander.",false,false,false,true,false,false,true,Decided
Arkansas,https://www.democracydocket.com/wp-content/uploads/2021/08/icon_state-arkansas-01-1.png,"Christian Ministerial Alliance v. Arkansas",2019-06-10,undefined,"Lawsuit filed on behalf of the Christian Ministerial Alliance, Arkansas Community Institute and Black voters challenging the election methods used for the Arkansas Court of Appeals and Arkansas Supreme Court.",false,false,false,true,false,false,false,Filed
Michigan,https://www.democracydocket.com/wp-content/uploads/2021/08/icon_state-michigan-01-1.png,"College Democrats at the Univ. of Mich. v. Johnson",2018-08-30,2019-06-05,"Lawsuit challenging two voter registration laws in Michigan.",false,false,false,false,true,false,true,Decided
Nevada,https://www.democracydocket.com/wp-content/uploads/2021/08/icon_state-nevada-01-1.png,"Silberkraus v. Woodhouse",2018-09-04,2019-04-19,"Lawsuit challenging the sufficiency of petitions to recall two Nevada state senators.",true,false,false,false,false,false,true,Decided
Georgia,https://www.democracydocket.com/wp-content/uploads/2021/08/icon_state-georgia-01-1.png,"Martin v. Crittenden",2018-12-03,2019-04-16,"Lawsuit challenging Gwinnett County, Georgia’s absentee ballot rejection policy.",false,false,false,false,false,true,true,Decided
North Carolina,https://www.democracydocket.com/wp-content/uploads/2021/08/icon_state-northcarolina-01-1.png,"In re Investigation of Election Irregularities Affecting Counties within the 9th Congressional District",2018-11-27,2019-03-13,"Matter before the North Carolina Board of Elections about the Republican candidate for the 9th Congressional District’s campaign in 2018.",false,false,true,false,false,true,true,Decided
Iowa,https://www.democracydocket.com/wp-content/uploads/2021/08/icon_state-iowa-01-1.png,"League of United Latin American Citizens of Iowa v. Pate",2018-05-30,2019-01-23,"Lawsuit challenging an Iowa absentee ballot and cure law.",false,false,false,false,false,true,true,Decided
Texas,https://www.democracydocket.com/wp-content/uploads/2021/08/icon_state-texas-01-1.png,"OCA-Greater Houston v. Texas",2015-08-06,2019-01-04,"Lawsuit challenging a provision of the Texas Election Code that limits the ability of voters with little to no English language proficiency to receive assistance from an individual of their choice to help with completing ballots.",false,true,false,false,false,false,true,Decided
Maine,https://www.democracydocket.com/wp-content/uploads/2021/08/icon_state-maine-01-1.png,"Baber v. Dunlap",2018-11-13,2018-12-28,"Republican lawsuit challenging ranked-choice voting in Maine.",true,false,false,false,false,false,true,Decided
North Carolina,https://www.democracydocket.com/wp-content/uploads/2021/08/icon_state-northcarolina-01-1.png,"North Carolina State Conference of the NAACP v. Circosta",2018-12-20,undefined,"Lawsuit challenging a restrictive North Carolina voter ID law in federal court.",false,true,false,false,false,true,false,Filed
Tennessee,https://www.democracydocket.com/wp-content/uploads/2021/08/icon_state-tennessee-01-1.png,"Tennessee Black Voter Project v. Shelby County Election Commission",2018-10-16,2018-11-02,"Lawsuit seeking access to voter registration forms deemed incomplete or invalid by the Shelby County Election Commission in Tennessee.",false,false,false,false,true,false,true,Decided