id,publishDate,title,url,publication,authors,authorList,image,sentence,country,bias,mediaOutletType,hasElias,hasDemocracyDocket
178213,2024-10-20,Republicans and Democrats are both preparing for long legal battles over the 2024 election results,https://economictimes.indiatimes.com/news/international/world-news/republicans-and-democrats-are-both-preparing-for-long-legal-battles-over-the-2024-election-results/articleshow/114397911.cms,India Times,,,"https://img.etimg.com/thumb/msid-114397948,width-1200,height-630,imgsize-51190,overlay-economictimes/articleshow.jpg","""With a little over two weeks before Election Day, about 180 voting and election cases have been filed so far this year, according to Democratic lawyer Marc Elias, who founded the election litigation tracking group Democracy Docket.",India,Unspecified,National News Outlet,True,True
176705,2022-11-07,"Republicans, Democrats File Over 100 Lawsuits in Run-up to Midterms",https://www.voanews.com/a/republicans-democrats-file-over-100-lawsuits-in-run-up-to-midterms-/6824314.html,Voice of America,Masood Farivar,Masood Farivar,https://gdb.voanews.com/03570000-0aff-0242-c347-08dac113010e_cx0_cy4_cw0_w1200_h630.jpg,"In addition to the counting and processing of mail-in ballots, Democracy Docket says it expects legal challenges to voters' eligibility, intimidation of voters and election workers, conspiracy theories about electronic voting machines and counties that refuse to certify their election results.",Myanmar,Unspecified,National News Outlet,False,True
171125,2025-08-26,Trump loyalist who pushed false election claims takes on government role,https://www.aljazeera.com/news/2025/8/26/trump-loyalist-who-pushed-false-election-claims-takes-on-government-role?traffic_source=rss,Aljazeera,,,https://www.aljazeera.com/wp-content/uploads/2025/08/2025-04-01T155422Z_834626356_RC23PDAL8OE5_RTRMADP_3_USA-ELECTION-FLORIDA-HOUSE-1756251200.jpg?resize=1920%2C1440,Honey’s appointment was first reported by the investigative news outlet Democracy Docket on Monday.,Qatar,Center Left,Web Publication,False,True
178019,2024-12-10,Trump picks Maga darling Harmeet Dhillon to lead civil rights cases at DoJ,https://www.theguardian.com/us-news/2024/dec/10/trump-harmeet-dhillon-justice-department-civil-rights,The Guardian,Rachel Leingang,Rachel Leingang,"https://i.guim.co.uk/img/media/6f11bff37ea5fc2f7816a57ac75ade9f15f00611/0_77_5168_3102/master/5168.jpg?width=1200&height=630&quality=85&auto=format&fit=crop&precrop=40:21,offset-x50,offset-y0&overlay-align=bottom%2Cleft&overlay-width=100p&overlay-base64=L2ltZy9zdGF0aWMvb3ZlcmxheXMvdGctYWdlLTIwMjQucG5n&enable=upscale&s=34ef626ba596457dc23fb9753ff9a8d7",Democracy Docket said Dhillon has emerged as “one of the leading legal figures working to roll back voting rights across the country”.,United Kingdom,Center Left,Local News Outlet,False,True
178200,2024-10-24,Expert reveals how your outfit could prevent you from voting in the 2024 presidential election,https://www.dailymail.co.uk/femail/article-13997707/expert-style-outfit-choice-prevent-voting-2024-presidential-election.html?ns_mchannel=rss&ns_campaign=1490&ito=1490,Daily Mail,"Margaret Abrams, Us Assistant Lifestyle Editor, Style, Beauty","Beauty, Margaret Abrams, Style, Us Assistant Lifestyle Editor",https://i.dailymail.co.uk/1s/2024/10/24/17/91244891-0-image-a-73_1729788080418.jpg,The Democracy Docket website has a section outlining the 21 states where your attire could prevent you from casting your vote.,United Kingdom,Center Right,Local News Outlet,False,True
178283,2022-11-07,Republicans are suing to disqualify voters in battleground states,https://www.independent.co.uk/news/world/americas/us-politics/midterm-elections-2022/republican-detroit-pennsylvania-lawsuits-b2219865.html,The Independent,,,https://static.independent.co.uk/2022/11/07/21/1244559459.jpg?width=1200&height=800&crop=1200:800,"In all, 120 cases surrounding the electoral process have been filed as of 3 November, according to Democracy Docket.",United Kingdom,Center Left,Local News Outlet,False,True
178190,2020-07-14,Hillary Clinton says the US must realize Trump may not 'go quietly',https://www.dailymail.co.uk/news/article-8520363/amp/Hillary-Clinton-says-ready-possibility-Trump-not-quietly.html?__twitter_impression=true,Daily Mail,,,https://i.dailymail.co.uk/1s/2020/07/14/07/30738000-0-image-a-74_1594707213852.jpg,She said she works with Democracy Docket to support lawsuits 'to make the vote available'.,United Kingdom,Center Right,Local News Outlet,False,True
178255,2021-07-07,Hillary Clinton hammers GOP’s ‘concerted attempt to destabilize the democratic process’,https://www.independent.co.uk/news/world/americas/us-politics/hillary-clinton-democracy-gop-voting-b1879976.html,The Independent,,,https://static.independent.co.uk/s3fs-public/thumbnails/image/2016/11/06/20/clintoni.jpg?width=1200&height=800&crop=1200:800,"In the piece published in Democracy Docket on Wednesday, the 2016 Democratic nominee for the presidency excoriated Republican efforts in legislatures around the country to restrict voting, such as bills that restrict early voting and mail-in ballots.",United Kingdom,Center Left,Local News Outlet,False,True
178236,2024-10-16,Battleground state Georgia sees record turnout - more than double the 2020 count - as early voting begins,https://www.dailymail.co.uk/news/article-13965783/Battleground-state-Georgia-sees-record-turnout-double-2020-count-early-voting-begins.html?ns_mchannel=rss&ns_campaign=1490&ito=1490,Daily Mail,"Perkin Amalaraj, Foreign News Reporter","Foreign News Reporter, Perkin Amalaraj",https://i.dailymail.co.uk/1s/2024/10/16/11/90918357-0-image-m-48_1729075995281.jpg,"A billboard encourages people to vote at Atlanta Metropolitan State College on October 15, 2024 in Atlanta, Georgia

Voters take part in early election voting at a polling station in Marietta, Georgia, U.S. October 15, 2024

A billboard tells people the dates they are able to vote at Atlanta Metropolitan State College on October 15, 2024 in Atlanta, Georgia

A poll worker hands a voter the green card used to identify the voter when using the machine to go to cast their vote on the first day of early voting at Metropolitan library on October 15, 2024 in Atlanta, Georgia

'Anything that adds uncertainty and disorder to the electoral process disserves the public,' according to a copy of the decision posted by Democracy Docket, a website founded by Democratic lawyer Marc Elias that tracks election cases.",United Kingdom,Center Right,Local News Outlet,True,True
178251,2021-05-06,"DeSantis signs bill to 'protect election integrity' by limiting mail-in ballots, enforcing ID rules",https://www.dailymail.co.uk/news/article-9550433/DeSantis-signs-bill-protect-election-integrity-limiting-mail-ballots-enforcing-ID-rules.html?ns_mchannel=rss&ns_campaign=1490&ito=1490,Daily Mail,"Katelyn Caralle, Senior U.S. Political Reporter","Katelyn Caralle, Senior U.S. Political Reporter",https://i.dailymail.co.uk/1s/2021/05/06/16/42658020-0-image-a-5_1620314134605.jpg,"Immediately after the new law was signed Democracy Docket, founded by election law and voting rights attorney Marc Elias, filed a lawsuit against Florida.",United Kingdom,Center Right,Local News Outlet,True,True
178187,2020-07-14,Hillary Clinton says the US must 'be ready' for the possibility that Trump will not 'go quietly',https://www.dailymail.co.uk/news/article-8520363/Hillary-Clinton-says-ready-possibility-Trump-not-quietly.html,Daily Mail,"Harriet Alexander, Us Senior Features Writer, Chris Jewers, Assistant Foreign News Editor","Assistant Foreign News Editor, Chris Jewers, Harriet Alexander, Us Senior Features Writer",https://i.dailymail.co.uk/1s/2020/07/14/07/30738000-0-image-a-74_1594707213852.jpg,She said she works with Democracy Docket to support lawsuits 'to make the vote available'.,United Kingdom,Center Right,Local News Outlet,False,True
178169,2025-03-09,Trump confirms retribution campaign against law firms that clash with his agenda,https://www.independent.co.uk/news/world/americas/us-politics/trump-law-firms-executive-order-interview-b2711843.html,The Independent,,,"https://static.independent.co.uk/2025/03/09/20/47/US-President-Trump-signs-executive-orders-at-White-House-dok5ef17.jpeg?trim=0,0,0,0&width=1200&height=800&crop=1200:800","Since 2020, Elias has led the voting rights and civil rights litigation-tracking platform Democracy Docket, which has tracked hundreds of Trump-related cases.",United Kingdom,Center Left,Local News Outlet,True,True
178104,2023-06-09,US supreme court ruling could upend voting maps in boost for Democrats,https://www.theguardian.com/us-news/2023/jun/09/us-supreme-court-alabama-voting-maps-democrats,The Guardian,"Alice Herman, Sam Levine","Alice Herman, Sam Levine","https://i.guim.co.uk/img/media/5b3e45aaca2302cd5fdab58084dfe6c23a8d5029/0_0_8192_4918/master/8192.jpg?width=1200&height=630&quality=85&auto=format&fit=crop&precrop=40:21,offset-x50,offset-y0&overlay-align=bottom%2Cleft&overlay-width=100p&overlay-base64=L2ltZy9zdGF0aWMvb3ZlcmxheXMvdGctYWdlLTIwMjMucG5n&enable=upscale&s=502826124e7aae1c00e25fb32f87690a","There are 31 cases with section 2 claims pending in 10 states, including Georgia, Mississippi and Texas, according to a tally by Democracy Docket, a left-leaning organization.",United Kingdom,Center Left,Local News Outlet,False,True
178051,2020-12-05,Trump's latest batch of election lawsuits fizzle as dozens of losses pile up,https://www.theguardian.com/us-news/2020/dec/04/trump-election-lawsuits-losses-michigan-nevada-georgia-arizona,The Guardian,,,"https://i.guim.co.uk/img/media/724b62c7c2c143d8832f184f55f71ba8fd2b1a8d/0_300_4500_2700/master/4500.jpg?width=1200&height=630&quality=85&auto=format&fit=crop&precrop=40:21,offset-x50,offset-y0&overlay-align=bottom%2Cleft&overlay-width=100p&overlay-base64=L2ltZy9zdGF0aWMvb3ZlcmxheXMvdGctYWdlLTIwMjAucG5n&enable=upscale&s=232aeea68b3e5672b713b682fd891da8","The advocacy group Democracy Docket put Trump’s losses even higher, tweeting on Friday that Trump’s team had lost 46 post-election lawsuits following several fresh losses in several states on Friday.",United Kingdom,Center Left,Local News Outlet,False,True
177972,2025-09-24,The Democratic superlawyer Trump can’t silence: ‘We are in the break-glass moment of American history’,https://www.theguardian.com/us-news/2025/sep/24/marc-elias-trump-democrats-retribution,The Guardian,Rachel Leingang,Rachel Leingang,"https://i.guim.co.uk/img/media/06bf0a3ee67044c4d3596b7d8c207c9d7b594086/375_0_3750_3000/master/3750.jpg?width=1200&height=630&quality=85&auto=format&fit=crop&precrop=40:21,offset-x50,offset-y0&overlay-align=bottom%2Cleft&overlay-width=100p&overlay-base64=L2ltZy9zdGF0aWMvb3ZlcmxheXMvdGctZGVmYXVsdC5wbmc&enable=upscale&s=a5edc55f8e66dca84811090b382a1d11","Anyone who tells you that Donald Trump targets them and they don’t care, I think they’re just lying to you Marc Elias

Despite not posting on X anymore – his decision to stop using the platform prompted conspiracy theories from the right – he is far from quiet about his work and his opinions on the Trump administration.",United Kingdom,Center Left,Local News Outlet,True,True
178282,2022-11-02,Arizona judge orders armed election monitors to stay 250 feet from drop boxes,https://www.dailymail.co.uk/news/article-11379171/Arizona-judge-orders-armed-election-monitors-stay-250-feet-drop-boxes.html?ns_mchannel=rss&ns_campaign=1490&ito=1490,Daily Mail,"Rob Crilly, Senior U.S. Political Reporter For Dailymail.Com In Phoenix",Rob Crilly,https://i.dailymail.co.uk/1s/2022/11/01/23/64054681-0-image-a-2_1667345975094.jpg,"Leslie Hanson, a member of the League of Women Voters of Arizona, told the court she will not use a drop box this year because of reports of armed watchers

'It's disconcerting,' she said, according to a Twitter thread maintained by Democracy Docket.

'It's unsettling to know that there are people watching you and thinking that you're violating the law and they're armed.'",United Kingdom,Center Right,Local News Outlet,False,True
178186,2020-07-14,Hillary Clinton says the US must 'be ready' for the possibility that Trump will not 'go quietly',https://www.dailymail.co.uk/news/article-8520363/Hillary-Clinton-says-ready-possibility-Trump-not-quietly.html?ns_mchannel=rss&ito=1490&ns_campaign=1490,Daily Mail,"Harriet Alexander, Us Senior Features Writer, Chris Jewers, Assistant Foreign News Editor","Assistant Foreign News Editor, Chris Jewers, Harriet Alexander, Us Senior Features Writer",https://i.dailymail.co.uk/1s/2020/07/14/07/30738000-0-image-a-74_1594707213852.jpg,She said she works with Democracy Docket to support lawsuits 'to make the vote available'.,United Kingdom,Center Right,Local News Outlet,False,True
178132,2025-10-27,Trump demands ‘no early voting’ in latest threat to upcoming elections,https://www.independent.co.uk/news/world/americas/us-politics/trump-early-voting-california-new-york-b2853259.html,The Independent,,,https://static.independent.co.uk/s3fs-public/thumbnails/image/2017/01/27/15/trumpvote.jpg?width=1200&height=800&crop=1200:800,"And now, he’s planning to get revenge in 2026,” according to elections attorney Marc Elias, founder of Democracy Docket.",United Kingdom,Center Left,Local News Outlet,True,True
178101,2023-01-09,Republicans filed record number of anti-voting lawsuits in 2022 – report,https://www.theguardian.com/us-news/2023/jan/09/republicans-anti-voting-lawsuits-2022,The Guardian,,,"https://i.guim.co.uk/img/media/efe0cc8c362d0b4318284de4e88cdf400891ec09/0_67_4792_2875/master/4792.jpg?width=1200&height=630&quality=85&auto=format&fit=crop&precrop=40:21,offset-x50,offset-y0&overlay-align=bottom%2Cleft&overlay-width=100p&overlay-base64=L2ltZy9zdGF0aWMvb3ZlcmxheXMvdGctYWdlLTIwMjMucG5n&enable=upscale&s=d7b53ebda837d895e741ffd81040adba","Last year, Republican party groups filed 23 democracy-related lawsuits, according to a new report by Democracy Docket, a progressive media platform that tracks voting litigation.",United Kingdom,Center Left,Local News Outlet,False,True
178052,2024-10-16,Inside the Republican legal blitz to sow election doubt: ‘The claims are garbage’,https://www.theguardian.com/us-news/2024/oct/16/republican-litigation-election,The Guardian,Sam Levine,Sam Levine,"https://i.guim.co.uk/img/media/64e1a708ec85ab097e9d6fe30eac8ddd1bdd9ff7/0_400_6000_3600/master/6000.jpg?width=1200&height=630&quality=85&auto=format&fit=crop&precrop=40:21,offset-x50,offset-y0&overlay-align=bottom%2Cleft&overlay-width=100p&overlay-base64=L2ltZy9zdGF0aWMvb3ZlcmxheXMvdGctYWdlLTIwMjQucG5n&enable=upscale&s=3bff1748faa6f8498d3f9c2d9bc86fd3","From 2023 until September of this year, the Republican National Committee (RNC) and local affiliates have filed or are involved in at least 72 cases, according to an analysis by Democracy Docket, a left-leaning voting rights news platform founded by the Democratic lawyer Marc Elias.",United Kingdom,Center Left,Local News Outlet,True,True
178048,2020-11-07,Millions of Americans have risen up and said: democracy won't die on our watch,https://www.theguardian.com/commentisfree/2020/nov/07/americans-democracy-trump,The Guardian,Carol Anderson,Carol Anderson,"https://i.guim.co.uk/img/media/a4647be8e69943f79f097168302004b0203ffc0d/0_208_6240_3744/master/6240.jpg?width=1200&height=630&quality=85&auto=format&fit=crop&precrop=40:21,offset-x50,offset-y0&overlay-align=bottom%2Cleft&overlay-width=100p&overlay-base64=L2ltZy9zdGF0aWMvb3ZlcmxheXMvdGctb3BpbmlvbnMtYWdlLTIwMjAucG5n&enable=upscale&s=a1c9db4cf40133be1d45336478c45792","With the help of an impressive array of legal and grassroots warriors, like the NAACP Legal Defense Fund, the ACLU, the League of Women Voters, the Lawyers’ Committee for Civil Rights, March for Our Lives, FairFight for Action, Black Voters Matter Fund, Voto Latino, the Native American Rights Fund, Asian Americans Advancing Justice, the Leadership Conference on Civil Rights, the New Georgia Project, the NAACP, Democracy Docket, VoteRiders, and more, Americans fought for this democracy.",United Kingdom,Center Left,Local News Outlet,False,True
176293,2020-11-02,2020 election lawsuits and ballot access: what you need to know,https://www.politifact.com/article/2020/nov/02/2020-election-lawsuits-and-ballot-access-what-you-/,Politifact,"Amy Sherman, November","Amy Sherman, November",https://static.politifact.com/CACHE/images/politifact/photos/miami_dade_north_miami_ballot_drop_off/8ff3a1fa9ddd379aec727afb0d7ea219.jpg,"The left’s Democracy Docket, compiled by lawyer Marc Elias and his team, showed active cases in nine states.",United States,Center,Web Publication,True,True
175931,2025-01-07,Counting of 2024 presidential race ballots is over,https://www.politifact.com/factchecks/2025/jan/07/donald-trump/congress-certified-trumps-2024-win-the-next-day-he/,Politifact,"Amy Sherman, January","Amy Sherman, January",https://static.politifact.com/politifact/rulings/meter-false.jpg,"Certified state house races in Minnesota and Georgia also remain in litigation, according to Democracy Docket, a voting rights news platform that tracks election litigation.",United States,Center,Web Publication,False,True
175390,2023-05-25,"Gov. DeSantis Signs Election Reforms Into Law, Elias Law Group and NAACP Sue Claiming Racism, per Usual",https://redstate.com/brutalbrittany/2023/05/25/gov-desantis-signs-election-reforms-into-law-elias-law-group-and-naacp-sue-claiming-racism-per-usual-n751118,Red State,"Brittany Sheehan, Teri Christoph, Bob Hoge, Rusty Weiss, Tommy Sears","Bob Hoge, Brittany Sheehan, Rusty Weiss, Teri Christoph, Tommy Sears",https://media.townhall.com/townhall/reu/ha/2023/73/3eaa2725-2662-4c11-87ae-13c40b91deb3.png,"In a statement for the plaintiffs, Elias Law Group wrote:

SB 7050’s restrictions on voter registration infringe upon third-party voter registration organizations’ constitutional rights to free speech and association and violate the Fourteenth Amendment to the United States Constitution because they were purposefully enacted, at least in part, with a racially discriminatory intent to discriminate against Black and Hispanic voters and have the effect . . .",United States,Right,Web Publication,True,True
175358,2023-04-20,Marc Elias and the DCCC Hit With FEC Complaint Over Alleged Misclassified Payments,https://redstate.com/smoosieq/2023/04/20/marc-elias-and-the-dccc-hit-with-fec-complaint-over-alleged-misclassified-payments-n733826,Red State,"Susie Moore, Teri Christoph, Bob Hoge, Rusty Weiss, Tommy Sears","Bob Hoge, Rusty Weiss, Susie Moore, Teri Christoph, Tommy Sears",https://media.townhall.com/townhall/reu/ha/2009/64/fd255bce-9231-45fe-b077-d504ed079251@news.ap.org.jpg,"Nevertheless:

The Elias Law Group was paid nearly $5.2 million by the DCCC from Oct. 2021 to July 2022 for legal services classified as “RECOUNT LEGAL SVCS,” despite no federal recounts taking place in that time period, and months to go until the Nov. 2022 midterm elections, according to an FEC complaint brought on April 10 by the Committee to Defeat the President, an anti-Biden Super PAC.",United States,Right,Web Publication,True,True
175346,2023-04-12,Report: Trouble in Paradise as DNC Makes Shocking Move Concerning ‘Super Lawyer’ Marc Elias,https://redstate.com/sister-toldjah/2023/04/12/report-trouble-in-paradise-as-dnc-makes-shocking-move-concerning-super-lawyer-marc-elias-n730178,Red State,"Sister Toldjah, Teri Christoph, Bob Hoge, Rusty Weiss, Tommy Sears","Bob Hoge, Rusty Weiss, Sister Toldjah, Teri Christoph, Tommy Sears",https://media.townhall.com/townhall/reu/ha/2017/297/4cff4a59-9cb2-4016-ab15-34f5bcd0c8ba.jpg,"Marc Elias has for a long time now been the go-to “super lawyer” for Democrat groups including the Democratic Congressional Committee, the Democratic Senatorial Campaign Committee, and the Democratic National Committee, most often in cases involving election law, election results/challenges, redistricting, etc.",United States,Right,Web Publication,True,True
175321,2024-03-06,How the Left Plans to Turn Ohio Blue,https://pjmedia.com/stacey-lennox/2024/03/06/how-the-left-plans-to-turn-ohio-blue-n4927049,PJ Media,"Stacey Lennox, Scott Pinsker, Victoria Taft, Kevin Downey Jr., Catherine Salgado, Rick Moran, Sarah Anderson","Catherine Salgado, Kevin Downey Jr., Rick Moran, Sarah Anderson, Scott Pinsker, Stacey Lennox, Victoria Taft",https://media.townhall.com/cdn/hodl/2019/140/162e81ee-ff97-4f6e-ae55-eb09f97ad6f7.png,"Advertisement

Lawyers under the umbrella of Democracy Docket have filed suit against Yost.",United States,Right,Web Publication,True,True
175247,2024-04-19,‘Very Scary’: Hillary Clinton Suggests ‘What Trump Really Wants’ Is To ‘Kill His Opposition’,https://dailycaller.com/2024/04/19/very-scary-hillary-clinton-suggests-trump-wants-kill-opposition/,Daily Caller,Jason Cohen,Jason Cohen,"https://images.dailycaller.com/image/width=1280,height=549,fit=cover,format=webp,f=auto/https://cdn01.dailycaller.com/wp-content/uploads/2024/04/Screenshot-2024-04-19-12.25.56-PM-e1713544075449.png","Clinton, on the “Democracy Docket” podcast, accused Trump of modeling himself after Russian President Vladmir Putin and other global dictators, suggesting her former opponent wants to commit heinous acts against those who oppose him.",United States,Right,Web Publication,True,True
175246,2024-04-19,Hillary Clinton Says Trump Wants to Kill His Opposition (VIDEO),https://www.thegatewaypundit.com/2024/04/hillary-clinton-says-trump-wants-kill-his-opposition/?utm_source=rssutm_medium=rssutm_campaign=hillary-clinton-says-trump-wants-kill-his-opposition,Gateway Pundit,Cristina Laila,Cristina Laila,https://www.thegatewaypundit.com/wp-content/uploads/2024/04/img_6302.jpg,"Hillary Clinton described Joe Biden and the Democrat party and she trashed Trump during her podcast interview with Marc Elias, a far-left lawyer who helped Hillary purchase the fake Trump-Russia dossier in 2016.",United States,Right,Web Publication,True,True
175242,2024-04-19,Unhinged Hillary Clinton Accuses Trump of Wanting to Be Like Putin and Murder His Enemies,https://redstate.com/bobhoge/2024/04/19/unhinged-hillary-claims-trump-wants-to-be-like-vlad-and-kill-his-enemies-n2173047,Red State,"Bob Hoge, Teri Christoph, Rusty Weiss, Tommy Sears","Bob Hoge, Rusty Weiss, Teri Christoph, Tommy Sears",https://media.townhall.com/cdn/hodl/2023/108/0a5c7e07-5ca5-42b9-9c0f-273c5b45e53b.jpg,"Appearing on election lawyer Marc Elias' podcast ""Democracy Docket"" in an episode that dropped Friday, former Secretary of State Hillary Clinton whined about her 2016 election loss and hurled baseless charges against former President Donald Trump, accusing him of wanting to be like Russian strongman Vladimir Putin and murder his enemies.",United States,Right,Web Publication,True,True
175231,2024-04-22,"Hillary Clinton Desperate, Says Trump Wants to 'Kill His Opposition' in Wild Rant",https://www.westernjournal.com/hillary-clinton-desperate-says-trump-wants-kill-opposition-wild-rant/,The Western Journal,"Rachel M. Emmanuel, Michael Schwarz, C. Douglas Golden, Samuel Short, Jack Davis, Randy Desoto, Bryan Chai, Rachel Emmanuel Has Served As The Director Of Content On A Republican Congressional Campaign, Writes Content For A Popular Conservative Book Franchise., Rachel M. Emmanuel Has Served As The Director Of Content On A Republican Congressional Campaign","Bryan Chai, C. Douglas Golden, Jack Davis, Michael Schwarz, Rachel M. Emmanuel, Randy Desoto, Samuel Short",https://www.westernjournal.com/wp-content/uploads/2024/04/hillary-sbs-trump-for-april-22-2024.jpg,"Speaking Friday on the liberal podcast “Democracy Docket,” hosted by the infamous Democratic election attorney Marc Elias, the former Democratic presidential candidate unleashed a delusional diatribe against the 45th president, making wild accusations that sounded like a recap of a fever dream she may have had in November 2016 — and showed how desperate she is to smear Trump as the presidential election nears.",United States,Right,Web Publication,True,True
175160,2022-12-22,"GOP AG Candidate Gets Huge News in Court, Election Case Allowed to Proceed on 4 Counts",https://ijr.com/gop-ag-candidate-gets-huge-news-court-election-case-allowed-proceed-4-counts/,Independent Journal Review,,,https://ijr.com/wp-content/uploads/2022/12/GOP-candidates.jpg,"Hamadeh, who lost to Democrat Kris Mayes by a meager 511 votes in the November midterm elections, will have his day in court on Friday, according to court documents obtained by Democracy Docket.",United States,Center Right,Web Publication,False,True
175099,2022-11-08,Desperate Fetterman Turns to Russia Hoaxer Marc Elias to Force Pennsylvania to Count Undated Mail-in Ballots,https://www.breitbart.com/midterm-election/2022/11/08/desperate-fetterman-turns-to-russia-hoaxer-marc-elias-to-force-pennsylvania-to-count-undated-mail-in-ballots/,Breitbart,Joel B. Pollak,Joel B. Pollak,https://media.breitbart.com/media/2022/11/John-Fetterman-Getty-640x335.jpg,"The complaint was filed by the Elias Law Group, which split from the Democrat-aligned Perkins Coie law firm ahead of a criminal indictment of former Hillary Clinton campaign lawyer and former Perkins Coie partner Michael Sussmann by Special Counsel John Durham in his investigation into the origins of the “Russia collusion” hoax.",United States,Right,Web Publication,True,True
175049,2022-10-22,"A Special ""Thank You"": Far Left ""Democracy Docket"" Points Out Stellar Conservatives in the 2022 Mid-terms -- Plus: Extensive List of Election Fraud Evidence",https://www.thegatewaypundit.com/2022/10/special-thank-far-left-democracy-docket-points-stellar-conservatives-2022-mid-terms-plus-extensive-list-election-fraud-evidence/,Gateway Pundit,Brian Lupo,Brian Lupo,https://www.thegatewaypundit.com/wp-content/uploads/trump-thmbs-up-1200x630.jpg,"And what really terrifies the Democrats is the “recent history of electing moderate Republicans to statewide office” in “deep blue states”, according to Democracy Docket:

Connecticut: Dominic Rapini for secretary of state

Maryland: Dan Cox for governor and Michael Peroutka for attorney general

Massachusetts: Geoff Diehl for governor, Rayla Campbell for secretary of state

New York: Lee Zeldin, a current US Representative, is running for governor and voted against certifying 2020 results

Vermont: H. Brooke Paige for secretary of state

They also list the “closely divided states”:",United States,Right,Web Publication,False,True
148737,2025-07-25,The Supreme Court Majority Are MAGA Sycophants,https://dianeravitch.net/2025/07/25/the-supreme-court-majority-are-maga-sycophants/,Diane Ravitch,,,https://dianeravitch.net/wp-content/uploads/2017/12/diane.jpg?w=200,SCOTUS greenlighted his seizure of USAID and approved his evisceration of the Education Department.,United States,Center Left,Independent Journalism,False,True
174831,2024-05-09,"Hillary Clinton Says Trump is Hitler, Will Lock Up His Political Opponents and End All US Elections as We Know It (VIDEO)",https://www.thegatewaypundit.com/2024/05/hillary-clinton-says-trump-is-trying-lock-up/?utm_source=rss&utm_medium=rss&utm_campaign=hillary-clinton-says-trump-is-trying-lock-up,Gateway Pundit,Cristina Laila,Cristina Laila,https://www.thegatewaypundit.com/wp-content/uploads/2024/05/0-59-1200x630.jpg,"pic.twitter.com/MPcT5crC2Z — Charlie Kirk (@charliekirk11) May 9, 2024

Hillary made similar remarks last month during her podcast interview with Marc Elias, a far-left lawyer who helped Hillary purchase the fake Trump-Russia dossier in 2016.",United States,Right,Web Publication,True,True
174690,2024-05-11,"RNC, Wisconsin GOP Join Lawsuit in State Supreme Court Banning Ballot Drop Boxes, Arguments Begin Monday",https://redstate.com/beccalower/2024/05/11/rnc-wisconsin-gop-join-lawsuit-in-state-supreme-court-banning-drop-boxes-oral-arguments-begin-monday-n2174057,Red State,"Becca Lower, Bob Hoge, Teri Christoph, Rusty Weiss, Tommy Sears","Becca Lower, Bob Hoge, Rusty Weiss, Teri Christoph, Tommy Sears",https://media.townhall.com/cdn/hodl/2020/302/67d3dd38-175e-411a-97ec-2a3c89887a69.jpg,"More on that in a minute.

Advertisement

via Democracy Docket:

The Wisconsin Supreme Court will hold oral argument on Monday to decide whether election officials can reinstate secure ballot drop boxes for the 2024 election.",United States,Right,Web Publication,False,True
174646,2024-07-08,"Report: Democrat Election Lawyer, Russia Hoaxer Marc Elias Backs 'Secretive' Media Network in Arizona",https://www.breitbart.com/politics/2024/07/08/democrat-election-lawyer-russia-hoaxer-marc-elias-backs-secretive-media/,Breitbart,Joel B. Pollak,Joel B. Pollak,https://media.breitbart.com/media/2020/04/AP_19022609804217-640x335.jpg,"Marc Elias, the Democrat lawyer behind the Russia collusion hoax in 2016 and the push for vote-by-mail in 2020, is backing a “secretive local media network” in Arizona whose purpose is to boost Democratic candidates on social media.",United States,Right,Web Publication,True,True
174406,2021-08-23,Crooked Clinton Lawyer Who Paid for Steele Dossier Opens New Firm ‘Because Our Democracy Is at Risk',https://pjmedia.com/news-and-politics/matt-margolis/2021/08/23/crooked-clinton-lawyer-who-paid-for-steele-dossier-opens-new-firm-because-our-democracy-is-at-risk-n1472025,PJ Media,"Matt Margolis, Scott Pinsker, Victoria Taft, Kevin Downey Jr., Catherine Salgado, Rick Moran, Sarah Anderson","Catherine Salgado, Kevin Downey Jr., Matt Margolis, Rick Moran, Sarah Anderson, Scott Pinsker, Victoria Taft",https://media.townhall.com/townhall/reu/ha/2009/65/b8b7d048-dfa8-4181-ac41-48b492596e33@news.ap.org.jpg,"Elias’s connection to the attempted cover-up of the dossier’s funding makes the news of his departure more interesting because he’s opening up his own firm, the Elias Law Group, because, Elias says, “our democracy is at risk and it is the most effective way for me to fight back.”",United States,Right,Web Publication,True,True
174404,2021-08-23,Clinton Lawyer Featured In Steele Dossier Scandal Opens Firm With Focus On Ethics and Campaign Disclosures,https://jonathanturley.org/2021/08/23/clinton-lawyer-featured-in-steele-dossier-scandal-opens-firm-with-focus-on-ethics-and-campaign-disclosures/,Jonathan Turley,,,https://jonathanturley.org/wp-content/uploads/2021/08/Medieval_knight_puppets_from_Hortus_Deliciarum-300x139.jpg,"We previously discussed the controversial career of Marc Elias, a partner at Perkins Coie, who featured prominently in the alleged concealment of the Clinton campaign’s funding of the Steele Dossier.",United States,Center Right,Independent Journalism,True,True
174386,2021-07-07,Hillary Clinton: Election Integrity Bills Are 'White Supremacist Authoritarianism',https://www.breitbart.com/politics/2021/07/07/hillary-clinton-claims-election-integrity-bills-are-move-toward-white-supremacist-authoritarianism/,Breitbart,Joshua Caplan,Joshua Caplan,https://media.breitbart.com/media/2021/07/GettyImages-1233734064-e1625688056865-640x335.jpg,"“Each of these proposals disproportionately prevents people of color from casting their ballots, and each is egregious in its own right,” Clinton wrote in an op-ed for Democracy Docket.",United States,Right,Web Publication,False,True
174289,2021-04-02,Left-wing activist blasted for suggesting Georgians may not find driver’s license number to vote,https://www.foxnews.com/media/left-wing-activist-drivers-license-number,Fox News,Brian Flood,Brian Flood,https://static.foxnews.com/foxnews.com/content/uploads/2021/01/AP21005555326684.jpg,"However, many progressives say voter ID laws are designed to hamper the ability of minorities to vote, and Democracy Docket founder Marc Elias is concerned Georgians might not know which number to use.",United States,Right,Cable TV News,True,True
174214,2021-09-17,Russia hoaxer Marc Elias forms his own law firm to push his far-left 'voting rights',https://www.independentsentinel.com/russia-hoaxer-marc-elias-forms-his-own-law-firm-to-push-his-far-left-voting-rights/,Independent Sentinel,"M Dowling, Recon Scout Car","M Dowling, Recon Scout Car",https://www.independentsentinel.com/wp-content/uploads/2019/01/marc-elias.jpg,"On the Democracy Docket website asking for donations, it reads:

Democracy Docket is the leading progressive media platform dedicated to providing information, opinion and analysis about voting rights, elections, redistricting and democracy.",United States,Right,Web Publication,True,True
174206,2021-09-15,"Dark money network gives top Dem lawyer 'nearly unlimited funding' for voting rights lawsuits, watchdog says",https://www.foxnews.com/politics/dark-money-network-gives-dem-lawyer-nearly-unlimited-funding-for-voting-rights-lawsuits-watchdog-says,Fox News,Joe Schoffstall,Joe Schoffstall,https://cf-images.us-east-1.prod.boltdns.net/v1/static/694940094001/a1fb38a9-1a62-4805-a61a-cf6bf4349913/d71de830-3bbd-464e-8f34-f95de0e8e801/1280x720/match/image.jpg,"But before departing the heavyweight firm used by an extensive list of powerful Democratic politicians, Elias positioned himself with several groups tied to a dark money juggernaut that would help in efforts to push back against the likes of voter identification and redistricting lawsuits across America.

Elias in July 2020 registered Democracy Docket LLC, a site dedicated to acting as a hub for opinion, advocacy and information on voting rights, elections and redistricting, Virginia business records show.",United States,Right,Cable TV News,True,True
174088,2021-10-17,Reliably Partisan: Brian Stelter Offers Softballs to Steele-Dossier Slime Merchant,https://www.newsbusters.org/blogs/nb/tim-graham/2021/10/17/reliably-partisan-brian-stelter-offers-softballs-steele-dossier,mrcNewsbusters,"Tim Graham, Executive Editor","Executive Editor, Tim Graham",https://cdn.newsbusters.org/styles/mobile_thumb_700x400_/s3/2021-10/Reliable%20Sources%20with%20Brian%20Stelter%20-%2011_00_00%20AM%20%2811%29.jpg?itok=PbP8mOTI,"The tinny echoes were overwhelming on Sunday's Reliable Sources as he committed a softball interview with Democrat election lawyer Marc Elias, a central figure in the false Russian-collusion scam and Steele-Dossier mess.",United States,Center,Web Publication,True,True
173945,2020-11-01,"Late Ballots, Mismatched Signatures, Drop Boxes",https://www.westernjournal.com/hundreds-lawsuits-late-ballots-mismatched-signatures-drop-boxes-alter-election/,The Western Journal,"The Daily Caller News Foundation, Thomas Catenacci, Michael Schwarz, C. Douglas Golden, Samuel Short, Jack Davis, Randy Desoto, Founded Tucker Carlson, A Veteran Of Print, Broadcast Media","A Veteran Of Print, Broadcast Media, C. Douglas Golden, Founded Tucker Carlson, Jack Davis, Michael Schwarz, Randy Desoto, Samuel Short, The Daily Caller News Foundation, Thomas Catenacci",https://www.westernjournal.com/wp-content/uploads/2020/10/Voting-1.jpg,"Elias and his team have been involved in more than 60 cases, 18 of which are active, according to Democracy Docket, a website Elias created to “spotlight” voter suppression.",United States,Right,Web Publication,True,True
173825,2021-11-30,Harvard teaching how U.S. elections can be decided by courts,https://www.wnd.com/2021/11/harvard-teaching-u-s-elections-can-decided-courts/,World Net Daily,Around The Web,Around The Web,https://www.wnd.com/wp-content/uploads/2021/10/polling-center-vote-voting-election-Pixabay-1200x630.jpg,"The clinic also touts instructor Daniel Hessel, who has “litigated election law cases with the Campaign Legal Center and environmental cases with the Natural Resources Defense Council.”

Nicholas Stephanopoulos, an attorney who “provides strategic advice for clinic cases [and] helps to litigate some of these matters,” wrote a piece this year for Democracy Docket, the organization run by Marc Elias, a top election lawyer for the Democratic Party.",United States,Right,Web Publication,True,True
173807,2020-08-21,Mail-in Voting Part II: Company the Democratic Party Keeps,https://townhall.com/columnists/loydpettegrew/2020/08/21/mailin-voting-part-ii-company-the-democratic-party-keeps-n2574789,Town Hall,"Loyd Pettegrew, Joseph Chalfant, Jeff Charles, Dmitri Bolt, Storm Paglia, Brad Slager, Steve Cortes, Kurt Schlichter","Brad Slager, Dmitri Bolt, Jeff Charles, Joseph Chalfant, Kurt Schlichter, Loyd Pettegrew, Steve Cortes, Storm Paglia",https://media.townhall.com/cdn/hodl/2018/306/af244bf1-1146-4e2d-88ed-c7eb52f4a5c6.jpg,"In order to support and facilitate mail-in voting, Democracy Docket advocates four mail-in voting guidelines: 1) Postage must be free or paid for by the government; 2) Ballots postmarked on or before election day must be counted; 3)",United States,Right,Web Publication,False,True
173564,2024-12-11,MSNBC: Republicans 'Cheated' to Win House with 'Rigged' Districts,https://www.newsbusters.org/blogs/nb/brad-wilmouth/2024/12/11/msnbc-republicans-cheated-win-house-rigged-districts,mrcNewsbusters,"Brad Wilmouth, Contributing Writer","Brad Wilmouth, Contributing Writer",https://cdn.newsbusters.org/styles/mobile_thumb_700x400_/s3/2024-12/Morning%20Joe-nickel-2024-12-04-0.jpg?itok=Kx3jJp-r,"As Wallace anchored Deadline: White House, she declared that gerrymandering is ""cheating basically,"" and had on liberal redistricting activist Marc Elias who similarly pushed the line that Republicans are worse about gerrymandering than Democrats, and cited California as an example to emulate.",United States,Center,Web Publication,True,True
173445,2022-03-25,Shock Ruling: Court Strikes Down Democrat Gerrymander in Maryland,https://redstate.com/bonchie/2022/03/25/shock-ruling-court-strikes-down-democrat-gerrymander-in-maryland-n540807,Red State,"Bob Hoge, Teri Christoph, Rusty Weiss, Tommy Sears","Bob Hoge, Rusty Weiss, Teri Christoph, Tommy Sears",https://media.townhall.com/townhall/reu/ha/2018/306/adc13cd2-955a-41a7-bf6a-412980742bd1.jpg,"https://t.co/cgUoIdd0Gc — Democracy Docket (@DemocracyDocket) March 25, 2022

Maryland has long been ground zero in the country for ridiculous gerrymandering.",United States,Right,Web Publication,False,True
173208,2025-04-01,Watch: Cory ‘Spartacus’ Booker Holds a Fake Hours-Long Anti-Trump Filibuster and ‘Nobody Cares’,https://redstate.com/rusty-weiss/2025/04/01/watch-cory-spartacus-booker-holds-a-fake-hours-long-anti-trump-filibuster-and-nobody-cares-n2187361,Red State,"Rusty Weiss, Bob Hoge, Teri Christoph, Ward Clark, Tommy Sears","Bob Hoge, Rusty Weiss, Teri Christoph, Tommy Sears, Ward Clark",https://media.townhall.com/cdn/hodl/2019/255/9f9a6ba4-da4b-49ce-bf31-62f798945fbf.png,"New Jersey Sen. @CoryBooker is on the Senate floor, saying, ""I rise with the intention of disrupting the normal business of the United States Senate for as long as I am physically able"" to protest President Trump and Elon Musk.



Watch live: https://t.co/Zi8OhJXJej pic.twitter.com/CXT92L6V5P — Democracy Docket (@DemocracyDocket) April 1, 2025

Advertisement

RELATED:",United States,Right,Web Publication,False,True
170233,2021-03-25,The Left's Legal Top Gun Marc Elias Isn't Finished With Democracy Yet,https://www.theepochtimes.com/the-lefts-legal-top-gun-marc-elias-isnt-finished-with-democracy-yet_3747756.html,The Epoch Times,,,https://img.theepochtimes.com/assets/uploads/2020/12/22/rita-hart-1080x720.jpg,"His political action group, the Democracy Docket, is floating a new strategy to guarantee Democratic majorities in the House and Senate: unseating any Republican they say won unfairly, especially through “voter suppression” or gerrymandering.",United States,Right,Web Publication,True,True
172860,2025-08-01,"This Case Is Not Closed, It Is Not Dismissed, It Has Not Been Complied With"" - Georgia State Election Board Votes to Seek DOJ Assistance to Obtain Voting Records from Fulton County from 2020 Election",https://www.thegatewaypundit.com/2025/08/this-case-is-not-closed-it-is-not/,Gateway Pundit,Jordan Conradson,Jordan Conradson,https://www.thegatewaypundit.com/wp-content/uploads/2025/08/ga-janice-johnson-board-elections-1200x630.jpg,"What are they afraid of?

Via Democracy Docket:

A last-minute resolution passed by the Georgia State Election Board by a 3-2 vote Wednesday called on state authorities to seek assistance from the U.S. Department of Justice (DOJ) and other federal agencies to obtain voting records and documents related to the 2020 contest from Fulton County, the state’s largest county and a Democratic stronghold.",United States,Right,Web Publication,False,True
172834,2025-08-27,VIDEO] Fulton County Board of Commissioners Defy Court Order - Refuse to Appoint Republican Election Board Nominees - Contempt Hearing Today,https://www.thegatewaypundit.com/2025/08/video-fulton-county-board-commissioners-defy-court-order/,Gateway Pundit,Brian Lupo,Brian Lupo,https://www.thegatewaypundit.com/wp-content/uploads/2025/08/fulton-bocs.jpg,"From Marc Elias’s own Democracy Docket: “Julie Adams, who... https://t.co/eiI2ZQyJnd pic.twitter.com/94otzpd6xU — CannCon (@CannConActual) August 27, 2025

Marc Elias’s own Democracy Docket notes that Adams is being labeled an election denier because she refused to vote to certify a Georgia primary election in May 2024 because she felt she was not provided enough information to ensure the election was legitimately run:

“Julie Adams, who currently serves on the Fulton County Board of Elections and Registration, was at the center of May 2024 controversy when she refused to certify the county’s primary election results.",United States,Right,Web Publication,True,True
172804,2025-11-21,NeverTrump 'Conservative' George Conway Eyes Dem Nadler's NYC Seat – As Democratic Challenger,https://www.westernjournal.com/nevertrump-conservative-george-conway-eyes-dem-nadlers-nyc-seat-not-surprising-twist/,The Western Journal,"C. Douglas Golden, Jack Davis, Michael Schwarz, Randy Desoto, Bryan Chai, Samuel Short, Contributor, C. Douglas Golden Is A Writer Who Splits His Time Between The United States, Southeast Asia. Specializing In Political Commentary, World Affairs","Bryan Chai, C. Douglas Golden, Jack Davis, Michael Schwarz, Randy Desoto, Samuel Short, World Affairs",https://www.westernjournal.com/wp-content/uploads/2025/11/Ben-Working-Feature-Image-2025-11-21T012142.871.jpg,"Mr. Conway outlined his pitch on Tuesday night at a private virtual event for paid members of Democracy Docket, the media outlet founded by Marc Elias, the Democratic attorney.",United States,Right,Web Publication,True,True
175909,2025-03-22,Marc Elias Writes to Elon Musk,https://dianeravitch.net/2025/03/22/marc-elias-writes-to-elon-musk/,Diane Ravitch,,,https://lh7-rt.googleusercontent.com/docsz/AD_4nXclcyjU-XM5odSvQfoJLeJtlm9B4eEFvN_FZUsTl-RWBgNQR0L9aL62QIKvi9YVMQrEUkPSEKa_uSw---k4XUXw5cGWAqqFD7ihxj2XTg77BVs2ga0gMafCRS8LQ5K-A-8wORlFsw?key=qGk2N71FPSU8iq_gvt0fSNbT,Marc Elias is a lawyer who leads a group called Democracy Docket.,United States,Center Left,Independent Journalism,True,True
172765,2023-12-12,GOP’s hopes to keep House majority in serious danger after latest NY supreme court ruling,https://www.alternet.org/gop-majority-in-danger-court/,Alternet,Carl Gibson,Carl Gibson,https://www.alternet.org/media-library/image.png?id=50336047&width=1200&height=600&coordinates=0%2C51%2C0%2C52,"Democratic-aligned election attorney Marc Elias tweeted on Tuesday that the state's highest court ruled in his favor, upholding his petition that the courts should compel the IRC to re-draw Congressional redistricting maps prior to the 2024 general election.",United States,Left,Web Publication,True,True
172761,2023-12-18,Cheers and Jeers: Monday,https://www.dailykos.com/stories/2023/12/18/2211963/-Cheers-and-Jeers-Monday?pm_campaign=blog&pm_medium=rss&pm_source=main,Daily Kos,,,https://images.dailykos.com/images/1016107/story_image/CheersandJeerssharpedgelogo.jpg?1639234149,"Friday evening, Saint Marc Elias at Democracy Docket, an organization that's kryptonite to right-wing vote suppressors, delivered a stocking full of good news in his daily email blast.",United States,Left,Web Publication,True,True
172752,2023-12-29,Democrats target GOP extremists as they look to build power in state legislatures,https://www.dailykos.com/stories/2023/12/29/2214261/-Democrats-target-GOP-extremists-as-they-look-to-build-power-in-state-legislatures?pm_campaign=blogpm_medium=rsspm_source=,Daily Kos,,,https://images.dailykos.com/images/1259802/story_image/AP23258734726237.jpg?1703800338,"In an article for Democracy Docket, Williams touts 2024 as “the year of the states,” calling state legislative races “the Democrats’ secret weapon” for the upcoming election.",United States,Left,Web Publication,False,True
172742,2024-01-23,Cheers and Jeers: Tuesday,https://www.dailykos.com/stories/2024/1/23/2218664/-Cheers-and-Jeers-Tuesday?pm_campaign=blog&pm_medium=rss&pm_source=,Daily Kos,,,https://images.dailykos.com/images/1016107/story_image/CheersandJeerssharpedgelogo.jpg?1639234149,"This morning Democracy Docket is in our weekly Energize An Ally spotlight because without strong national voting rights protections (thank you, turncoats Joe Manchin and Kyrsten Sinema for killing legislation that would've enshrined them into law), it’s up to individuals like him, and groups like his, to save our asses in 2024 and beyond.",United States,Left,Web Publication,True,True
172743,2024-01-22,Cheers and Jeers: Monday,https://www.dailykos.com/stories/2024/1/22/2218369/-Cheers-and-Jeers-Monday?pm_campaign=blog&pm_medium=rss&pm_source=,Daily Kos,,,https://images.dailykos.com/images/1016107/story_image/CheersandJeerssharpedgelogo.jpg?1639234149,"Days 'til the next full ""wolf moon"": 3

Days 'til the Food Depot's Souper Bowl in Santa Fe, New Mexico: 5

Weekly initial unemployment claims announced last week, down 16k from the previous week and now the lowest since 1969: 187,000

Number of pro-voting-rights lawsuits and anti-voting-rights lawsuits, respectively, passed in the U.S. last year, according to Democracy Docket: 51 / 22

Percent of the lawsuits that ended in victory for the pro-voting-rights side: 83%

The last year when home sales were slower than they were in 2023: 1995

Age of Dolly Parton as of last Friday, when she released 4 new ""surprise"" songs: 78

Totally Random Football Score Detroit Lions 31 Tampa Bay 23

-

Puppy Pic of the Day: Extra kibble for lifesaver Ruby...

-

CHEERS to rational exuberance.",United States,Left,Web Publication,False,True
172728,2023-11-29,Two Arizona GOP county supervisors indicted for felony election crimes,https://www.alternet.org/az-county-supervisors-indicted-election/,Alternet,Carl Gibson,Carl Gibson,https://www.alternet.org/media-library/image.png?id=50593792&width=1200&height=600&coordinates=0%2C0%2C0%2C200,"According to the indictment, which was tweeted by Democratic election attorney Marc Elias on his ""Democracy Docket"" account, Both Judd and Crosby face charges of conspiracy and interference with an election officer.",United States,Left,Web Publication,True,True
172724,2023-11-23,Cheers and Jeers: Family Dysfunction Awareness Day,https://www.dailykos.com/story/2023/11/23/2207288/-Cheers-and-Jeers-Family-Dysfunction-Awareness-Day?pm_campaign=blog&pm_medium=rss&pm_source=,Daily Kos,,,https://images.dailykos.com/images/779599/story_image/CheersandJeerslogo.jpg?1584578032,"The diverse slate of Biden’s 150 federal judges confirmed by the Senate, with many more to come The #5 thing on internet lists that actually SHOCK me

-

Ukraine’s continued humiliation of Russia

-

Ta-Nehisi Coates, Joy Reid, Bishop William Barber, Al Sharpton, Charlie Pierce, Charles Blow, John Nichols, Howard Dean, E.J. Dionne, Eugene Robinson, David K. Johnston, Paul Krugman, Elie Mystal

Marc Elias at Democracy Docket, for winning so many court cases against MAGA lawyers trying to steal elections

The Kagro in the Morning radio show

Naomi Klein, Marcy Wheeler, Rachel Maddow, Chris Hayes, Daniel Dale, David Corn, Lawrence O’Donnell, Nicolle Wallace

Atrios, Digby, Charles M. Blow, Joe Jervis, Michelangelo Signorile, Dan Savage, Leonard Pitts, Lizz Winstead

Media Matters, The Hispanic Federation, The Southern Poverty Law Center, PFAW, PFLAG, 350.org, RAICES, March for Our Lives, Indivisible, Leaders We Deserve, Black Lives Matter, Run For Something, Planned Parenthood, NAACP, IAVA, ACLU, and the many other advocacy organizations that prevent the worst of the MAGA cult’s abuses, often in coordination with each other

Jimmy and Rosalynn (RIP) Carter Bill and Hillary Clinton Barack and Michelle Obama Joe and Jill Biden

-

DRAG QUEENS

-",United States,Left,Web Publication,True,True
172716,2023-10-23,"'MAGA, MAGA and more MAGA': What experts are saying about all 9 GOP candidates for speaker",https://www.alternet.org/send/maga/,Alternet,"David Badash, The New Civil Rights Movement","David Badash, The New Civil Rights Movement",https://www.alternet.org/media-library/eyJhbGciOiJIUzI1NiIsInR5cCI6IkpXVCJ9.eyJpbWFnZSI6Imh0dHBzOi8vYXNzZXRzLnJibC5tcy8yMzU1MTQ4MC9vcmlnaW4uanBnIiwiZXhwaXJlc19hdCI6MTgxNTI1NzI4MX0.NLa0oNgACic3glFS0R7a8_ZlsNCdTiuvRm3rG3IAoKg/image.jpg?width=210,"MAGA, MAGA and more MAGA,” warns Democratic elections attorney Marc Elias, founder of Democracy Docket.",United States,Left,Web Publication,True,True
172709,2023-10-22,The GOP’s Secret To Protecting Gerrymandered Electoral Maps? Claim Privilege.,https://talkingpointsmemo.com/news/the-gops-secret-to-protecting-gerrymandered-electoral-maps-claim-privilege,Talking Points Memo,"Marilyn W Thompson, Is A Reporter At Propublica., .Wp-Block-Co-Authors-Plus-Coauthors.Is-Layout-Flow, Class, Wp-Block-Co-Authors-Plus, Display Inline, .Wp-Block-Co-Authors-Plus-Avatar, Where Img, Height Auto Max-Width, Vertical-Align Bottom .Wp-Block-Co-Authors-Plus-Coauthors.Is-Layout-Flow .Wp-Block-Co-Authors-Plus-Avatar","Is A Reporter At Propublica., Marilyn W Thompson",https://talkingpointsmemo.com/wp-content/uploads/2023/10/GettyImages-1436490356-scaled.jpg?w=804,"The lawsuits are taking so long to resolve that six states conducted their 2022 elections under maps that had been ruled illegal by lower courts, according to a recent analysis by Democracy Docket, a progressive website that tracks redistricting cases.",United States,Left,Web Publication,False,True
172707,2023-10-19,How the GOP Keeps Gerrymandering Alive in Secret,https://www.truthdig.com/articles/how-the-gop-is-able-to-keep-gerrymandering-alive-in-secret/?utm_source=rss&utm_medium=rss&utm_campaign=how-the-gop-is-able-to-keep-gerrymandering-alive-in-secret,TruthDig,"Dave Whamond, Monte Wolverton, Robert Reich, Gabbirenbaum, Eleanor Kilbanoff, The Texas Tribune, Marilyn W. Thompson","Dave Whamond, Eleanor Kilbanoff, Gabbirenbaum, Marilyn W. Thompson, Monte Wolverton, Robert Reich, The Texas Tribune",https://www.truthdig.com/wp-content/uploads/2023/10/AdobeStock_211968-scaled.jpeg,"The lawsuits are taking so long to resolve that six states conducted their 2022 elections under maps that had been ruled illegal by lower courts, according to a recent analysis by Democracy Docket, a progressive website that tracks redistricting cases.",United States,Left,Web Publication,False,True
172704,2023-10-18,The GOP’s Secret to Protecting Gerrymandered Electoral Maps? Claim Privilege.,https://www.propublica.org/article/electoral-maps-gerrymandering-texas-voting-elections-privilege,ProPublica,"Marilyn W. Thompson, .Wp-Block-Propublica-Byline Font-Size Var, Media Min-Width","Marilyn W. Thompson, Media Min-Width","https://www.propublica.org/wp-content/uploads/2023/10/20231013-Rodriguez-Priviledge-079_maxWidth_3000_maxHeight_3000_ppi_72_quality_95_embedColorProfile_true.jpg?resize=2000,1333","The lawsuits are taking so long to resolve that six states conducted their 2022 elections under maps that had been ruled illegal by lower courts, according to a recent analysis by Democracy Docket, a progressive website that tracks redistricting cases.",United States,Center Left,Web Publication,False,True
172692,2023-10-05,"After Leaving Green Party, Cornel West Faces 'Major Strategic Hurdle' Getting On Presidential Ballot",https://newsone.com/4744970/cornel-west-independent-candidate/,NewsOne,"Bruce C.T. Wright, Zack Linly, Dr. Stacey Patton","Bruce C.T. Wright, Dr. Stacey Patton, Zack Linly","https://newsone.com/wp-content/uploads/sites/22/2023/10/16965415346508.jpg?quality=80&strip=all&w=1024&crop=0,0,100,683px","Daou added: “Our Constitution provides for Independent candidates to gain ballot access in all states, and Dr. West has begun seeking ballot access as an Independent, unaffiliated with any political party.”

The way to get on all ballots is to file with each state prior to their deadline and have a certain number of signatures on petitions, according to guidelines established and enforced by each state’s secretary of state.

Democracy Docket, a website that provides information about voting rights and elections, warned that the “required number of signatures [for petitions] is usually higher for independent or unaffiliated candidates than the number required to make it onto a political primary ballot.”

Jill Stein, the 2016 Green Party presidential nominee, said West’s decision to run as an independent candidate will lose him access to the Green Party’s resources.",United States,Left,Web Publication,False,True
172664,2023-08-21,Cheers and Jeers: Monday,https://www.dailykos.com/stories/2023/8/21/2188087/-Cheers-and-Jeers-Monday?pm_campaign=blog&pm_medium=rss&pm_source=main,Daily Kos,,,https://images.dailykos.com/images/1016107/story_image/CheersandJeerssharpedgelogo.jpg?1639234149,"Over to you, Democracy Docket...

One of the now-blocked provisions required election officials to reject a voter’s absentee ballot if the birth date written on an outer ballot envelope did not match the birth date listed in a voter’s registration record.",United States,Left,Web Publication,False,True
172654,2023-08-14,Cheers and Jeers: Monday,https://www.dailykos.com/story/2023/8/14/2186688/-Cheers-and-Jeers-Monday?pm_campaign=blog&pm_medium=rss&pm_source=,Daily Kos,,,https://images.dailykos.com/images/1016107/story_image/CheersandJeerssharpedgelogo.jpg?1639234149,"Marc Elias ✔ The federal judge in Washington, D.C overseeing the election subversion case against former President Donald Trump ruled that Trump is prohibited from publicly discussing sensitive materials, which she said can include witness testimony and recordings.",United States,Left,Web Publication,True,True
172648,2023-08-02,Wisconsin’s Supreme Court Is No Longer a Threat to American Democracy,https://www.thenation.com/article/politics/wisconsin-supreme-court-liberals/,The Nation,"John Nichols, Elie Mystal, Steve Brodner, Sasha Abramsky, Peter De Wit, Toni Aguilar Rosenthal, Eric Baker, Rhian Sasseen, The Nation, Mychal Denzel Smith","Elie Mystal, Eric Baker, John Nichols, Mychal Denzel Smith, Peter De Wit, Rhian Sasseen, Sasha Abramsky, Steve Brodner, The Nation, Toni Aguilar Rosenthal",https://www.thenation.com/wp-content/uploads/2023/08/AP23213832613913.jpg,"And she spoke bluntly about what almost happened in 2020, telling Democracy Docket, “Three out of seven justices would have overturned the results of the Presidential Election in Wisconsin [in order to] hand the state’s electoral votes to Donald Trump.”",United States,Left,Opinion Journal,False,True
172644,2023-07-15,"From the classroom to the ballot box, the party of Trump has launched a war on young voters",https://www.dailykos.com/stories/2023/7/15/2170679/-From-the-classroom-to-the-ballot-box-the-party-of-Trump-has-launched-a-war-on-young-voters,Daily Kos,,,https://images.dailykos.com/images/314037/story_image/getty.png?1476809041,"🧵 https://t.co/piHK85c43A — Democracy Docket (@DemocracyDocket) April 20, 2023

Democratic election attorney Marc Elias made a compelling point to The Washington Post about Mitchell’s slanderous remarks: “Imagine if in every place in this presentation where she references campuses, she talked about African Americans.",United States,Left,Web Publication,True,True
172641,2023-07-13,'Huge Victory' for Democracy as NY Court Orders Congressional Map Redrawn,https://www.commondreams.org/news/new-york-redistricting-court,Common Dreams,"Julia Conley, Julia Conley Is A Staff Writer For Common Dreams.",Julia Conley,https://www.commondreams.org/media-library/image.jpg?id=32282008&width=1200&height=600&coordinates=0%2C11%2C0%2C12,"Marc Elias of the voting rights group Democracy Docket called the ruling a ""huge victory"" for fair districting.",United States,Left,Web Publication,True,True
172626,2023-06-26,"10 years after Supreme Court gutted voting rights, advocates say Congress must reverse damage",https://www.nationofchange.org/2023/06/26/10-years-after-supreme-court-gutted-voting-rights-advocates-say-congress-must-reverse-damage/,Nation of Change,,,https://i0.wp.com/s3.us-east-2.amazonaws.com/media.nationofchange.org/wp-content/uploads/2023/06/26070251/voting-midterms-northcarolina.webp?fit=1200%2C400&ssl=1,"June 25, 2023

Before 2013, said Democracy Docket, which offers analysis and expert commentary on voting rights, the U.S. Department of Justice had blocked more than 3,000 proposed voter suppression laws under the VRA.",United States,Left,Web Publication,False,True
172623,2023-06-25,"10 Years After Supreme Court Gutted Voting Rights, Advocates Say Congress Must Reverse Damage",https://www.commondreams.org/news/10-years-shelby-county-ruling,Common Dreams,"Julia Conley, Julia Conley Is A Staff Writer For Common Dreams.",Julia Conley,https://www.commondreams.org/media-library/image.jpg?id=32374376&width=1200&height=600&coordinates=0%2C250%2C0%2C250,"""

Before 2013, said Democracy Docket, which offers analysis and expert commentary on voting rights, the U.S. Department of Justice had blocked more than 3,000 proposed voter suppression laws under the VRA.",United States,Left,Web Publication,False,True
172622,2023-06-25,"10 years after Supreme Court gutted voting rights, advocates urge Congress to reverse damage",https://www.alternet.org/voting-rights-advocates-reverse-damage/,Alternet,"Julia Conley, Common Dreams","Common Dreams, Julia Conley",https://www.alternet.org/media-library/image.jpg?id=34179482&width=1200&height=600&coordinates=0%2C83%2C0%2C84,"""

Before 2013, said Democracy Docket, which offers analysis and expert commentary on voting rights, the U.S. Department of Justice had blocked more than 3,000 proposed voter suppression laws under the VRA.",United States,Left,Web Publication,False,True
172615,2023-06-09,Supreme Surprise: SCOTUS Upholds Voting Rights Act In AL Case,https://crooksandliars.com/2023/06/supreme-surprise-scotus-upholds-voting,Crooks and Liars,Newshound Ellen,Newshound Ellen,https://crooksandliars.com/files/primary_image/23/06/scotus_justices_for_0608023_cl.png,"A federal judge just asked parties in a lawsuit challenging Georgia's congressional and legislative maps to submit briefing on how the Supreme Court's decision in Allen affects the case: https://t.co/enHEl7uJ0j https://t.co/QLRIVdvNgn — Democracy Docket (@DemocracyDocket) June 8, 2023",United States,Left,Web Publication,True,True
172606,2023-05-27,Ron DeSantis Faces Three New Lawsuits After Signing New Voter Suppression Bill,https://www.motherjones.com/politics/2023/05/ron-desantis-faces-three-new-lawsuits-after-signing-new-voter-suppression-bill/,Mother Jones,"Ari Berman, Katie Herchenroeder, Matthew Taylor, Rob Schenck, Sam Van Pykeren, Jeremy Schulman, Kathiann M. Kowalski, Chasity Hale, Cheyenne Mcneill, National Voting Rights Correspondent","Ari Berman, Chasity Hale, Cheyenne Mcneill, Jeremy Schulman, Kathiann M. Kowalski, Katie Herchenroeder, Matthew Taylor, National Voting Rights Correspondent, Rob Schenck, Sam Van Pykeren",https://www.motherjones.com/wp-content/uploads/2023/05/AP23132771119125.jpg?w=1200&h=630&crop=1,"According to a summary by Democracy Docket, the new law:

Requires organizations to reregister for every single election cycle,

Prohibits prefilled information on registration applications,

Shortens the amount of time organizations have to return registration applications from 14 days to 10 and increases the fine associated with late delivery,

Bans noncitizens and individuals with certain felony convictions from handling voter registration applications and imposes fines for each violation of this requirement, and

Increases the total aggregate fine that an organization can be levied in each calendar year from $50,000 to $250,000.",United States,Left,Opinion Journal,False,True
172589,2023-05-09,Cheers and Jeers: Tuesday,https://www.dailykos.com/story/2023/5/9/2168035/-Cheers-and-Jeers-Tuesday?pm_campaign=blog&pm_medium=rss&pm_source=,Daily Kos,,,https://images.dailykos.com/images/1016107/story_image/CheersandJeerssharpedgelogo.jpg?1639234149,Via Marc Elias's Democracy Docket:,United States,Left,Web Publication,True,True
172584,2023-04-24,"'Can't Win, So They Cheat': GOP Tries to Keep Abortion Rights Off Ballot After Big Losses",https://www.commondreams.org/news/gop-abortion-rights-ballot,Common Dreams,"Jake Johnson, Jake Johnson Is A Senior Editor, Staff Writer For Common Dreams.","Jake Johnson, Jake Johnson Is A Senior Editor, Staff Writer For Common Dreams.",https://www.commondreams.org/media-library/image.jpg?id=32135290&width=1200&height=600&coordinates=0%2C228%2C0%2C229,"In January alone, Missouri Republicans introduced a dozen bills aimed at undercutting the ballot initiative process and weakening citizen lawmaking.

Democracy Docket noted that two of the Republican-authored resolutions in Missouri would, like the proposed amendment in Ohio, ""raise the threshold to approve constitutional amendments to 60%.",United States,Left,Web Publication,False,True
172575,2023-04-17,"Top Coastal Beauty Spots In Britain! Tabs, Mon., April 17, 2023",https://www.wonkette.com/top-coastal-beauty-spots-in-britain-tabs-mon-april-17-2023,Wonkette,Rebecca Schoenkopf,Rebecca Schoenkopf,"https://substackcdn.com/image/fetch/$s_!QZqJ!,w_1200,h_675,c_fill,f_jpg,q_auto:good,fl_progressive:steep,g_auto/https%3A%2F%2Fsubstack-post-media.s3.amazonaws.com%2Fpublic%2Fimages%2Fe254ce71-71d4-40bf-8fd9-46179e045775_270x180.gif","(Democracy Docket)

How long will my cut magnolia branches last in water?",United States,Left,Web Publication,False,True
172553,2023-02-16,Whom Are We Jailing For Doing Democracy Now?,https://www.wonkette.com/whom-are-we-jailing-for-doing-democracy-now,Wonkette,Doktor Zoom,Doktor Zoom,"https://substackcdn.com/image/fetch/$s_!PQJK!,w_1200,h_675,c_fill,f_jpg,q_auto:good,fl_progressive:steep,g_auto/https%3A%2F%2Fsubstack-post-media.s3.amazonaws.com%2Fpublic%2Fimages%2Fb1efcc85-8156-45e1-9c78-0795d915bfa0_600x484.jpeg",Democratic election lawyer Marc Elias this week brings us another true story of voter suppression at his Democracy Docket blog.,United States,Left,Web Publication,True,True
172544,2023-02-03,Trump spent 2020 attacking ballot drop boxes. Now he’s demanding they be deployed in churches,https://www.alternet.org/smartnews/trump-voting/,Alternet,"David Badash, The New Civil Rights Movement","David Badash, The New Civil Rights Movement",https://www.alternet.org/media-library/eyJhbGciOiJIUzI1NiIsInR5cCI6IkpXVCJ9.eyJpbWFnZSI6Imh0dHBzOi8vYXNzZXRzLnJibC5tcy8yMzU1MTQ4MC9vcmlnaW4uanBnIiwiZXhwaXJlc19hdCI6MTgxNTI1NzI4MX0.NLa0oNgACic3glFS0R7a8_ZlsNCdTiuvRm3rG3IAoKg/image.jpg?width=210,"Democratic voting rights attorney Marc Elias’ Democracy Docket platform just last week reported that in 2020, “Trump first attacked mail-in voting itself, then tried to undermine the postal service’s ability to handle the volume of ballots.",United States,Left,Web Publication,True,True
172539,2023-02-03,Trump Spent 2020 Attacking Ballot Drop Boxes – but Now He's Demanding They Be Deployed in Churches,https://www.thenewcivilrightsmovement.com/2023/02/trump-spent-2020-attacking-ballot-drop-boxes-but-now-hes-demanding-they-be-deployed-in-churches/,The New Civil Rights Movement,David Badash,David Badash,https://www.thenewcivilrightsmovement.com/wp-content/uploads/2022/06/trump-faith-freedom-ss-4.jpg,"Democratic voting rights attorney Marc Elias’ Democracy Docket platform just last week reported that in 2020, “Trump first attacked mail-in voting itself, then tried to undermine the postal service’s ability to handle the volume of ballots.",United States,Center,Web Publication,True,True
172528,2023-01-11,Abbreviated Pundit Roundup: Kevin McCarthy's 'problem causing caucus' is just getting warmed up,https://www.dailykos.com/stories/2023/1/11/2146427/-Abbreviated-pundit-roundup-Kevin-McCarthy-s-problem-causing-caucus-is-just-getting-warmed-up?pm_campaign=blog&pm_medium=rss&pm_source=main,Daily Kos,,,https://images.dailykos.com/images/1150348/story_image/GettyImages-1454652564.jpg?1673036316,A new report by Democracy Docket shows that much of the conventional wisdom about voting and election litigation was similarly wrong.,United States,Left,Web Publication,False,True
169774,2020-11-08,GOP veteran of Bush-Gore battle: Dem strategy is to let courts pick election winners,https://www.sentinelandenterprise.com/2020/11/08/gop-veteran-of-bush-gore-battle-dem-strategy-is-to-let-courts-pick-election-winners/,Sentinel and Enterprise,Margaret Menge,Margaret Menge,https://www.sentinelandenterprise.com/wp-content/uploads/2020/11/Election_2020_Legal_Challenges_49835-1-2.jpg?w=1024&h=683,"Elias, Hillary Clinton’s 2016 campaign attorney, is the founder of Democracy Docket, which describes itself as “the leading platform for progressive advocacy and information about voting rights, elections, redistricting and democracy.”",United States,Center,Local News Outlet,True,True
172520,2023-01-10,Republicans Filed A Record Number Of Anti-Voting Lawsuits In 2022,https://talkingpointsmemo.com/news/republicans-filed-a-record-number-of-anti-voting-lawsuits-in-2022,Talking Points Memo,"Kaila Philo, Is An Investigative Reporter At Talking Points Memo. Previously, She Was The Government, Political Institutions Reporter At Grid News, The Justice Department Correspondent For Courthouse News Service. Her Work On Politics, The Justice System Has Also Appeared In Politico, Vice News, The Atlantic., .Wp-Block-Co-Authors-Plus-Coauthors.Is-Layout-Flow, Class","Kaila Philo, She Was The Government, The Atlantic., Vice News",https://talkingpointsmemo.com/wp-content/uploads/2023/01/GettyImages-578018024-scaled.jpg?w=804,"On Monday, the progressive outfit Democracy Docket released a study finding that out of 175 democracy-related lawsuits filed last year, 93 of them were “anti-voting” — and most of them came from GOP operatives.",United States,Left,Web Publication,True,True
172512,2024-03-08,Biden wants to cap credit card late fees at $8. Guess who’s suing to stop him?,https://www.dailykos.com/stories/2024/3/8/2228244/-Biden-wants-to-cap-credit-card-late-fees-at-8-Guess-who-s-suing-to-stop-him?pm_campaign=blog&pm_medium=rss&pm_source=,Daily Kos,,,https://images.dailykos.com/images/1279856/story_image/AP24068098241259.jpg?1709906562,Democracy Docket considers it “the most conservative federal appeals court in the country.”,United States,Left,Web Publication,False,True
172499,2024-04-22,'I'm Not Suicidal': Kari Lake Pushes Hillary Clinton Murder Conspiracy Theory,https://www.thenewcivilrightsmovement.com/2024/04/im-not-suicidal-kari-lake-pushes-hillary-clinton-murder-conspiracy-theory/,The New Civil Rights Movement,David Badash,David Badash,http://www.thenewcivilrightsmovement.com/wp-content/uploads/2024/04/kari-lake-ss-d-4.jpg,"Also on Monday Law&Crime reported that when she filed her lawsuit, a Dominion Voting Systems spokesperson “rejected Lake’s cybersecurity claim, telling Law&Crime it was ‘implausible and conspiratorial.'”

Democracy Docket, founded by top Democratic elections attorney Marc Elias, called it “the end of the road for a conspiratorial lawsuit,” and Lake and Fincham, “election deniers.”

READ MORE: ‘Old and Tired and Mad’: Trump’s Demeanor in Court Detailed by Rachel Maddow

Lake, a far-right conspiracy theorist who has yet to concede the 2022 election, which she lost to Democrat Katie Hobbs, has a history of pushing exaggerated and baseless claims.",United States,Center,Web Publication,True,True
172468,2022-12-16,Rightwing Bills Dead In Ohio,https://www.wonkette.com/rightwing-bills-dead-in-ohio,Wonkette,Doktor Zoom,Doktor Zoom,"https://substackcdn.com/image/fetch/$s_!pSsM!,w_1200,h_675,c_fill,f_jpg,q_auto:good,fl_progressive:steep,g_auto/https%3A%2F%2Fsubstack-post-media.s3.amazonaws.com%2Fpublic%2Fimages%2F89bf1d87-af98-4d9f-b510-06796cd5792f_600x385.jpeg","[ Democracy Docket / Columbus Dispatch / Ohio Capital Journal ]



Trans Kids, Public Schools Also Safe — For Now

In another blow to the rightwing agenda, SB 178, a big education bill that would have banned trans students from playing on sports teams that match their gender identity, failed to get enough votes in the state House, although it had earlier passed in the Senate.",United States,Left,Web Publication,False,True
172462,2022-12-09,Cheers and Jeers: Rum and Georgia Peaches FRIDAY!,https://www.dailykos.com/story/2022/12/9/2140607/-Cheers-and-Jeers-Rum-and-Georgia-Peaches-FRIDAY?pm_campaign=blog&pm_medium=rss&pm_source=,Daily Kos,,,https://images.dailykos.com/images/1016107/story_image/CheersandJeerssharpedgelogo.jpg?1639234149,"But Marc Elias at Democracy Docket, who has argued and won a shitload of election-related cases (he had a field day doing it in 2020), offers his opinion, which is worth more than most, based on his experience:

Today’s argument will likely assuage many, but not all, of the concerns raised by supporters of voting rights and fair redistricting.",United States,Left,Web Publication,True,True
172441,2022-11-28,Democracy Defenders Vow to Sue After GOP-Led Arizona County Refuses to Certify Election,https://www.commondreams.org/news/2022/11/28/democracy-defenders-vow-sue-after-gop-led-arizona-county-refuses-certify-election,Common Dreams,"Kenny Stancil, Kenny Stancil Is Senior Researcher At The Revolving Door Project, A Former Staff Writer For Common Dreams.","A Former Staff Writer For Common Dreams., Kenny Stancil",https://www.commondreams.org/media-library/supporters-of-then-u-s-president-donald-trump-await-results-at-the-cochise-county-republican-headquarters-in-sierra-vista-ariz.jpg?id=32306379&width=1200&height=600&coordinates=0%2C750%2C0%2C0,"""

Elias, the founder of Democracy Docket, said the county ""will be sued"" for missing Monday's legally mandated deadline to approve the official vote tally.",United States,Left,Web Publication,True,True
172436,2022-11-24,Cheers and Jeers: Family Dysfunction Awareness Day,https://www.dailykos.com/stories/2022/11/24/2137920/-Cheers-and-Jeers-Family-Dysfunction-Awareness-Day?pm_campaign=blog&pm_medium=rss&pm_source=main,Daily Kos,,,https://images.dailykos.com/images/779599/story_image/CheersandJeerslogo.jpg?1584578032,"The #5 thing on internet lists that actually SHOCK me

-

Ukraine’s humiliation of terrorist nation Russia

-

Ta-Nehisi Coates, Joy Reid, Bishop William Barber, Al Sharpton, Charlie Pierce, Charles Blow, John Nichols, Howard Dean, E.J. Dionne, Eugene Robinson, David K. Johnston, Paul Krugman, Elie Mystal

Marc Elias at Democracy Docket, for winning so many court cases against MAGA lawyers trying to steal elections

The Kagro in the Morning radio show

Naomi Klein, Marcy Wheeler, Rachel Maddow, Chris Hayes, Daniel Dale, David Corn, Lawrence O’Donnell, Nicolle Wallace

Atrios, Digby, Charles M. Blow, Americablog, John Cole, Joe Jervis, Michelangelo Signorile, Dan Savage, Leonard Pitts, Lizz Winstead

Media Matters, The Hispanic Federation, The Southern Poverty Law Center, PFAW, PFLAG, 350.org, RAICES, March for Our Lives, Indivisible, Black Lives Matter, Run For Something, Planned Parenthood, NAACP, IAVA, ACLU, and the many other advocacy organizations that prevent the worst of the MAGA cult’s abuses, often in coordination with each other

- Jimmy and Rosalynn Carter Bill and Hillary Clinton Barack and Michelle Obama Joe and Jill Biden -

My partner, Michael, for growing old with me

All of my bosses (if you’re reading this, you’re one of them) at Daily Kos

The front-pagers and diarists here, for explaining stuff I don't know boo about, especially Kos, and Mark Sumner for their detailed Ukraine updates that have become nationally respected

My morning front-page blogger neighbors: the Abbreviated Pundit Roundup, morning cartoonists, and Elections Morning Digest

The rest of the progressive blogosphere, for having the wisdom to follow all of the orders issued by “Keyboard Kingpin” Markos “Mouse Tits” Moulitsas to...the...letter

Netroots Nation and its organizers, for executing another great convention in Pittsburgh

Those amazingly upbeat Good News Roundups

Dirty Fucking Hippies.",United States,Left,Web Publication,True,True
172407,2022-11-08,Republicans are attacking the heart of our democracy the same way they did 1964 — and for the very same reason,https://www.alternet.org/2022/11/goldwater-voting/,Alternet,"Thom Hartmann, Independent Media Institute","Independent Media Institute, Thom Hartmann",https://www.alternet.org/media-library/image.jpg?id=24776468&width=1200&height=600&coordinates=0%2C100%2C0%2C101,"Even today, about the only network that covers the work of people like Marc Elias (disclosure: I donate to Democracy Docket) is MSNBC, and even then only occasionally.",United States,Left,Web Publication,True,True
172406,2022-11-07,GOP Filing 'Obscene' Election Lawsuits Says Top Dem Lawyer Because 'If Everyone Was Able to Vote' Republicans Would Lose,http://www.thenewcivilrightsmovement.com/2022/11/gop-filing-obscene-election-lawsuits-says-top-dem-lawyer-because-if-everyone-was-able-to-vote-republicans-would-lose/,The New Civil Rights Movement,David Badash,David Badash,https://www.thenewcivilrightsmovement.com/wp-content/uploads/2022/11/vote-shutterstock-4.jpg,"Voting machines being moved onto campus after a court ordered Dutchess County, New York to comply with state law and open a polling location on campus.🗳 Learn more about this victory for student voters in New York: https://t.co/XLjmoH6Fel pic.twitter.com/wzYcjaPXhU — Democracy Docket (@DemocracyDocket) November 7, 2022

Noting that Democrats still have “five more cases that I expect to come in,” Elias says, “I’m feeling good about how the courts are handling” the cases.",United States,Center,Web Publication,True,True
171397,2022-04-01,Arizona Is Purging Voters And Kyrsten Sinema Helped,https://crooksandliars.com/2022/04/arizona-purging-voters-and-kyrsten-sinema,Crooks and Liars,Common Dreams,Common Dreams,https://crooksandliars.com/files/primary_image/22/04/sinema_quinn.jpeg,"Democracy Docket explained that prior to the passage of H.B. 2492, Arizona voters who registered using state forms were required to provide proof of citizenship, but voters who registered using federal forms under the National Voter Registration Act did not, and were allowed to vote in federal elections held in the state.",United States,Left,Web Publication,False,True
172404,2022-11-07,We cannot let Republicans sue their way to victory in battleground states,https://www.dailykos.com/stories/2022/11/7/2134227/-We-cannot-let-Republicans-sue-their-way-to-victory-in-battleground-states?pm_campaign=blog&pm_medium=rss&pm_source=main,Daily Kos,Daily Kos Staff,Daily Kos Staff,https://images.dailykos.com/images/1131333/story_image/Vote_Penn.jpg?1667829568,"In total, there have been 120 lawsuits filed on voting rights as of Nov. 3, and more than half of them are seeking to make voting less accessible, according to CNN and the liberal voting rights platform Democracy Docket.",United States,Left,Web Publication,False,True
172403,2022-11-07,We cannot let Republicans sue their way to victory in battleground states,https://www.dailykos.com/story/2022/11/7/2134227/-We-cannot-let-Republicans-sue-their-way-to-victory-in-battleground-states?pm_campaign=blog&pm_medium=rss&pm_source=,Daily Kos,Daily Kos Staff,Daily Kos Staff,https://images.dailykos.com/images/1131333/story_image/Vote_Penn.jpg?1667829568,"In total, there have been 120 lawsuits filed on voting rights as of Nov. 3, and more than half of them are seeking to make voting less accessible, according to CNN and the liberal voting rights platform Democracy Docket.",United States,Left,Web Publication,False,True
172398,2022-11-07,'This is not about stopping fraud': GOP sues to block thousands of ballots in key states,https://www.alternet.org/2022/11/not-about-stopping-fraud-gop/,Alternet,"Jake Johnson, Common Dreams","Common Dreams, Jake Johnson",https://www.alternet.org/media-library/image.jpg?id=24769190&width=1200&height=600&coordinates=0%2C60%2C0%2C60,"Citing data from Democracy Docket, Bloomberg reported Monday that ""more lawsuits have been filed this year than in all of 2020 by Democrats and Republicans challenging everything from who can vote to where ballots are collected and monitored.",United States,Left,Web Publication,False,True
175868,2025-04-15,Anand Talks to a Therapist: How to Survive the Abuser-in-Chief,https://dianeravitch.net/2025/04/15/anand-talks-to-a-therapist-how-to-survive-the-abuser-in-chief/,Diane Ravitch,,,"https://ci3.googleusercontent.com/meips/ADKq_NalbSDP3XptJXFIq_xtFI39xAi60wbB9OPMj0bqhrPWO_yQvDkXksySNUTQSfP9GTBojGv3Z_To_CHjFxPsAoM2Uu_WBNO6XTXSQ86cI_lCyfv4w3f48wS37VL8eyNBU4_41_E8bi24L7Z0ZdfkfZ6S0U_W1W_WDQdVFGkIhVizqM3Gza1shKAlzbaS9xvwMCUHfL7gVNUkigz57O-wFjWcAJPcspFCFSRwDHJ7yAGVvQgjCHVglok-593cZA4SmVg0sgVJubguM7AyH5yQVbjHjkIalHPASHBOcUeiYCQymmcTTlZlg_VsQ-Y=s0-d-e1-ft#https://substackcdn.com/image/fetch/w_1100,c_limit,f_auto,q_auto:good,fl_progressive:steep/https%3A%2F%2Fsubstack-post-media.s3.amazonaws.com%2Fpublic%2Fimages%2F17c81ed9-9ea9-45b9-9d79-8bfebbddc917_1024x683.jpeg","I’m currently supporting Democracy Docket, for example, where Mark Elias has been conducting so many successful lawsuits against a lot of abuses of government.",United States,Center Left,Independent Journalism,False,True
172374,2022-10-12,"30+ Bad Siblings In Law No One Wants To Have! Tabs, Wed., Oct. 12, 2022",https://www.wonkette.com/30-bad-siblings-in-law-no-one-wants-to-have-tabs-wed-oct-12-2022,Wonkette,Rebecca Schoenkopf,Rebecca Schoenkopf,"https://substackcdn.com/image/fetch/$s_!wabJ!,w_1200,h_675,c_fill,f_jpg,q_auto:good,fl_progressive:steep,g_auto/https%3A%2F%2Fsubstack-post-media.s3.amazonaws.com%2Fpublic%2Fimages%2Ff7a6937a-b0f6-4669-b602-a7bb2d915c9a_600x400.gif","(Democracy Docket)



This sickening story sure does seem to irrefutably point to the incarcerated (and sentenced to death)",United States,Left,Web Publication,False,True
172354,2022-09-12,"What's Inside The Letter This Woman Wrote To Her Husband's Mistress! Tabs, Mon., Sept. 12, 2022",https://www.wonkette.com/what-s-inside-the-letter-this-woman-wrote-to-her-husband-s-mistress-tabs-mon-sept-12-2022,Wonkette,Rebecca Schoenkopf,Rebecca Schoenkopf,"https://substackcdn.com/image/fetch/$s_!w5vS!,w_1200,h_675,c_fill,f_jpg,q_auto:good,fl_progressive:steep,g_auto/https%3A%2F%2Fsubstack-post-media.s3.amazonaws.com%2Fpublic%2Fimages%2F69222268-bd28-4f7f-8e86-63ad78f743ef_300x169.gif","(Democracy Docket)

Bari Weiss and Glenn Greenwald should read Adam Serwer on Salman Rushdie and freedom of speech, and hell, maybe they even did.",United States,Left,Web Publication,False,True
172343,2022-09-04,How election-denying GOP Governors could tilt the 2024 presidential Election,https://www.juancole.com/2022/09/election-governors-presidential.html,Informed Comment,Minnesota Reformer,Minnesota Reformer,https://www.juancole.com/site/wp-content/themes/juancole2017/images/favicon.ico,"“One would hope that a federal court would overturn the results in a particular state if the ‘Big Lie’ governor, for instance, certified the presidential candidate who received fewer lawful votes than the candidate who actually won,” he wrote for Democracy Docket, a progressive voting advocacy group he started.",United States,Left,Web Publication,True,True
171903,2021-04-16,A 'nightmare scenario' for democracy: The 'desperate' GOP may sink to new depths to fight election reform,https://www.alternet.org/2021/04/nightmare-scenario-democracy/,Alternet,Alex Henderson,Alex Henderson,https://www.alternet.org/media-library/image.jpg?id=23479297&width=1200&height=600&coordinates=0%2C60%2C0%2C60,"Republicans controlling key state legislatures, oftened heavily gerrymandered to protect their majorities from swings in public opinion, are actively considering how to thwart efforts to make elections fairer.

Democracy Docket, in a ""legislation alert"" published this week, describes Texas House Bill 4507 — which has been proposed by Republicans in the Texas House of Representatives and would ""essentially create a two-tiered voter registration system, in an effort to evade federal voting rights protections that could pass into law this year.",United States,Left,Web Publication,False,True
172274,2022-07-28,Disenfranchisement alive in Georgia after GOP-backed bill removes 75% of Atlanta's ballot drop boxes,https://www.dailykos.com/story/2022/7/28/2113151/-Disenfranchisement-alive-and-well-in-Georgia-after-GOP-backed-bill-removes-75-of-ballot-drop-boxes?pm_campaign=blog&pm_medium=rss&pm_source=,Daily Kos,Daily Kos Staff,Daily Kos Staff,https://images.dailykos.com/images/1096385/story_image/GettyImages-1231597949.jpg?1659028664,"And Florida’s SB 90 prohibits the use of drop boxes except in early voting—and even then, they must be monitored by someone at all times, Democracy Docket reports.",United States,Left,Web Publication,False,True
172271,2022-07-19,Republican election officials in Pennsylvania show the lengths to which they’ll go to steal power,https://www.dailykos.com/story/2022/7/19/2111375/-Lawless-Republican-election-officials-in-Pennsylvania-preview-the-election-threats-to-come?pm_campaign=blog&pm_medium=rss&pm_source=,Daily Kos,Daily Kos Staff,Daily Kos Staff,https://images.dailykos.com/images/1091444/story_image/GettyImages-1240722045.jpg?1657732757,"Marc Elias of Democracy Docket details the core of the threat:

Most importantly, these counties did not refuse to submit any election results at all.",United States,Left,Web Publication,True,True
172229,2022-06-01,Tapes Expose GOP Plot to Install Poll Workers in 'Massive Election Subversion Program',https://www.commondreams.org/news/2022/06/01/tapes-expose-gop-plot-install-poll-workers-massive-election-subversion-program,Common Dreams,"Andrea Germanos, Andrea Germanos Is A Senior Editor, Staff Writer At Common Dreams.","Andrea Germanos, Andrea Germanos Is A Senior Editor, Staff Writer At Common Dreams.",https://www.commondreams.org/media-library/supporters-of-then-president-donald-trump-bang-on-the-glass-and-chant-slogans-outside-the-room-where-absentee-ballots-for-the-20.jpg?id=32136467&width=1200&height=600&coordinates=0%2C500%2C0%2C0,"""

Marc Elias, founder of media platform Democracy Docket, said the GOP plan was ""what I have been warning about for months.",United States,Left,Web Publication,True,True
172224,2022-05-27,'Wildly Lawless': Ohio Set to Use Map Deemed Unconstitutional by State Supreme Court,https://www.commondreams.org/news/2022/05/27/wildly-lawless-ohio-set-use-map-deemed-unconstitutional-state-supreme-court,Common Dreams,"Kenny Stancil, Kenny Stancil Is Senior Researcher At The Revolving Door Project, A Former Staff Writer For Common Dreams.","A Former Staff Writer For Common Dreams., Kenny Stancil",https://www.commondreams.org/media-library/then-u-s-president-donald-trump-shakes-hands-with-ohio-s-republican-gov-mike-dewine-as-he-disembarks-from-air-force-one-at-the.jpg?id=32136509&width=1200&height=600&coordinates=0%2C0%2C0%2C796,"""Ohio Republicans have chosen to pass unconstitutional maps again and again and blatantly ignore the will of voters in order to protect their seats,"" Democracy Docket noted earlier this week on social media.",United States,Left,Web Publication,False,True
172215,2024-05-14,Lara Trump’s RNC Falls Flat on Its Face After Assault on Voting Rights,https://newrepublic.com/post/181564/lara-trump-rnc-voting-rights-arizona,New Republic,"Talia Jane, Hafiz Rashid, Adrienne Mahsa Varkiani, Ellie Quinlan Houghtaling","Adrienne Mahsa Varkiani, Ellie Quinlan Houghtaling, Hafiz Rashid, Talia Jane",https://images.newrepublic.com/c528c8d543c18a4a5b1f1a54d6e1f28bc98c7e6f.jpeg?w=1200&h=630&crop=faces&fit=crop&fm=jpg,"According to Democracy Docket, the lawsuit filed February 9 by the Republican National Committee, Republican Party of Arizona, and Yavapai County Republican Party sought to block enforcement of the EPM on the basis that Arizona Secretary of State Adrian Fontes failed to give the public enough time to comment before implementing the EMP and that portions of the EMP violate state law.",United States,Center Left,Opinion Journal,False,True
172209,2024-06-06,Trump’s 'next crime' will put US democracy in 'far more danger' than 2020: election lawyer,https://www.alternet.org/mark-elias-trump-2024/,Alternet,Alex Henderson,Alex Henderson,https://www.alternet.org/media-library/image.jpg?id=52424613&width=1200&height=600&coordinates=0%2C0%2C0%2C213,"Attorney Marc Elias, known for his expertise on U.S. election law and voting rights, has been sounding the alarm about the refusal of MAGA Republicans — including presumptive 2024 GOP presidential nominee Donald Trump — to accept election results they dislike.",United States,Left,Web Publication,True,True
172206,2022-03-31,Civil rights groups blast Kyrsten Sinema for being an 'enabler' of Arizona voter roll purge,https://www.alternet.org/2022/03/civil-rights-groups-kyrsten-sinema,Alternet,"Jake Johnson, Common Dreams","Common Dreams, Jake Johnson",https://www.alternet.org/media-library/image.jpg?id=26880082&width=1200&height=600&coordinates=0%2C60%2C0%2C60,"Democracy Docket explained that prior to the passage of H.B. 2492, Arizona voters who registered using state forms were required to provide proof of citizenship, but voters who registered using federal forms under the National Voter Registration Act did not, and were allowed to vote in federal elections held in the state.",United States,Left,Web Publication,False,True
172205,2024-06-20,'You got to be kidding me': Legal experts outraged over latest SCOTUS announcement,https://www.alternet.org/scotus-trump-immunity-legal-experts/,Alternet,Maya Boddie,Maya Boddie,https://www.alternet.org/media-library/eyJhbGciOiJIUzI1NiIsInR5cCI6IkpXVCJ9.eyJpbWFnZSI6Imh0dHBzOi8vYXNzZXRzLnJibC5tcy8yMzU1MTQ4MC9vcmlnaW4uanBnIiwiZXhwaXJlc19hdCI6MTgxNTI1NzI4MX0.NLa0oNgACic3glFS0R7a8_ZlsNCdTiuvRm3rG3IAoKg/image.jpg?width=210,"""

Democracy Docket founder Mark Elias wrote via X (formerly Twitter), ""Through delay, the Supreme Court has effectively conveyed immunity on Donald Trump.",United States,Left,Web Publication,False,True
172199,2024-06-29,Right-Wing Internet Cesspools Suspect A Trick,https://talkingpointsmemo.com/the-weekender/right-wing-internet-cesspools-suspect-a-trick,Talking Points Memo,"Nicole Lafond, Hunter Walker, Khaya Himmelman, Emine Yücel, Is Tpm S Deputy Editor For News, Based In New York. She Has Also Worked As The Special Projects Editor, As A Senior Newswriter For Tpm. She Has A Master S Degree In Journalism Columbia University, Previously Covered Education In Central Illinois., Is An Investigative Reporter For Talking Points Memo. He Is An Author, Former White House Correspondent Whose Work Has Appeared In A Variety Of Publications Including The New Yorker","Emine Yücel, Hunter Walker, Is Tpm S Deputy Editor For News, Khaya Himmelman, Nicole Lafond",https://talkingpointsmemo.com/wp-content/uploads/2024/06/weekender-trump-biden-debate.jpg?w=804,"But, as Democratic state Rep. Gloria Johnson told Democracy Docket, the letter, at its core, is “voter intimidation.”",United States,Left,Web Publication,False,True
172193,2024-07-12,'War game': Heritage poses 'far-fetched scenarios' to preemptively justify stolen election claim,https://www.alternet.org/heritage-foundation-2024-election/,Alternet,Alex Henderson,Alex Henderson,https://www.alternet.org/media-library/eyJhbGciOiJIUzI1NiIsInR5cCI6IkpXVCJ9.eyJpbWFnZSI6Imh0dHBzOi8vYXNzZXRzLnJibC5tcy8yMzU1MTQ4MC9vcmlnaW4uanBnIiwiZXhwaXJlc19hdCI6MTgxNTI1NzI4MX0.NLa0oNgACic3glFS0R7a8_ZlsNCdTiuvRm3rG3IAoKg/image.jpg?width=210,"Election law expert and Democracy Docket publisher Marc Elias has been warning that if President Joe Biden or another Democratic candidate wins the 2024 election, presumptive GOP nominee Donald Trump and his allies will do everything they can to overturn the election results — only they will be better equipped this year than in 2020.",United States,Left,Web Publication,True,True
172113,2021-01-28,Georgia Republicans are at it again,https://www.palmerreport.com/community/georgia-republicans-are-at-it-again/36074/,Palmer Report,Justin Hodges,Justin Hodges,https://www.palmerreport.com/wp-content/uploads/2017/03/republican-party-gop.jpg,"Per Marc Elias, an attorney at Democracy Docket, some of the vote-stifling measures Georgia Republicans hope to implement include getting rid of no-excuse absentee voting, requiring photo identification for mail-in ballots, banning ballot drop boxes, requiring mail ballots to be notarized (in effect a poll tax since notarizations cost money), and even prohibiting giving sustenance or a place to sit to voters waiting in line.",United States,Left,Web Publication,True,True
172189,2024-07-16,JD Vance embraced Project 2025 before MAGA Republicans tried distancing themselves from it,https://www.advocate.com/politics/jd-vance-project-2025-support,Advocate,"Christopher Wiggins, Jacob Ogles, Jack Walker, Kate Wilder, Ryan Adamczeski, Max Nesterak, Ariel Messman-Rucker, Ricky Cornish, Human Content","Ariel Messman-Rucker, Christopher Wiggins, Human Content, Jack Walker, Jacob Ogles, Kate Wilder, Max Nesterak, Ricky Cornish, Ryan Adamczeski",https://www.advocate.com/media-library/donald-trump-rnc-2024-giant-bandage-on-ear-maybe-a-maxipad-with-jd-vance-republican-vp-runningmate.jpg?id=52819783&width=1200&height=600&coordinates=0%2C0%2C0%2C78,"This narrative is bolstered by Vance’s history of election denialism and support for anti-voting policies, as detailed by Democracy Docket.",United States,Left,Web Publication,False,True
172168,2024-07-31,Court blocks Tennessee GOP’s 'unprecedent disenfranchisement' of Nashville voters,https://www.alternet.org/tennessee-court-hb-48/,Alternet,Alex Henderson,Alex Henderson,https://www.alternet.org/media-library/image.jpg?id=53030056&width=1200&height=600&coordinates=0%2C0%2C0%2C213,"""

READ MORE: What Project 2025 shutting down 'policy' operations actually means: expert

Democracy Docket's Madeleine Greenberg explains, ""The Metro Council is the legislative authority of both Nashville, the state's most populous city, and Davidson County, one of the state's most diverse counties that surrounds Music City.",United States,Left,Web Publication,False,True
172143,2022-01-03,'Sad day’: Georgia GOP pushes through virtual ode to gerrymandering in new redistricting plan,http://www.dailykos.com/stories/2072437,Daily Kos,Daily Kos Staff,Daily Kos Staff,https://images.dailykos.com/images/901286/story_image/GettyImages-1294458351.jpg?1609785609,"Marc Elias, founder of the progressive site Democracy Docket, tweeted a list of states to watch for ""new voting rights, redistricting and pro-democracy litigation (in order of likelihood).""",United States,Left,Web Publication,True,True
172135,2021-12-26,"In Ohio, Georgia, North Carolina, Texas and Wisconsin, GOP Consolidates Power",https://talkingpointsmemo.com/news/north-carolina-ohio-wisconsin-georgia-texas-redistricting-republicans-consolidate-power?utm_source=rss&utm_medium=rss&utm_campaign=north-carolina-ohio-wisconsin-georgia-texas-redistricting-republicans-consolidate-power,Talking Points Memo,"Matt Shuham, Is A Reporter In Tpm S New York Office. Prior To Joining Tpm, He Was Associate Editor Of The National Memo, An Editorial Intern At Rolling Stone., .Wp-Block-Co-Authors-Plus-Coauthors.Is-Layout-Flow, Class, Wp-Block-Co-Authors-Plus, Display Inline, .Wp-Block-Co-Authors-Plus-Avatar, Where Img","An Editorial Intern At Rolling Stone., Matt Shuham",https://talkingpointsmemo.com/wp-content/uploads/2021/12/GettyImages-1230643043-scaled.jpg?w=804,"By this logic, New York, which always elects Democrats to state-wide office, would be justified in drawing a map with 100% Democratic districts, noted an analysis on Democracy Docket, the website from Democratic election lawyer Marc Elias.",United States,Left,Web Publication,True,True
172129,2024-08-06,Marc Elias On How To Combat Election Deniers Refusing To Certify Elections,https://crooksandliars.com/cltv/2024/08/marc-elias-how-combat-election,Crooks and Liars,,,https://crooksandliars.com/files/mediaposters/2024/08/55337.jpg,Democracy Docket's Marc Elias talks to Rachel Maddow about how all of us can combat the election deniers Republicans have put in place across the country in an attempt to refuse to certify election results across the country.,United States,Left,Web Publication,True,True
172124,2024-08-08,New Georgia Election Laws Are Some F*ckeroony F*ckulence!,https://www.wonkette.com/p/new-georgia-election-laws-are-some,Wonkette,Marcie Jones,Marcie Jones,https://images.unsplash.com/photo-1531171596281-8b5d26917d8b?crop=entropy&cs=tinysrgb&fit=max&fm=jpg&ixid=M3wzMDAzMzh8MHwxfHNlYXJjaHwyfHxwZWFjaHxlbnwwfHx8fDE3MjMxMjAyNDR8MA&ixlib=rb-4.0.3&q=80&w=1080,"If you want to follow along at home, Democracy Docket is keeping track of all the fuckulence, in Georgia and other states.",United States,Left,Web Publication,False,True
172120,2024-08-09,Inside MAGA’s game plan if Harris wins,https://www.alternet.org/harris-bulwark-stoddard/,Alternet,Alex Henderson,Alex Henderson,https://www.alternet.org/media-library/image.jpg?id=53141930&width=1200&height=600&coordinates=0%2C0%2C0%2C213,"""

Stoddard notes that according to Rolling Stone, ""pro-Trump election conspiracists"" in key swing states like Arizona, Pennsylvania and Georgia are working as ""county election officials"" and plan to refuse to certify the election results if Harris wins.

READ MORE: 'Coming home': Harris-Walz 'transformative' campaign 'ominous for Trump,' experts say

Democratic election lawyer Marc Elias, publisher of Democracy Docket, told Rolling Stone, ""I think we are going to see mass refusals to certify the election....",United States,Left,Web Publication,True,True
172111,2021-01-21,The Republicans aren’t done trying to cheat,https://www.palmerreport.com/community/the-republicans-arent-done-trying-to-cheat/35824/,Palmer Report,Justin Hodges,Justin Hodges,https://www.palmerreport.com/wp-content/uploads/2021/01/republican-party.jpg,"Per Democracy Docket attorney Marc Elias, resistance won’t be enough.",United States,Left,Web Publication,True,True
172086,2021-02-12,'Fox Chyrons Are Writing Themselves': Trump Attorney Mocked for Calling Impeachment 'Constitutional Cancel Culture',https://www.thenewcivilrightsmovement.com/2021/02/fox-chyrons-are-writing-themselves-trump-attorney-mocked-for-calling-impeachment-constitutional-cancel-culture/,The New Civil Rights Movement,David Badash,David Badash,https://www.thenewcivilrightsmovement.com/wp-content/uploads/2021/02/Michael-van-der-Veen-4.jpg,"— Democracy Docket (@DemocracyDocket) February 12, 2021

Trump’s lawyer is trying to make “Constitutional Cancel Culture” into a thing.",United States,Center,Web Publication,False,True
167811,2026-02-03,"Trump’s Push to ‘Nationalize’ Elections, Explained",https://time.com/7366147/trump-nationalize-voting-federalize-elections-fraud-republicans/,Time,Chad De Guzman,Chad De Guzman,https://api.time.com/wp-content/uploads/2026/02/voting-US.jpg?quality=85&w=1024&h=628&crop=1,Democracy Docket described in a Jan. 29 article that the new elections reform bill from Republicans is “a catastrophic proposal for democracy.”,United States,Center,National News Outlet,False,True
172081,2021-02-04,Trump's Impeachment 'Response' Riddled With Errors And Typos,https://crooksandliars.com/2021/02/course-trumps-impeachment-response-has,Crooks and Liars,Common Dreams,Common Dreams,https://crooksandliars.com/files/primary_image/21/02/error_0.jpg,"Bump and others, including Marc E. Elias, an attorney and founder of the progressive advocacy group Democracy Docket, lambasted the Trump document's assertion that ""under the convenient guise of Covid-19 pandemic 'safeguards' states election laws and procedures were changed by local politicians or judges without the necessary approvals from state legislatures.",United States,Left,Web Publication,False,True
172077,2021-02-02,Critics Lambaste Errors—Both Spelling and Legal—in Trump Impeachment Defense Filing,https://www.commondreams.org/news/2021/02/02/critics-lambaste-errors-both-spelling-and-legal-trump-impeachment-defense-filing?cd-origin=rss,Common Dreams,"Brett Wilkins, Brett Wilkins Is A Staff Writer For Common Dreams.",Brett Wilkins,https://www.commondreams.org/media-library/critics-said-a-feburary-2-2021-filing-by-former-president-donald-trump-s-attorneys-in-response-to-house-impeachment-managers-p.png?id=32141590&width=1200&height=600&coordinates=0%2C11%2C0%2C12,"Bump and others, including Marc E. Elias, an attorney and founder of the progressive advocacy group Democracy Docket, lambasted the Trump document's assertion that ""under the convenient guise of Covid-19 pandemic 'safeguards' states election laws and procedures were changed by local politicians or judges without the necessary approvals from state legislatures.",United States,Left,Web Publication,False,True
172066,2021-03-30,Punching Back: Lawsuits Against Georgia Over Voting Rights,https://crooksandliars.com/2021/03/punching-back-lawsuits-against-georgia,Crooks and Liars,Common Dreams,Common Dreams,https://crooksandliars.com/files/embeds/2021/03/44855.jpg,"— Democracy Docket (@DemocracyDocket) March 29, 2021

As Kemp prepared to sign the bill Thursday, Aunna Dennis, executive director of Common Cause Georgia, explained that it ""consolidates legislative leaders' control over Georgia's State Election Board.",United States,Left,Web Publication,False,True
172049,2021-03-26,Georgia Legislator Arrested For Crime Of Knocking On Door While Black,https://crooksandliars.com/2021/03/georgia-legislator-arrested-crime-knocking,Crooks and Liars,Susie Madrak,Susie Madrak,https://crooksandliars.com/files/primary_image/21/03/1000x-1_0.jpg,"https://t.co/AkBxM2F915 — ACLU of Georgia (@ACLUofGA) March 25, 2021

Meanwhile, Democracy Docket, the legal team that won almost every election suit this year, has filed to stop the bill:",United States,Left,Web Publication,False,True
167974,2025-08-26,Researcher who has distorted voter data appointed to Homeland Security election integrity role,https://www.courant.com/2025/08/26/homeland-security-election-appointment/,Hartford Currant,The Associated Press,,https://www.courant.com/wp-content/uploads/2025/08/Homeland_Security_Election_Appointment_32619.jpg?w=1024&h=683,"The political appointment, first reported by Democracy Docket, shows how self-styled election investigators who have thrown themselves into election conspiracy theories since 2020 are now being celebrated by a presidential administration that indulges their false claims.",United States,Center,Local News Outlet,False,True
167955,2025-08-28,Pa. researcher who has distorted voter data given election integrity role at Homeland Security,https://www.pennlive.com/nation-world/2025/08/pa-researcher-who-has-distorted-voter-data-given-election-integrity-role-at-homeland-security.html,PennLive,The Associated Press,,https://www.pennlive.com/resizer/v2/KBJZ5XQYQRBPBBHL3ZIURACOWI.jpg?auth=53280b5d5aff2a142ebd00cf692e0a4165c90fc9ade2813100675fe82ecd28a8&width=1280&smart=true&quality=90,"The political appointment, first reported by Democracy Docket, shows how self-styled election investigators who have thrown themselves into election conspiracy theories since 2020 are now being celebrated by a presidential administration that indulges their false claims.",United States,Center,Local News Outlet,False,True
172033,2021-03-10,Sound The Alarm: GOP Voter Suppression Is January 6 Riot In A Nice Suit,https://crooksandliars.com/2021/03/sound-alarm-gop-voter-suppression-january,Crooks and Liars,Frances Langum,Frances Langum,https://crooksandliars.com/files/primary_image/21/03/elias.jpg,"The director of the Democracy Docket, which successfully defended democracy against Donald Trump's big lie in 2020, is now watching with horror as Republican statehouses across the country stomp on voting rights.",United States,Left,Web Publication,True,True
171992,2021-07-14,Biden Is Not Meeting the Moment on Voting Rights,https://www.thenation.com/article/politics/biden-voting-rights/,The Nation,"Joan Walsh, Sasha Abramsky, David Futrelle, Zachary Clifton, Dave Zirin, February, Rhian Sasseen, John Nichols, Elie Mystal, Steve Brodner","Dave Zirin, David Futrelle, Elie Mystal, Joan Walsh, John Nichols, Rhian Sasseen, Sasha Abramsky, Steve Brodner, Zachary Clifton",https://www.thenation.com/wp-content/uploads/2021/07/biden-voting-rights-ap-img.jpg,"But from Abrams’s Fair Fight Action through LaTosha Brown and Cliff Albright’s Black Voters Matter, to Ufot’s New Georgia Project, Marc Elias’s Democracy Docket, the historic and still vital commitment of the NAACP Legal Defense Fund (I’m missing many more), there’s a vital movement behind voting rights.",United States,Left,Opinion Journal,True,True
171985,2021-07-06,"40+ Airbnb And Hotel Fails That Make Us Happy To Stay Home! Tabs, Tues., July 6, 2021",https://www.wonkette.com/40-airbnb-and-hotel-fails-that-make-us-happy-to-stay-home-tabs-tues-july-6-2021,Wonkette,Rebecca Schoenkopf,Rebecca Schoenkopf,"https://substackcdn.com/image/fetch/$s_!zp_P!,w_1200,h_675,c_fill,f_jpg,q_auto:good,fl_progressive:steep,g_auto/https%3A%2F%2Fsubstack-post-media.s3.amazonaws.com%2Fpublic%2Fimages%2Fdaaa2760-cec5-4160-800a-81e14346dfe9_600x400.gif","(Democracy Docket)

I think ...",United States,Left,Web Publication,True,True
171953,2021-05-22,'Outrageous': Georgia State Judge Allows Citizens to Examine Fulton County Ballots,https://www.commondreams.org/news/2021/05/22/outrageous-georgia-state-judge-allows-citizens-examine-fulton-county-ballots?cd-origin=rss,Common Dreams,"Julia Conley, Julia Conley Is A Staff Writer For Common Dreams.",Julia Conley,https://www.commondreams.org/media-library/gwinnett-county-workers-begin-their-recount-of-the-presidential-election-ballots-on-november-13-2020-in-lawrenceville-georgia.jpg?id=32140424&width=1200&height=600&coordinates=0%2C0%2C0%2C31,"The judge's decision to continue lending credibility to the notion that the election results are illegitimate is ""shameful evidence that the Big Lie is becoming state policy,"" attorney and Democracy Docket founder Marc Elias tweeted.",United States,Left,Web Publication,True,True
171929,2021-04-29,"40 Cheaters Who Got Caught Via Text Message! Tabs, Thurs., April 29, 2021",https://www.wonkette.com/40-cheaters-who-got-caught-via-text-message-tabs-thurs-april-29-2021,Wonkette,Rebecca Schoenkopf,Rebecca Schoenkopf,"https://substackcdn.com/image/fetch/$s_!XpXy!,w_1200,h_675,c_fill,f_jpg,q_auto:good,fl_progressive:steep,g_auto/https%3A%2F%2Fsubstack-post-media.s3.amazonaws.com%2Fpublic%2Fimages%2Fd150c0f2-b913-4e6e-aa34-20e96a115ba3_260x173.gif","(Democracy Docket)

To keep these Black women off the bench, how low will the GOP go?",United States,Left,Web Publication,False,True
171922,2021-04-26,"27 Things '60s Kids Did That Would Horrify Us Now! Tabs, Mon., April 26, 2021",https://www.wonkette.com/27-things-60s-kids-did-that-would-horrify-us-now-tabs-mon-april-26-2021,Wonkette,Rebecca Schoenkopf,Rebecca Schoenkopf,"https://substackcdn.com/image/fetch/$s_!L-Ii!,w_1200,h_675,c_fill,f_jpg,q_auto:good,fl_progressive:steep,g_auto/https%3A%2F%2Fsubstack-post-media.s3.amazonaws.com%2Fpublic%2Fimages%2F302fdf0f-023d-4e18-b401-2f3f51cf767d_600x400.gif","— Democracy Docket

Elections expert Rick Hasen runs down various and sundry vote grab laws around the country.",United States,Left,Web Publication,True,True
171914,2021-04-20,Marc Elias: GOP has surrendered trying to win a majority of the vote. We talk to him on The Brief,https://www.dailykos.com/story/2021/4/20/2026804/-Marc-Elias-GOP-has-surrendered-trying-to-win-a-majority-of-the-vote-We-talk-to-him-on-The-Brief,Daily Kos,Daily Kos Staff,Daily Kos Staff,https://images.dailykos.com/images/939438/story_image/elias.png?1618944172,"The man behind those legal efforts was Mark Elias, founder of Democracy Docket—an organization focused on information and advocacy about voting rights, elections, redistricting and democracy.",United States,Left,Web Publication,True,True
171801,2021-10-14,"Grandma Attacked By Coward! Tabs, Thurs., Oct. 14, 2021",https://www.wonkette.com/grandma-attacked-by-coward-tabs-thurs-oct-14-2021,Wonkette,Rebecca Schoenkopf,Rebecca Schoenkopf,"https://substackcdn.com/image/fetch/$s_!eXf5!,w_1200,h_675,c_fill,f_jpg,q_auto:good,fl_progressive:steep,g_auto/https%3A%2F%2Fsubstack-post-media.s3.amazonaws.com%2Fpublic%2Fimages%2F1f34a238-f93a-4eb3-87d4-0e5f48c144fe_600x400.gif","(Democracy Docket)

History of the filibuster, no it wasn't always just ""Mitch says no.""",United States,Left,Web Publication,True,True
171794,2024-09-17,'Stop Democrat interference': RNC sues WI town for not hiring enough GOP election workers,https://www.alternet.org/rnc-sues-wisconsin-town/,Alternet,Carl Gibson,Carl Gibson,https://www.alternet.org/media-library/image.jpg?id=53172769&width=1200&height=600&coordinates=0%2C106%2C0%2C107,"Democracy Docket reported that the lawsuit alleges the city hired nonpartisan poll workers instead of Republicans during the August 2024 primary election, despite state law stipulating that partisan poll workers take precedent.",United States,Left,Web Publication,False,True
171775,2024-09-29,Former Trump lawyer punches major hole in plan to contest the 2024 election,https://www.alternet.org/former-trump-lawyer-2024-election/,Alternet,"Tom Boggioni, Raw Story","Raw Story, Tom Boggioni",https://www.alternet.org/media-library/eyJhbGciOiJIUzI1NiIsInR5cCI6IkpXVCJ9.eyJpbWFnZSI6Imh0dHBzOi8vYXNzZXRzLnJibC5tcy8yMzU1MTQ4MC9vcmlnaW4uanBnIiwiZXhwaXJlc19hdCI6MTgxNTI1NzI4MX0.NLa0oNgACic3glFS0R7a8_ZlsNCdTiuvRm3rG3IAoKg/image.jpg?width=210,"The legal push is already more than three times the number of lawsuits filed before Election Day in 2020, according to Democracy Docket, a Democratically aligned group that tracks election cases.",United States,Left,Web Publication,False,True
171764,2024-10-15,'Huge defeat for Trump': Experts celebrate ruling requiring GA officials to certify election,https://www.alternet.org/huge-defeat-trump-georgia/,Alternet,Carl Gibson,Carl Gibson,https://www.alternet.org/media-library/image.png?id=53818105&width=1200&height=600&coordinates=0%2C47%2C0%2C47,"READ MORE: 'Ripe for abuse': GA elections chief now allowing anyone to cancel a voter's registration

McBurney's ruling was celebrated by various legal experts on X (formerly Twitter) after Democratic election lawyer Marc Elias announced McBurney's decision on his website, Democracy Docket.",United States,Left,Web Publication,True,True
168836,2025-04-16,What happens if a president and the federal government fail to follow a judge's orders?,https://www.nbcbayarea.com/news/national-international/what-happens-if-a-president-and-the-federal-government-fail-to-follow-a-judges-orders/3845873/,NBC Bay Area,"Lawrence Hurley, Ken Dilanian, Nbc News","Ken Dilanian, Lawrence Hurley",https://media.nbcbayarea.com/2025/04/AP25104732273908.jpg?quality=85&strip=all&crop=0px%2C0px%2C4898px%2C2755px&resize=1200%2C675,"David Noll, a professor at Rutgers Law School, noted in a recent Democracy Docket article that federal rules appear to allow judges, if needed, to bypass the marshals and hire other parties to enforce their contempt rulings.",United States,Center,Local Broadcast News,False,True
171652,2020-10-30,"Hope for the Best, Plan for the Worst: Why We Must Be Ready to Protect the Vote",https://www.commondreams.org/views/2020/10/30/hope-best-plan-worst-why-we-must-be-ready-protect-vote?cd-origin=rss,Common Dreams,"Leah Greenberg, Sean Eldridge, Leah Greenberg Is Co-Author Of The Indivisible Guide. Follow Her On Twitter, Sean Eldridge Is The Founder, President Of Stand Up America.","Leah Greenberg, President Of Stand Up America., Sean Eldridge, Sean Eldridge Is The Founder",https://www.commondreams.org/media-library/a-protester-participates-in-the-bld-pwr-and-black-lives-matter-los-angeles-final-march-to-the-polls-on-october-28-2020-in-los-a.jpg?id=32258509&width=1200&height=600&coordinates=0%2C67%2C0%2C67,"There are tireless legal organizations like Marc Elias' Democracy Docket fighting to preserve voting access across the country and ensure every vote is counted, and groups like the National Task Force on Election Crises who are putting forward recommendations for elected officials, civil society leaders, and the press to ensure a free and fair election.",United States,Left,Web Publication,True,True
171601,2024-10-23,Trump's Current Campaign Manager Shared Statements Blaming Him for J6 'Insurrection',https://www.thenewcivilrightsmovement.com/2024/10/trumps-current-campaign-manager-shared-statements-blaming-him-for-j6-insurrection/,The New Civil Rights Movement,David Badash,David Badash,http://www.thenewcivilrightsmovement.com/wp-content/uploads/2021/04/trump-Save-America-Rally-insurrection-4.jpg,"In that indictment, prosecutors say, Trump “pursued unlawful means of discounting legitimate votes and subverting the election results,” and “perpetrated three criminal conspiracies,” according to Democracy Docket.",United States,Center,Web Publication,False,True
171576,2024-10-31,Polling incident turns physical after Trump voter calls Black election worker ‘F–king b–h’,https://thegrio.com/2024/10/31/polling-incident-turns-physical-after-trump-voter-calls-black-election-worker-f-king-b-h/,The Grio,"Gerren Keith Gaynor, Haniyah Philogene, Associated Press, Kay Wicker, Maiysha Kai","Gerren Keith Gaynor, Haniyah Philogene, Kay Wicker, Maiysha Kai",https://thegrio.com/wp-content/uploads/2024/10/GettyImages-2156409390-e1730401334116.jpg,"Political or campaign apparel is barred at polling stations in 21 states, according to Democracy Docket.",United States,Center,Web Publication,False,True
171548,2021-11-25,Cheers and Jeers: Family Dysfunction Awareness Day,https://www.dailykos.com/story/2021/11/25/2066038/-Cheers-and-Jeers-Family-Dysfunction-Awareness-Day,Daily Kos,,,https://images.dailykos.com/images/779599/story_image/CheersandJeerslogo.jpg?1584578032,"Select Committee—yes, including Republicans Liz Cheney and Adam Kinzinger—for investigation the Trump coup with efficiency and dead-seriousness The end of the 20-year Afghanistan War and the withdrawal of our troops Maine’s state government, for spending another year with Dem control of the state House and Senate, and Democratic governor Janet Mills navigating the Covid-19 crisis with skill and compassion

Doctors

Nurses

Hospital administrative workers

Dr. Fauci and the now fully-functional NIH and CDC

Essential workers

The Covid-19 tracers and trackers

The vaccines and the mad scientists behind them

The 200 million Americans who have gotten vaccinated, including 95% of federal workers

The governors and state health officials making difficult decisions and sticking to them despite the efforts of the ignorant and often violent anti-vax narcissists to thwart them

New Zealand, for showing the world how a country can fight a pandemic as a team and win

All the indigenous people of North America Vihaan and Nav Agarwal of India, winners of Desmond Tutu’s 2021 International Children's Peace Prize The Nobel and Pulitzer winners The first responders and relief organizers who went above and beyond in the wake of this year's hurricanes, floods, and wildfires Employers who give their employees Thanksgiving off Employees who don’t get the day off so they can keep vital services running while the rest of us do Teachers Immigrants Caregivers Wind turbines and solar panels

-

AMERICANS WHO VOTED IN THE OFF-YEAR ELECTION

-

The Biden cabinet, the most capable, diverse, motivated, and scandal-free in my memory Samantha Bee, Stephen Colbert, John Oliver, Jimmy Kimmel, Seth Meyers, SNL, and the return of Jon Stewart, for continuing the renaissance in late-night political humor Freedom of the press Freedom of speech fuck Trump The diverse slate of Biden’s 28 federal judges confirmed by the Senate, with many more to come The #5 thing on internet lists that actually SHOCK me

Ta-Nehisi Coates, Joy Reid, Bishop William Barber, Al Sharpton, Charlie Pierce, Charles Blow, John Nichols, Howard Dean, E.J. Dionne, Eugene Robinson, David K. Johnston, Paul Krugman, Elie Mystal

Marc Elias at Democracy Docket, for winning a gazillion court cases against the MAGA lawyers trying to steal elections

The Kagro in the Morning radio show

Naomi Klein, Marcy Wheeler, Rachel Maddow, Chris Hayes, Trump money-follower David Fahrenthold, Daniel Dale, David Corn, Lawrence O’Donnell, Nicolle Wallace, Joy Reid

Atrios, Digby, Charles M. Blow, Americablog, John Cole, Joe Jervis, Michelangelo Signorile, Dan Savage, Leonard Pitts, Lizz Winstead

Media Matters, The Hispanic Federation, The Southern Poverty Law Center, PFAW, PFLAG, 350.org, RAICES, March for Our Lives, Indivisible, Black Lives Matter, Run For Something, Planned Parenthood, NAACP, IAVA, ACLU, and the many other advocacy organizations that prevented the worst of Trump’s abuses, often in coordination with each other

- Jimmy and Rosalynn Carter Bill and Hillary Clinton Barack and Michelle Obama Joe and Jill Biden -

My partner, Michael, for growing old with me

Obamacare, now more affordable and accessible than ever thanks to #44’s VP, aka #46

All of my bosses (if you’re reading this, you’re one of them) at Daily Kos

The front-pagers and diarists here, for explaining stuff I don't know boo about

My morning front-page blogger neighbors: the Abbreviated Pundit Roundup, morning cartoonists, and Elections Morning Digest

The rest of the progressive blogosphere, for having the wisdom to follow all of the orders issued by “Keyboard Kingpin” Markos “Mouse Tits” Moulitsas to...the...letter

Netroots Nation and its organizers, for executing another great virtual convention when the pandemic prevented the in-person one from happening in D.C.",United States,Left,Web Publication,True,True
171528,2020-09-03,"'Fighting Against Voting Rights Everywhere': Trump, RNC Sue Democratic Montana Governor to Restrict Mail-In Election",https://www.commondreams.org/news/2020/09/03/fighting-against-voting-rights-everywhere-trump-rnc-sue-democratic-montana-governor?cd-origin=rss,Common Dreams,"Kenny Stancil, Kenny Stancil Is Senior Researcher At The Revolving Door Project, A Former Staff Writer For Common Dreams.","A Former Staff Writer For Common Dreams., Kenny Stancil",https://www.commondreams.org/media-library/demonstrators-gathered-outside-of-the-condo-of-president-donald-trump-donor-and-current-u-s-postmaster-general-louis-dejoy-on-a.jpg?id=32143559&width=1200&height=600&coordinates=0%2C61%2C0%2C62,"Marc Elias, a lawyer and founder of Democracy Docket, an organization advocating for fair elections, argued that the ""GOP is fighting against voting rights everywhere.",United States,Left,Web Publication,True,True
171519,2020-08-13,GOP Makes Voting Great Again By Murdering Ballot Drop Boxes,https://www.wonkette.com/republicans-make-voting-great-again-by-torpedoing-ballot-drop-boxes,Wonkette,Liz Dye,Liz Dye,"https://substackcdn.com/image/fetch/$s_!O1hk!,w_1200,h_675,c_fill,f_jpg,q_auto:good,fl_progressive:steep,g_auto/https%3A%2F%2Fsubstack-post-media.s3.amazonaws.com%2Fpublic%2Fimages%2F9cb3da71-5bc9-450a-b713-25c32533be06_600x385.jpeg","To buy this argument, you'd also have to believe that votes are ""cast"" when the mailman picks up a postal ballot, but we'll leave that one to sainted Democratic election lawyer Marc Elias to ponder.",United States,Left,Web Publication,True,True
171468,2024-11-18,Sen. Tammy Baldwin's Republican opponent FINALLY concedes election,https://www.advocate.com/politics/tammy-baldwin-eric-hovde-concedes,Advocate,"Jacob Ogles, Trudy Ring, Ariel Messman-Rucker, Marie-Adélina De La Ferrière, Bernardo Sim, Jack Walker, Christopher Wiggins, Max Nesterak, Ryan Adamczeski, Human Content","Ariel Messman-Rucker, Bernardo Sim, Christopher Wiggins, Human Content, Jack Walker, Jacob Ogles, Marie-Adélina De La Ferrière, Max Nesterak, Ryan Adamczeski, Trudy Ring",https://www.advocate.com/media-library/us-senator-tammy-baldwin-speaks-during-the-senate-appropriations-committee-hearing-wisconsin-senate-candidate-eric-hovde-at-the.jpg?id=53799401&width=1200&height=600&coordinates=0%2C39%2C0%2C39,"The statement was released through Democracy Docket, a blog run by Democratic election attorney Marc Elias.",United States,Left,Web Publication,True,True
171437,2024-12-10,"Ambassador Kari Lake? Wow, Donald Really Does Hate Mexico",https://crooksandliars.com/2024/12/wow-donald-really-does-hate-mexico,Crooks and Liars,Conover Kennard,Conover Kennard,https://crooksandliars.com/files/primary_image/24/12/51826155305_e115e7d0fa_k_d.jpg,"In November, as Democracy Docket reported, The Arizona Supreme Court rejected Lake's request for a do-over of the 2022 election — marking the seventh, and final, time that her attempt to overturn the election results were denied.",United States,Left,Web Publication,False,True
171432,2024-12-10,Trump Taps Anti-Trans Lawyer Harmeet Dhillon for Key Civil Rights Post,https://www.commondreams.org/news/harmeet-dhillon,Common Dreams,"Brett Wilkins, Brett Wilkins Is A Staff Writer For Common Dreams.",Brett Wilkins,https://www.commondreams.org/media-library/image.png?id=55277717&width=1200&height=600&coordinates=0%2C222%2C0%2C223,"""



Writing for the voting rights platform Democracy Docket, Matt Cohen on Tuesday accused Dhillon of being ""one of the leading legal figures working to roll back voting rights across the country.",United States,Left,Web Publication,False,True
171394,2022-03-31,Civil rights groups blast Kyrsten Sinema for being an 'enabler' of Arizona voter roll purge,https://www.alternet.org/2022/03/civil-rights-groups-kyrsten-sinema/,Alternet,"Jake Johnson, Common Dreams","Common Dreams, Jake Johnson",https://www.alternet.org/media-library/image.jpg?id=26880082&width=1200&height=600&coordinates=0%2C60%2C0%2C60,"Democracy Docket explained that prior to the passage of H.B. 2492, Arizona voters who registered using state forms were required to provide proof of citizenship, but voters who registered using federal forms under the National Voter Registration Act did not, and were allowed to vote in federal elections held in the state.",United States,Left,Web Publication,False,True
171390,2022-03-31,Sinema Under Fire for 'Directly Enabling' New GOP Voter Purge Law in Arizona,https://www.commondreams.org/news/2022/03/31/sinema-under-fire-directly-enabling-new-gop-voter-purge-law-arizona,Common Dreams,"Jake Johnson, Jake Johnson Is A Senior Editor, Staff Writer For Common Dreams.","Jake Johnson, Jake Johnson Is A Senior Editor, Staff Writer For Common Dreams.",https://www.commondreams.org/media-library/sen-kyrsten-sinema-leaves-a-democratic-luncheon.jpg?id=32137210&width=1200&height=600&coordinates=0%2C0%2C0%2C817,"Democracy Docket explained that prior to the passage of H.B. 2492, Arizona voters who registered using state forms were required to provide proof of citizenship, but voters who registered using federal forms under the National Voter Registration Act did not, and were allowed to vote in federal elections held in the state.",United States,Left,Web Publication,False,True
171380,2022-03-22,A 2nd lawsuit challenges Arkansas congressional redistricting over racial gerrymander of Pulaski County,https://arktimes.com/arkansas-blog/2022/03/22/a-2nd-lawsuit-challenges-arkansas-congressional-redistricting-over-racial-gerrymander-of-pulaski-county,Arkansas Times,"Max Brantley, More Max Brantley","Max Brantley, More Max Brantley",https://i0.wp.com/arktimes.com/wp-content/uploads/2022/03/Screen-Shot-2022-03-22-at-8.43.37-AM-1.png?fit=400%2C326&ssl=1,"The filing was announced on Twitter last night by Marc Elias, a Democratic Party elections lawyer who’s been leading the Democracy Docket and its challenges to Republican gerrymander and vote suppression tactics around the country.",United States,Center,Local News Outlet,True,True
171366,2022-03-02,Donald Trump's recurring victories with the FEC worries legal experts,https://www.alternet.org/2022/03/experts-donald-trump-victories-fec/,Alternet,"Sky Palma, Raw Story","Raw Story, Sky Palma",https://www.alternet.org/media-library/image.jpg?id=23476275&width=1200&height=600&coordinates=0%2C15%2C0%2C15,"""

Legal expert and Democracy Docket founder Marc Elias agrees.",United States,Left,Web Publication,True,True
169672,2024-10-20,Republicans and Democrats are both preparing for long legal battles over the 2024 election results,https://www.newsday.com/news/nation/election-2024-harris-trump-legal-challenges-c47765,Newsday,The Associated Press,,https://cdn.newsday.com/ace/c:MzBkZTM2MzgtNWFhYi00:ZTZhNjU1NTktMjAyMi00/landscape/1280,"With a little over two weeks before Election Day, about 180 voting and election cases have been filed so far this year, according to Democratic lawyer Marc Elias, who founded the election litigation tracking group Democracy Docket.",United States,Center,Local News Outlet,True,True
171363,2024-12-27,'To spread disinformation': Republican confesses GOP plan to attack voting rights,https://www.alternet.org/voting-rights-2670688131/,Alternet,"Jessica Corbett, Common Dreams","Common Dreams, Jessica Corbett",https://www.alternet.org/media-library/a-protester-holds-a-sign-saying-trump-wins-at-a-rally-in-support-of-u-s-president-donald-trump-at-the-oregon-state-capitol-in.jpg?id=55406779&width=1200&height=600&coordinates=0%2C448%2C0%2C449,"""

Responding to the reporting on social media Thursday, lawyer and Democracy Docket founder Marc Elias said that ""Trump is an autocrat.",United States,Left,Web Publication,True,True
171360,2024-12-27,GOP Trifecta to Feature Legislative Attacks on Voting Rights,https://www.commondreams.org/news/republican-voting-bill,Common Dreams,"Jessica Corbett, Jessica Corbett Is A Senior Editor, Staff Writer For Common Dreams.","Jessica Corbett, Jessica Corbett Is A Senior Editor, Staff Writer For Common Dreams.",https://www.commondreams.org/media-library/image.jpg?id=55406601&width=1200&height=600&coordinates=0%2C85%2C0%2C86,"""

Responding to the reporting on social media Thursday, lawyer and Democracy Docket founder Marc Elias said that ""Trump is an autocrat.",United States,Left,Web Publication,True,True
171304,2025-02-19,RNC Wants SCOTUS To Fix PA Elections For Them,https://crooksandliars.com/2025/02/rnc-wants-scotus-fix-pa-elections-them,Crooks and Liars,Susie Madrak,Susie Madrak,https://crooksandliars.com/files/embeds/2025/02/64287.jpg,"Via Democracy Docket:

The RNC and Pennsylvania Republican Party’s Jan. 21 cert petition invokes the discredited independent state legislature (ISL) theory, which posits the U.S. Constitution’s Elections and Electors Clauses grant state legislatures exclusive authority to regulate federal elections without court intervention.",United States,Left,Web Publication,False,True
169877,2024-10-16,"Georgia’s controversial hand count rule blocked by judge, 'too much, too late'",https://abcnews.go.com/Politics/georgias-controversial-hand-count-rule-blocked-judge-late/story?id=114838897,ABC News ,,,https://i.abcnewsfe.com/a/ee1b9b56-17a0-495d-a9c7-d521de9f7383/GettyImages-2054032367_1729047387723_hpMain_16x9.jpg?w=1600,"""

""Because the hand count rule is too much, too late, its enforcement is hereby enjoined while the court considers the merits,"" Judge Robert McBurney wrote in his order Tuesday night, according to a copy of the order that was posted by Democracy Docket.",United States,Center,Network TV News,False,True
169896,2021-10-15,Guests on Sunday Talk Shows: Adam Schiff on MSNBC's 'The Sunday Show',https://www.latimes.com/entertainment-arts/tv/story/2021-10-15/guests-on-sunday-talk-shows-adam-schiff-on-msnbcs-the-sunday-show,LA Times,"Former Los Angeles Times Staffer Ed Stockly Handled The Tv Listings, Highlights, Was The Resident Tv Skeptic, Occasionally Writing About Tv Shows That Feature The Paranormal, Bad Science, Mermaids, Big Foot, Aliens","Aliens, Bad Science, Big Foot, Highlights, Mermaids, Was The Resident Tv Skeptic",https://ca-times.brightspotcdn.com/dims4/default/47b663b/2147483647/strip/true/crop/6000x3150+0+425/resize/1200x630!/quality/75/?url=https%3A%2F%2Fcalifornia-times-brightspot.s3.amazonaws.com%2F5d%2F71%2F898c64704a52b983ec6ae408625a%2Fla-photos-1staff-816062-na-pol-0727-911-schiff-profile-kkn-30092.JPG,"Panel: Jonathan Karl; Rick Klein; MaryAlice Parks; Stephanie Ramos, (N) 8 a.m. and 2 a.m. KABC

Reliable Sources With Brian Stelter Political reporters: Marc Elias, Democracy Docket; author Robert Costa (“Peril”).",United States,Center,Local News Outlet,True,True
171292,2025-03-20,"Gentlemen, You Can't Do An Armed Invasion Here! This Is The US Institute Of Peace!",https://www.wonkette.com/p/gentlemen-you-cant-do-an-armed-invasion,Wonkette,Doktor Zoom,Doktor Zoom,"https://substackcdn.com/image/fetch/$s_!UGEP!,w_1200,h_675,c_fill,f_jpg,q_auto:good,fl_progressive:steep,g_auto/https%3A%2F%2Fsubstack-post-media.s3.amazonaws.com%2Fpublic%2Fimages%2F4faa15c4-4475-459c-b00f-a78796c6c8fa_1210x661.jpeg","Democracy Docket explains what makes the institute such an odd duck, an independent nonprofit that nonetheless has a lot of connections to the US government:

Founded in 1984 under former President Ronald Reagan, the institute is a congressionally funded “independent nonprofit corporation” led by a bipartisan board of directors.",United States,Left,Web Publication,False,True
171272,2025-04-07,"Saga of Fired NLRB Member, Who Was Just Reinstated Again, Appears Headed to Supreme Court",https://www.commondreams.org/news/gwynne-wilcox-nlrb-supreme-court,Common Dreams,"Eloise Goldsmith, Eloise Goldsmith Is A Staff Writer For Common Dreams.",Eloise Goldsmith,https://www.commondreams.org/media-library/image.jpg?id=59811096&width=1200&height=600&coordinates=0%2C513%2C0%2C514,"According to the outlet Democracy Docket, the court ruled Monday that the administration's dismissal of Wilcox and Harris ran afoul of the U.S. Supreme Court's ruling in Humphrey's Executor v. U.S., a 1935 case that upheld removal restrictions for government officials on multimember adjudicatory boards.",United States,Left,Web Publication,False,True
170016,2021-05-12,"POLITICO Playbook: Cheney prepares for martyrdom, and the Big 4 meet Biden",https://www.politico.com/newsletters/playbook/2021/05/12/cheney-prepares-for-martyrdom-and-the-big-4-meet-biden-492816,Politico,Follow Us On X,Follow Us On X,https://static.politico.com/3d/ee/f4d549cf4e548af6712990ce5b9e/politico-cms-shared-graphic-1120x629.jpg,Schultz is also a senior adviser to former President Barack Obama and is an advisory board member at Democracy Docket.,United States,Center,Web Publication,False,True
170077,2021-07-07,Hillary Clinton: 'We are witnessing a concerted attempt to destabilize the democratic process',https://ktvz.com/politics/cnn-us-politics/2021/07/07/hillary-clinton-we-are-witnessing-a-concerted-attempt-to-destabilize-the-democratic-process/,KTVZ,Cnn Newsource,Cnn Newsource,https://ktvz.b-cdn.net/2025/02/KTVZ-Default-image-860x484.jpg,"We need to fundamentally change the way we think about and fight back against this blatant, sweeping effort,” Clinton wrote in the op-ed, which published on Democracy Docket, the progressive platform founded by former Clinton campaign counsel Marc Elias.",United States,Unspecified,Local Broadcast News,True,True
171261,2025-04-16,'Not going to flinch': Expert predicts Supreme Court will hand Trump another 9-0 loss,https://www.alternet.org/trump-contempt-court-boasberg/,Alternet,Adam Lynch,Adam Lynch,https://www.alternet.org/media-library/image.png?id=59928340&width=1200&height=600&coordinates=0%2C100%2C0%2C100,Attorney and Democracy Docket founder Marc Elias said the U.S. Supreme Court is not likely to side with President Donald Trump in his contempt of court appeal.,United States,Left,Web Publication,True,True
171250,2025-05-10,The GOP Is Already Planning to Win the Midterms... by Suppressing Your Vote!,https://www.commondreams.org/opinion/gop-voter-suppression-2671925543,Common Dreams,"Bill Blum, Bill Blum Is A Former California Administrative Law Judge., As An Attorney Prior To Becoming A Judge, He Was One Of The State'S Best-Known Death-Penalty Litigators. He Is Also An Award-Winning Writer, Legal Journalist, The Author Of Three Popular Legal Thrillers Published Penguin Putnam As Well As Scores Of Features, Book Reviews Published In A Broad Array Of Magazines, Newspapers. His Non-Fiction Work Has Appeared In A Wide Variety Of Publications, Ranging Common Dreams, The Nation To The Los Angeles Times","As An Attorney Prior To Becoming A Judge, Bill Blum, Legal Journalist, Ranging Common Dreams, The Nation To The Los Angeles Times",https://www.commondreams.org/media-library/image.jpg?id=59862632&width=1200&height=600&coordinates=0%2C356%2C0%2C357,"In an article posted after the House approved the act, Democracy Docket, the digital election news platform founded by attorney Marc Elias, featured the views of a group of distinguished historians and voting experts on the act.",United States,Left,Web Publication,True,True
171242,2025-06-01,'Vindicated': Trump-targeted law firms are fighting back — and winning,https://www.alternet.org/law-firms-trump-courts/,Alternet,Ailia Zehra,Ailia Zehra,https://www.alternet.org/media-library/image.jpg?id=59747448&width=1200&height=600&coordinates=0%2C83%2C0%2C84,"Meanwhile, in a piece published last week, Democracy Docket, a platform supporting voting rights, highlighted analysis by Stanford political science professor Adam Bonica which indicates that federal district courts have ruled against the Trump administration in 96% of cases in May.",United States,Left,Web Publication,False,True
170157,2021-03-01,The Supreme Court Will Hear A Case That Could Weaken What's Left of the Voting Rights Act,https://time.com/5943138/supreme-court-voting-rights-arizona/,Time,"Madeleine Carlisle, Sanya Mansoor","Madeleine Carlisle, Sanya Mansoor",https://api.time.com/wp-content/uploads/2021/03/us-supreme-court.jpg?quality=85&w=1024&h=628&crop=1,"“They are targeting Black, brown and young voters with surgical precision,” said Marc Elias, a lawyer for the DNC and the founder of Democracy Docket, during a press conference Monday.",United States,Center,National News Outlet,True,True
171224,2025-07-02,Republicans plan to install election deniers in major swing state's two bluest counties,https://www.alternet.org/election-deniers-gop-votes/,Alternet,Ailia Zehra,Ailia Zehra,https://www.alternet.org/media-library/image.png?id=61135642&width=1200&height=600&coordinates=0%2C100%2C0%2C100,"Republicans in Georgia are taking steps to position election deniers in key oversight roles within Fulton and DeKalb counties, two of the state’s most Democratic strongholds, according to a Democracy Docket report published Tuesday.",United States,Left,Web Publication,False,True
170377,2022-01-19,The Senate voting rights bill may be dead. What's next for voting reform?,https://www.cnet.com/how-to/the-senate-voting-rights-bill-may-be-dead-whats-next-for-voting-reform/#ftag=CADf328eec,CNET,"See Full Bio, Dan Avery, Dan Was A Writer On Cnet'S How-To, Thought Leadership Teams. His Byline Has Appeared In The New York Times, Newsweek, Nbc News, Architectural Digest, Elsewhere. He Is A Crossword Junkie, Is Interested In The Intersection Of Tech, Marginalized Communities.","Architectural Digest, Dan Avery, Dan Was A Writer On Cnet'S How-To, Elsewhere. He Is A Crossword Junkie, Marginalized Communities., Newsweek, See Full Bio",https://www.cnet.com/a/img/resize/cdddd11d67da2196ce031e086466e286a8fb3123/hub/2020/11/03/3080afc7-e104-4a35-a042-49666f11e0e6/i-voted-ballots-elections-election-2020-1928.jpg?auto=webp&fit=crop&height=675&width=1200,"Republicans have used the tool to block much of Democrats' recent legislation: There have been over 2,000 filibusters in the past century, according to Democracy Docket, but half occurred in the last 12 years.",United States,Center,Web Publication,False,True
171173,2025-07-23,Florida Supreme Court Backs DeSantis In Diluting Black Voter Power,https://blackamericaweb.com/2025/07/23/florida-supreme-court-backs-desantis-in-diluting-black-voter-power/,Black America Web,"Blackamericaweb Staff, Anoa Changa, Sammy Approved, Davonta Herring, D.L. Chandler, Keenan Higgins","Anoa Changa, Blackamericaweb Staff, Davonta Herring, D.L. Chandler, Keenan Higgins, Sammy Approved","https://newsone.com/wp-content/uploads/sites/22/2025/07/17532094219039.jpg?quality=80&strip=all&w=1024&crop=0,0,100,683px","The Democracy Docket specifically called attention to the “non-diminishment” clause in Florida’s Fair Districts Amendment, which prohibits the state from creating districts that prevent racial or language minorities from having “equal opportunity to participate in the political process and elect representatives of their choice.”",United States,Center,Local News Outlet,False,True
171168,2025-07-28,"Voters can't sue for disability discrimination, court rules",https://www.motherjones.com/politics/2025/07/vra-voting-rights-disability-discrimination-court/,Mother Jones,"Julia Métraux, Katie Herchenroeder, Matthew Taylor, Rob Schenck, Sam Van Pykeren, Jeremy Schulman, Kathiann M. Kowalski, Chasity Hale","Chasity Hale, Jeremy Schulman, Julia Métraux, Kathiann M. Kowalski, Katie Herchenroeder, Matthew Taylor, Rob Schenck, Sam Van Pykeren",https://www.motherjones.com/wp-content/uploads/2025/07/GettyImages-1244411849.jpg?w=1200&h=630&crop=1,"The July 28 decision by the Eighth Circuit reversed the summary judgment for Arkansas United and sent the case back to the district court for further action, according to Democracy Docket.",United States,Left,Opinion Journal,False,True
171163,2025-08-01,'Kill the messenger': Trump ripped over 'dangerous and corrupt' firing of labor stats head,https://www.alternet.org/trump-labor-stats-firing/,Alternet,David Badash,David Badash,https://www.alternet.org/media-library/image.jpg?id=60938719&width=1200&height=600&coordinates=0%2C268%2C0%2C268,"READ MORE: White House Pushes for Trump to Be Awarded Nobel Peace Prize—and One for Economics

Democracy Docket reported that McEntarfer’s “firing raises the threat of political interference in U.S. economic data, which economists warn would undermine confidence in the economy.”",United States,Left,Web Publication,False,True
171150,2025-08-10,Beto’s Group Temporarily Blocked From Funding TX Dems,https://crooksandliars.com/2025/08/beto-s-group-temporarily-blocked-funding,Crooks and Liars,Newshound Ellen,Newshound Ellen,https://crooksandliars.com/files/primary_image/25/08/orourke_for_080925.jpg,"That hearing will “determine whether these restrictions remain in place while the case moves forward — and whether Paxton’s aggressive legal theory survives its first real test,” Democracy Docket said.",United States,Left,Web Publication,False,True
171143,2025-08-15,'Impermissibly vague': Trump-appointed judge permanently blocks two major policies,https://www.alternet.org/trump-judge-policy/,Alternet,Ailia Zehra,Ailia Zehra,https://www.alternet.org/media-library/image.jpg?id=61464344&width=1200&height=600&coordinates=0%2C332%2C0%2C332,"She then permanently blocked their implementation, according to a report by Democracy Docket.",United States,Left,Web Publication,False,True
171133,2025-08-20,"Even As They’re Poised to Pass Gerrymandered Maps, Texas GOP Finds Ways to Threaten Dems",https://talkingpointsmemo.com/where-things-stand/even-as-theyre-poised-to-pass-gerrymandered-maps-texas-gop-finds-ways-to-threaten-dems,Talking Points Memo,"Nicole Lafond, Is Tpm S Deputy Editor For News, Based In New York. She Has Also Worked As The Special Projects Editor, As A Senior Newswriter For Tpm. She Has A Master S Degree In Journalism Columbia University, Previously Covered Education In Central Illinois., .Wp-Block-Co-Authors-Plus-Coauthors.Is-Layout-Flow, Class, Wp-Block-Co-Authors-Plus, Display Inline, .Wp-Block-Co-Authors-Plus-Avatar","Is Tpm S Deputy Editor For News, Nicole Lafond",https://talkingpointsmemo.com/wp-content/uploads/2025/08/GettyImages-2230990979.jpg?w=804,"At one point during the Zoom call, Collier was heard speaking to someone off camera, who reportedly told her she might be charged with a felony, according to Democracy Docket:

Collier dialed into the Zoom call from a Capitol restroom as the floor debate over the new maps echoed in the background.",United States,Left,Web Publication,False,True
171127,2025-08-26,She Pushed to Overturn Trump’s Loss in the 2020 Election. Now She’ll Help Oversee U.S. Election Security.,https://www.propublica.org/article/heather-honey-dhs-election-security,ProPublica,"Doug Bock Clark, I Welcome Tips About How Politicians, Activists, Others Are Trying To Transform American Elections For Partisan Advantage. I Am Also Interested In Tips About North Carolina S Legislature, Court System, State Government., .Wp-Block-Propublica-Byline Font-Size Var, Media Min-Width","Activists, Court System, Doug Bock Clark, I Welcome Tips About How Politicians, Media Min-Width, State Government.","https://www.propublica.org/wp-content/uploads/2025/08/GettyImages-2011578695_maxWidth_3000_maxHeight_3000_ppi_72_quality_95_embedColorProfile_true.jpg?resize=2000,1333","Her name is listed on the organization’s leadership structure online, and her appointment was first reported by the website Democracy Docket.",United States,Center Left,Web Publication,False,True
171123,2025-08-27,Researcher who has distorted voter data appointed to Homeland Security election integrity role,https://www.bostonglobe.com/2025/08/27/nation/homeland-security-election-integrity/,Boston Globe,,,https://bostonglobe-prod.cdn.arcpublishing.com/resizer/v2/HBG4PFHMFY64TWAVW75HGVQTZE.jpg?auth=09ae796148c4e61d54e7cf784a6d5b06d281aeb42e2e299109180a07e023714d&width=1440,"The political appointment, first reported by Democracy Docket, shows how self-styled election investigators who have thrown themselves into election conspiracy theories since 2020 are now being celebrated by a presidential administration that indulges their false claims.",United States,Center,Local News Outlet,False,True
171119,2025-09-01,Trump Voter ID Threat Condemned as 'Unconstitutional',https://www.commondreams.org/news/trump-voter-id-threat-condemned-as-unconstitutional,Common Dreams,"Jessica Corbett, Jessica Corbett Is A Senior Editor, Staff Writer For Common Dreams.","Jessica Corbett, Jessica Corbett Is A Senior Editor, Staff Writer For Common Dreams.",https://www.commondreams.org/media-library/image.jpg?id=56528668&width=1200&height=600&coordinates=0%2C468%2C0%2C468,"In addition to pointing out that Trump is ""an absentee voter himself,"" Democracy Docket explained Sunday that ""the US Constitution gives the states the primary authority to regulate elections, while empowering Congress to 'at any time by Law make or alter such Regulations.'",United States,Left,Web Publication,False,True
171103,2025-10-01,OUCH! Trump's Butt!,https://www.wonkette.com/p/ouch-trumps-butt,Wonkette,Doktor Zoom,Doktor Zoom,"https://substackcdn.com/image/fetch/$s_!W3Zz!,w_1200,h_675,c_fill,f_jpg,q_auto:good,fl_progressive:steep,g_auto/https%3A%2F%2Fsubstack-post-media.s3.amazonaws.com%2Fpublic%2Fimages%2Ff4ef808f-7f35-4759-9227-97111a21cfa7_1087x689.jpeg","Share

[AAUP v Rubio opinion / CNN / Politico / Democracy Docket]",United States,Left,Web Publication,False,True
171111,2025-09-09,"Bro, Do You Have A Date For National Bible Day? Tabs, Tues., Sept. 9, 2025",https://www.wonkette.com/p/bro-do-you-have-a-date-for-national,Wonkette,Evan Hurst,Evan Hurst,"https://substackcdn.com/image/fetch/$s_!wnUY!,w_1200,h_675,c_fill,f_jpg,q_auto:good,fl_progressive:steep,g_auto/https%3A%2F%2Fsubstack-post-media.s3.amazonaws.com%2Fpublic%2Fimages%2Fc02758e4-62ae-4388-b083-9773a6e40c20_494x400.gif",[New York Times / Democracy Docket],United States,Left,Web Publication,False,True
171109,2025-09-16,R.I. won’t give Trump administration voter registration list with personal data,https://www.bostonglobe.com/2025/09/16/metro/ri-trump-voter-registration-data-request/,Boston Globe,,,https://bostonglobe-prod.cdn.arcpublishing.com/resizer/v2/4H3QB6F3EIGPWVYQC5SPNDVLVA.jpg?auth=1c1f1dc1dd2ab29b9c9b34f0969afbca7ce26b1b6036d6b9ce97b026ae2e9330&width=1440,"On Sept. 11, Democracy Docket reported that the Trump administration confirmed that voter registration data being collected by the Department of Justice is being shared with the Department of Homeland Security as part of a broad push to remove noncitizens from the rolls.",United States,Center,Local News Outlet,False,True
171106,2025-09-24,Trump wants Charlie Kirk to be his Horst Wessel—don’t give him the opportunity,https://www.nationofchange.org/2025/09/24/trump-wants-charlie-kirk-to-be-his-horst-wessel-dont-give-him-the-opportunity/,Nation of Change,,,https://i0.wp.com/s3.us-east-2.amazonaws.com/media.nationofchange.org/wp-content/uploads/2025/09/24080025/250910-charlie-kirk-donald-trump-cs-1dd3f4.webp?fit=1024%2C512&ssl=1,"“It was intended to be utilized, if at all, when all hell has broken loose,” Banks told Democracy Docket in September.",United States,Left,Web Publication,False,True
171104,2025-10-01,‘Answer the Question’: Johnson Flounders Defending Trump’s Call to Target ‘Enemy Within’,https://www.thenewcivilrightsmovement.com/2025/10/answer-the-question-johnson-flounders-defending-trumps-call-to-target-enemy-within/,The New Civil Rights Movement,David Badash,David Badash,http://www.thenewcivilrightsmovement.com/wp-content/uploads/2025/10/mike-johnson-reuters-2025-09-19T151944Z_209706953_RC23VGA62VNR_RTRMADP_3_USA-CONGRESS-SHUTDOWN.jpg,"Hegseth Targets ‘Woke’ Diversity, ‘Nordic Pagans’ and ‘Beardos’

Democracy Docket characterized Trump’s remarks as “alarming,” and noted that they “came as he is increasingly attempting to use the military as a domestic police force while claiming to designate Americans as domestic terrorists.”",United States,Center,Web Publication,False,True
171102,2025-10-08,'Full-Blown Authoritarianism’: Governor Fires Back After Trump Says He Belongs ‘in Jail’,https://www.alternet.org/send/trump-pritzker/,Alternet,David Badash,David Badash,https://www.alternet.org/media-library/image.jpg?id=54495047&width=1200&height=600&coordinates=0%2C500%2C0%2C500,"Trump’s social media missive is his “latest call for his political opponents to be punished as part of his retribution campaign against those who have attempted to hold him accountable or have challenged his political agent,” according to Democracy Docket.",United States,Left,Web Publication,False,True
171101,2025-10-08,‘Full-Blown Authoritarianism’: Governor Fires Back After Trump Says He Belongs ‘in Jail’,https://www.thenewcivilrightsmovement.com/2025/10/full-blown-authoritarianism-governor-fires-back-after-trump-says-he-belongs-in-jail/,The New Civil Rights Movement,David Badash,David Badash,http://www.thenewcivilrightsmovement.com/wp-content/uploads/2025/10/jb-pritzker-reuters-2025-09-09T210412Z_1974823662_RC2JOGAPQXJX_RTRMADP_3_USA-TRUMP-CHICAGO.jpg,"Bondi Admits Being at the Center of Explosive Trump Post

Trump’s social media missive is his “latest call for his political opponents to be punished as part of his retribution campaign against those who have attempted to hold him accountable or have challenged his political agent,” according to Democracy Docket.",United States,Center,Web Publication,False,True
171093,2025-10-23,"Officials Plot to Have Trump Declare National Emergency in 2026, Raising Fears He May 'Hijack' the Next Election",https://www.commondreams.org/news/trump-emergency-hijack-2026-election,Common Dreams,"Stephen Prager, Stephen Prager Is A Staff Writer For Common Dreams.",Stephen Prager,https://www.commondreams.org/media-library/image.jpg?id=61887474&width=1200&height=600&coordinates=0%2C302%2C0%2C303,"The group has become deeply influential during Trump's second term, receiving a briefing from the DHS in June on how a database run by the department can be used to verify the citizenship status of registered voters, according to a report from Democracy Docket.",United States,Left,Web Publication,False,True
170817,2023-02-05,Redistricting lawsuits could shape the 2024 battle for House control,https://tucson.com/news/national/redistricting-lawsuits-could-shape-the-2024-battle-for-house-control/article_b58c7c34-e351-560f-888f-4eca2ecd6224.html,Arizona Daily Star,"Daniela Altimari Cq-Roll Call, Daniela Altimari, Lynda M. Gonzalez, The Dallas Morning News","Daniela Altimari, Daniela Altimari Cq-Roll Call, Lynda M. Gonzalez, The Dallas Morning News",https://bloximages.chicago2.vip.townnews.com/tucson.com/content/tncms/assets/v3/editorial/b/58/b58c7c34-e351-560f-888f-4eca2ecd6224/63dfe22202f57.preview.jpg?crop=1763%2C992%2C0%2C91&resize=1120%2C630&order=crop%2Cresize,"The Democracy Docket, a progressive voting rights site founded by Democratic elections lawyer Marc Elias, counted 46 lawsuits filed in 22 states seeking to overturn congressional maps crafted in 2021 and 2022.",United States,Center,Local News Outlet,True,True
171091,2025-10-23,Red state official who claimed CIA rigged election against Trump now leads election probe,https://www.alternet.org/election-doj-trump-retribution/,Alternet,Ailia Zehra,Ailia Zehra,https://www.alternet.org/media-library/image.jpg?id=60345019&width=1200&height=600&coordinates=0%2C252%2C0%2C253,"Democracy Docket reported Thursday that Andrew McCoy “Mac” Warner, who served as West Virginia’s Republican secretary of state until earlier this year, has emerged as a senior attorney in DOJ’s Civil Rights Division.",United States,Left,Web Publication,False,True
171089,2025-10-27,Fears raised as officials plot to have Trump declare National Emergency,https://www.alternet.org/trump-national-emergency/,Alternet,Stephen Prager,Stephen Prager,https://www.alternet.org/media-library/image.jpg?id=54741427&width=1200&height=600&coordinates=0%2C451%2C0%2C451,"The group has become deeply influential during Trump’s second term, receiving a briefing from the DHS in June on how a database run by the department can be used to verify the citizenship status of registered voters, according to a report from Democracy Docket.",United States,Left,Web Publication,False,True
171087,2025-10-30,Before the Dust Settles: A Strategy for Reclaiming the People's House,https://www.commondreams.org/opinion/trump-white-house-demolition,Common Dreams,"John Marks, John D. Marks, Phd, Pe, Is A Us Army Veteran, Biomedical Engineer Who Earned His Doctorate At The University Of Utah, Later Directed Clinical Research At A Major Medical Device Firm. His Military Service In The Corps Of Engineers, His Years Living In Postwar Europe Gave Him Direct Insight Into How Governments Use Bureaucracy, Surveillance, Institutional Power. He Has Authored Numerous Peer-Reviewed Scientific","Is A Us Army Veteran, John D. Marks, John Marks, Phd, Surveillance",https://www.commondreams.org/media-library/image.jpg?id=61889016&width=1200&height=600&coordinates=0%2C480%2C0%2C480,Democracy Docket shows how emergency motions can freeze bulldozers.,United States,Left,Web Publication,False,True
171076,2025-11-20,"Waiting For My Lucky Day! Tabs, Thurs., Nov. 20, 2025",https://www.wonkette.com/p/waiting-for-my-lucky-day-tabs-thurs,Wonkette,Rebecca Schoenkopf,Rebecca Schoenkopf,"https://substackcdn.com/image/fetch/$s_!J9NK!,w_1200,h_675,c_fill,f_jpg,q_auto:good,fl_progressive:steep,g_auto/https%3A%2F%2Fsubstack-post-media.s3.amazonaws.com%2Fpublic%2Fimages%2Fb5ce9da3-5d10-4f4d-af08-0d27fcbd2ddc_280x255.gif","(Democracy Docket)

Send me your etsys and your ebays and your other crafts and nonsenses for our post-Thanksgiving small business handmade and vintage buying orgy!",United States,Left,Web Publication,False,True
171074,2025-11-24,"Federal Judge Tosses Comey, James Cases Over 'Unlawful' Appointment of Trump Prosecutor",https://www.commondreams.org/news/judge-dismisses-comey-james-cases,Common Dreams,"Jake Johnson, Jake Johnson Is A Senior Editor, Staff Writer For Common Dreams.","Jake Johnson, Jake Johnson Is A Senior Editor, Staff Writer For Common Dreams.",https://www.commondreams.org/media-library/image.jpg?id=61784715&width=1200&height=600&coordinates=0%2C425%2C0%2C426,"Democracy Docket notes that Halligan ""is the fourth Trump-appointed acting US attorney deemed to be serving unlawfully.",United States,Left,Web Publication,False,True
171071,2025-12-03,DHS Takes Break From Ethnic Cleansing To Help States Do Voter Suppression,https://www.wonkette.com/p/dhs-takes-break-from-ethnic-cleansing,Wonkette,Doktor Zoom,Doktor Zoom,"https://substackcdn.com/image/fetch/$s_!xa2P!,w_1200,h_675,c_fill,f_jpg,q_auto:good,fl_progressive:steep,g_auto/https%3A%2F%2Fsubstack-post-media.s3.amazonaws.com%2Fpublic%2Fimages%2Ffa9d2df2-00a3-4e8d-811f-f307c8b93849_800x645.jpeg","As Democracy Docket notes, the changes mean that “States could run entire voter lists through a system that has repeatedly been shown to misidentify naturalized citizens, married voters who changed their names and anyone whose records contain minor inconsistencies.”",United States,Left,Web Publication,False,True
171068,2025-12-09,Pam Bondi Plans To Treat Anti-Trump Activists As Domestic Terrorists,https://crooksandliars.com/2025/12/pam-bondi-plans-treat-anti-trump-activists,Crooks and Liars,Susie Madrak,Susie Madrak,https://crooksandliars.com/files/embeds/2025/12/68281.jpg,"Via Democracy Docket:

The document, which was first published over the weekend by investigative journalist Ken Klippenstein, appears to represent the first attempt to implement Trump’s calls to target left-wing activists and others who protest his administration’s policies as “terrorists” affiliated with antifa, an anti-fascist movement that often serves as a boogeyman for the right.",United States,Left,Web Publication,False,True
171067,2025-12-10,"Trump Admin Taps Another 2020 Conspiracy Theorist for Leadership Role, This Time At FEMA",https://talkingpointsmemo.com/news/trump-admin-taps-another-2020-conspiracy-theorist-for-leadership-role-this-time-at-fema,Talking Points Memo,"Khaya Himmelman, Is A Reporter At Tpm, Based In New York. She Previously Covered Politics, Misinformation For The Messenger, Grid, The Dispatch., .Wp-Block-Co-Authors-Plus-Coauthors.Is-Layout-Flow, Class, Wp-Block-Co-Authors-Plus, Display Inline","Grid, Is A Reporter At Tpm, Khaya Himmelman, Misinformation For The Messenger, The Dispatch.",https://talkingpointsmemo.com/wp-content/uploads/2025/12/GettyImages-2220367051.jpg?w=804,"And as Democracy Docket reported, Neff has also represented well-known election denier and former Overstock.com CEO Patrick Byrne.",United States,Left,Web Publication,False,True
171063,2025-12-11,'Amateur hour’: Trump official says antifa is #1 threat in US — but can't say what it is,https://www.alternet.org/trump-antifa-2674392887/,Alternet,"Brad Reed, Common Dreams","Brad Reed, Common Dreams",https://www.alternet.org/media-library/u-s-president-donald-trump-looks-up-as-he-participates-in-a-roundtable-on-antifa-an-anti-fascist-movement-he-designated-a-dome.jpg?id=62094757&width=1200&height=600&coordinates=0%2C83%2C0%2C83,"“Total amateur hour in US law enforcement,” remarked Democracy Docket news editor Matthew Kupfer, “where the No. 1 terror threat is an organization that does not formally exist and a career FBI official is dancing around before a congressional committee trying to make the Trump strategy sound legit.”",United States,Left,Web Publication,False,True
171060,2025-12-12,'Insane nonsense': Trump DOJ cites debunked conspiracy theory in swing state lawsuit,https://www.alternet.org/trump-insane-conspiracy-theory/,Alternet,David Badash,David Badash,https://www.alternet.org/media-library/image.jpg?id=54970849&width=1200&height=600&coordinates=0%2C410%2C0%2C410,"The case ultimately was recently dismissed after setbacks and that Trump, having since become a sitting president, could not be indicted.

Democracy Docket, which covers voting rights, elections, and the courts, called the move “a major escalation in the Trump administration’s dangerous effort to revive President Donald Trump’s fraudulent claims that the election was stolen.”",United States,Left,Web Publication,False,True
171052,2026-01-06,Here are 12 reasons MAGA’s next attack on fair elections won’t copy Jan. 6: experts,https://www.alternet.org/maga-jan-6/,Alternet,Thomas,Thomas,https://www.alternet.org/media-library/january-6-defendant-jacob-chancey-a-k-a-the-qanon-shaman-at-the-phoenix-convention-center-in-december-2023-gage-skidmore.jpg?id=51715524&width=1200&height=600&coordinates=0%2C106%2C0%2C107,"On a similar note, Marc Elias, the founder of Democracy Docket and partner at the Elias Law Group, expressed concern over Trump's attempts to collect sensitive voter data from states, ""including their Social Security numbers, partisan affiliation and voting histories,"" and to sue those states that push back.",United States,Left,Web Publication,True,True
171039,2026-01-26,"No Justice, No Peace: Tabs, Mon., Jan. 26, 2026",https://www.wonkette.com/p/no-justice-no-peace-tabs-mon-jan,Wonkette,Marcie Jones,Marcie Jones,"https://substackcdn.com/image/fetch/$s_!P9WX!,w_1200,h_675,c_fill,f_jpg,q_auto:good,fl_progressive:steep,g_auto/https%3A%2F%2Fsubstack-post-media.s3.amazonaws.com%2Fpublic%2Fimages%2Fa2c236af-af84-4d2e-ae15-b23ea15dc81d_270x314.gif","(Democracy Docket)

New York Times Opinion piece by M. Gessen articulates our new national reality of state terror: there is no “first they came for...” order of operations, randomness and no one being safe from state violence are a feature.",United States,Left,Web Publication,False,True
171035,2026-01-30,‘Most Dangerous Attack on Voting Rights Ever’? New GOP Election Bill Sparks Dire Warnings,https://www.commondreams.org/news/republican-voting-rights,Common Dreams,"Jake Johnson, Jake Johnson Is A Senior Editor, Staff Writer For Common Dreams.","Jake Johnson, Jake Johnson Is A Senior Editor, Staff Writer For Common Dreams.",https://www.commondreams.org/media-library/image.jpg?id=63525672&width=1200&height=600&coordinates=0%2C416%2C0%2C417,"Yunior Rivas of Democracy Docket noted Thursday that the legislation would go further than the SAVE Act, a bill House Republicans passed last year that one historian characterized as “the most extraordinary attack on voting rights in American history.”",United States,Left,Web Publication,False,True
171034,2026-01-30,Democracy Five-Alarm Fire Of The Day: North Carolina Considering Removing 'Presumptive Noncitizen' Voters,https://www.wonkette.com/p/democracy-five-alarm-fire-of-the,Wonkette,Marcie Jones,Marcie Jones,"https://substackcdn.com/image/fetch/$s_!9VmZ!,w_1200,h_675,c_fill,f_jpg,q_auto:good,fl_progressive:steep,g_auto/https%3A%2F%2Fsubstack-post-media.s3.amazonaws.com%2Fpublic%2Fimages%2F6934814d-9985-4323-94ec-d6f21678bacb_1080x599.jpeg","[Brennan Center / Democracy Docket / New York Magazine archive link]

Share to help fight disinformation!",United States,Left,Web Publication,False,True
171028,2026-02-04,Trump Ratchets Up Talk of Taking Over Elections,https://www.thenation.com/article/politics/trump-elections-fulton-county/,The Nation,"Joan Walsh, Elie Mystal, Steve Brodner, Sasha Abramsky, Peter De Wit, Toni Aguilar Rosenthal, Eric Baker, Rhian Sasseen, John Nichols, The Nation","Elie Mystal, Eric Baker, Joan Walsh, John Nichols, Peter De Wit, Rhian Sasseen, Sasha Abramsky, Steve Brodner, The Nation, Toni Aguilar Rosenthal",https://www.thenation.com/wp-content/uploads/2026/02/trump-oval-office-gt-img.jpg,Democracy Docket founder and voting rights attorney Mark Elias believes last week’s seizure of Fulton County ballots “was in part a dry run to work out the logistics of how this could happen in the future.”,United States,Left,Opinion Journal,False,True
171003,2023-12-30,"Maine Dem who booted Trump from ballot met with Biden, called Electoral College ‘white supremacy’",https://nypost.com/2023/12/30/news/maine-dem-who-kicked-trump-off-ballot-called-electoral-college-white-supremacy/,New York Post,,,https://nypost.com/wp-content/uploads/sites/2/2023/12/newspress-collage-o66h9yzeb-1703976165362.jpg?quality=75&strip=all&1703958223&w=1200,"In June 2021, Bellows, a former state Senator in Maine, wrote an op-ed piece for the lefty platform Democracy Docket claiming she decided to run for secretary of state because she “was truly frightened for our democracy” following the 2020 presidential election.",United States,Right,Local News Outlet,False,True
170977,2024-01-21,"As 2024 elections approach, NC officials push to educate voters, bolster trust",https://www.wral.com/story/as-2024-elections-approach-nc-officials-push-to-educate-voters-bolster-trust/21244131/,WRAL,,,https://images.wral.com/asset/news/state/nccapitol/2024/01/21/21246446/josh-carter-yQvcqyIm79U-unsplash-DMID1-61ok796mu-640x360.jpg?w=640&h=360?w=640&h=360,"The court’s opinion was written by Berger’s son, Justice Phil Berger Jr.

North Carolina has been perhaps the most aggressive state in the country in passing laws that, in his view, roll back voting rights — often to the detriment of Black voters, according to Marc Elias, a Democratic attorney who litigates gerrymandering and voting rights cases all across the country.",United States,Center,Local Broadcast News,True,True
170931,2023-08-10,Republicans' Lessons from Ohio,https://time.com/6303738/republicans-lessons-ohio-abortion-issue-1/,Time,Sanya Mansoor,Sanya Mansoor,https://api.time.com/wp-content/uploads/2023/08/abortion-ohio-vote-02.jpg?quality=85&w=1200&h=628&crop=1,Another analysis published on Democracy Docket found a similar trend.,United States,Center,National News Outlet,False,True
171279,2025-03-26,"'Fight' Vs. 'Chuck Schumer.' Tabs, Wed., March 26, 2025",https://www.wonkette.com/p/fight-vs-chuck-schumer-tabs-wed-march,Wonkette,Rebecca Schoenkopf,Rebecca Schoenkopf,"https://substackcdn.com/image/fetch/$s_!7lMH!,w_1200,h_675,c_fill,f_jpg,q_auto:good,fl_progressive:steep,g_auto/https%3A%2F%2Fsubstack-post-media.s3.amazonaws.com%2Fpublic%2Fimages%2Fd8c5ce9a-61b8-4bef-92ed-b9d635198c7a_420x302.gif","(Democracy Docket)

Charlotte Clymer, who’s a veteran, is losing her mind about these unqualified dipshits running our wars.",United States,Left,Web Publication,False,True
170890,2023-06-08,Alabama ruling could help Democrats in multiple states,https://www.rollcall.com/2023/06/08/alabama-ruling-could-help-democrats-in-multiple-states/,Roll Call,"Mary Ellen Mcintire, Niels Lesniewski, Posted June","Mary Ellen Mcintire, Niels Lesniewski, Posted June",https://rollcall.com/app/uploads/2023/06/cbc_summit350_050923.jpg,"There’s also active litigation, highlighted by Democracy Docket, in Georgia and Texas that pertains to legislative maps.",United States,Center,Opinion Journal,False,True
170895,2023-06-12,Voting rights advocates in the South emboldened by Supreme Court win,https://ktvz.com/politics/cnn-us-politics/2023/06/12/voting-rights-advocates-in-the-south-emboldened-by-supreme-court-win/,KTVZ,Cnn Newsource,Cnn Newsource,https://ktvz.b-cdn.net/2025/02/KTVZ-Default-image-860x484.jpg,"According to the Democracy Docket, a liberal-leaning voting rights media platform that tracks election litigation, there are 31 active federal cases involving Voting Rights Act redistricting claims similar to those in the Alabama case.",United States,Unspecified,Local Broadcast News,False,True
170894,2023-06-12,Voting rights advocates in the South emboldened by Supreme Court win,https://www.cnn.com/2023/06/12/politics/supreme-court-redistricting-voting-rights-south/index.html,CNN,"Tierney Sneed Dianne Gallagher, Tierney Sneed, Dianne Gallagher","Dianne Gallagher, Tierney Sneed, Tierney Sneed Dianne Gallagher","https://media.cnn.com/api/v1/images/stellar/prod/230609124243-01-voting-rights-rally-1022.jpg?c=16x9&q=w_800,c_fill","According to the Democracy Docket, a liberal-leaning voting rights media platform that tracks election litigation, there are 31 active federal cases involving Voting Rights Act redistricting claims similar to those in the Alabama case.",United States,Center Left,Cable TV News,False,True
170819,2023-02-13,Here’s how some officials think elections should run,https://www.politico.com/newsletters/weekly-score/2023/02/13/heres-how-some-officials-think-elections-should-run-00082501,Politico,Follow Us On X,Follow Us On X,https://static.politico.com/3d/ee/f4d549cf4e548af6712990ce5b9e/politico-cms-shared-graphic-1120x629.jpg,"(Here is more background on the case from the Democracy Docket, the site founded by Democratic megalawyer Marc Elias, and WILL’s press release from when the group initially filed the suit.)",United States,Center,Web Publication,True,True
170811,2023-01-30,Redistricting lawsuits could shape the 2024 battle for House control,https://www.rollcall.com/2023/01/30/redistricting-lawsuits-could-shape-the-2024-battle-for-house-control/,Roll Call,"Daniela Altimari, Posted January","Daniela Altimari, Posted January",https://rollcall.com/app/uploads/2021/09/GettyImages-1233948308.jpg,"The Democracy Docket, a progressive voting rights site founded by Democratic elections lawyer Marc Elias, counted 46 lawsuits filed in 22 states seeking to overturn congressional maps crafted in 2021 and 2022.",United States,Center,Opinion Journal,True,True
170774,2024-04-21,‘Completely Insane!’ Fox & Friends Gobsmacked Over Hillary Clinton’s ‘Toxic’ Claims Trump Wants To ‘Rule Without Any Check or Balance’,https://www.mediaite.com/politics/completely-insane-fox-friends-gobsmacked-over-hillary-clintons-toxic-claims-trump-wants-to-rule-without-any-check-or-balance/,Mediaite,Jennifer Bowers Bahney,Jennifer Bowers Bahney,https://www.mediaite.com/wp-content/uploads/2024/04/Screenshot-2024-04-21-at-8.45.06 AM.png,"Clinton told Marc Elias’ “Democracy Docket” podcast:

Trump was like, you know, just gaga over Putin because Putin does what he would like to do — kill his opposition, imprison his opposition, drive, you know, journalists and others into exile, rule without any check or balance — that’s what trump really wants, so we have to be very conscience of how he sees the world.",United States,Center Left,Web Publication,True,True
170715,2022-11-25,Election deniers faced defeat but election denialism is still swirling in Arizona,https://www.cnn.com/2022/11/25/politics/election-questions-arizona-results/index.html,CNN,Maeve Reston,Maeve Reston,"https://media.cnn.com/api/v1/images/stellar/prod/221106135823-kari-lake-file-100922.jpg?c=16x9&q=w_800,c_fill","Marc Elias, an attorney specializing in election litigation who has taken a central role in pushing back against GOP efforts to restrict ballot access, noted in a post on his Democracy Docket website that Lake’s complaints about “voter suppression” were ironic given Republican’s efforts to limit voting access in recent years.",United States,Center Left,Cable TV News,True,True
176342,2024-10-10,2:00PM Water Cooler 10/10/2024,https://www.nakedcapitalism.com/2024/10/200pm-water-cooler-10-10-2024.html,Naked Capitalism,"Yves Smith, Lambert Strether, View All Posts Lambert Strether, Socal Rhino, Jeremy Grimm","Jeremy Grimm, Lambert Strether, Socal Rhino, View All Posts Lambert Strether, Yves Smith",https://www.nakedcapitalism.com/wp-content/uploads/2024/10/rcp_2024-10-04.png,[Democracy Docket].,United States,Left,Web Publication,False,True
170685,2022-11-25,Election deniers faced defeat but election denialism is still swirling in Arizona,https://www.eastbaytimes.com/2022/11/25/election-deniers-faced-defeat-but-election-denialism-is-still-swirling-in-arizona/,East Bay Times,Cnn.Com Wire Service,Cnn.Com Wire Service,https://www.eastbaytimes.com/wp-content/uploads/2022/11/OPED-MCMANUS-COLUMN-GET-4-1.jpg?w=1024&h=740,"Marc Elias, an attorney specializing in election litigation who has taken a central role in pushing back against GOP efforts to restrict ballot access, noted in a post on his Democracy Docket website that Lake’s complaints about “voter suppression” were ironic given Republican’s efforts to limit voting access in recent years.",United States,Center,Local News Outlet,True,True
170669,2022-11-07,Avalanche of early lawsuits could pave way for disputes over Tuesday's election results,https://www.cnn.com/2022/11/07/politics/election-lawsuits-midterms-challenges/index.html,CNN,"Tierney Sneed Fredreka Schouten, Tierney Sneed, Fredreka Schouten","Fredreka Schouten, Tierney Sneed, Tierney Sneed Fredreka Schouten","https://media.cnn.com/api/v1/images/stellar/prod/221104164006-early-voting-georgia-110422.jpg?c=16x9&q=w_800,c_fill","In all, 120 cases surrounding voting had been filed as of November 3 – more than half of which have sought to restrict access to the ballot– according to the Democracy Docket, a liberal-leaning voting rights and media platform that tracks election litigation.",United States,Center Left,Cable TV News,False,True
170668,2022-11-07,Avalanche of early lawsuits could pave way for disputes over Tuesday's election results,https://ktvz.com/news/2022/11/07/avalanche-of-early-lawsuits-could-pave-way-for-disputes-over-tuesdays-election-results/,KTVZ,Cnn Newsource,Cnn Newsource,https://ktvz.b-cdn.net/2025/02/KTVZ-Default-image-860x484.jpg,"In all, 120 cases surrounding voting had been filed as of November 3 — more than half of which have sought to restrict access to the ballot– according to the Democracy Docket, a liberal-leaning voting rights and media platform that tracks election litigation.",United States,Unspecified,Local Broadcast News,False,True
170665,2022-11-03,Stark contrast between DeSantis and Crist in so many ways,https://www.sun-sentinel.com/opinion/editorials/fl-op-edit-desantis-crist-record-20221103-6zvy7q2y2jafjcf5jncdeqqidi-story.html#ed=rss_www.sun-sentinel.com/arcio/rss/category/opinion/,Orlando Sun Sentinel,"Sun Sentinel, Sun Sentinel Editorial Board","Sun Sentinel, Sun Sentinel Editorial Board",https://www.sun-sentinel.com/wp-content/uploads/migration/2022/11/03/BTEGCBIH5OTHQYZ6XDXSF3HFCI.jpg?w=1024&h=670,"“Repeal it,” he told the Democracy Docket website.

Elections:",United States,Center,Local News Outlet,False,True
170662,2022-10-29,"Donald Trump, election deniers target mail-in voting",http://rssfeeds.azcentral.com/~/717673278/0/phoenix/nation~Youve-got-mail-voting-Donald-Trump-and-other-election-deniers-target-mail-balloting-system/,AZCentral.com,,,https://www.usatoday.com/tangstatic/sites/usat/og-image-q1a2z3fb72acfa.png,"""Some challenge the use of drop boxes, while others attack signature matching rules, cure procedures and more,"" Democratic election lawyer Marc Elias wrote on the Democracy Docket website.",United States,Center,Local News Outlet,True,True
170599,2022-09-19,The dividing factor,https://www.politico.com/newsletters/weekly-score/2022/09/19/the-dividing-factor-00057448,Politico,Follow Us On X,Follow Us On X,https://static.politico.com/3d/ee/f4d549cf4e548af6712990ce5b9e/politico-cms-shared-graphic-1120x629.jpg,"The Washington Post also conducted a similar survey, in which 12 Republican candidates either refused to commit or declined to respond:

— Kari Lake, running for governor in Arizona

— Ron DeSantis, running for governor in Florida

— Derek Schmidt, running for governor in Kansas

— Doug Mastriano, running for governor in Pennsylvania

— Greg Abbott, running for governor in Texas

— Tim Michels, running for governor in Wisconsin

— Marco Rubio, running for Senate in Florida

— Don Bolduc, running for Senate in New Hampshire

— Ron Johnson, running for Senate in Wisconsin

— Along with Dixon, Masters and Budd, as the NYT reported

VOTING LAWSUITS — Republican-affiliated groups have filed 41 lawsuits since January — a jump from the number filed by such individuals and groups last year and in 2020, according to a report released Monday from the progressive group Democracy Docket.",United States,Center,Web Publication,False,True
170408,2024-05-24,Trump’s attacks on early voting muddle Republican election plans,https://www.staradvertiser.com/2024/05/24/breaking-news/trumps-attacks-on-early-voting-muddle-republican-election-plans/,Honolulu Star Advertiser,"Tim Reid, Julia Harte, Nathan Layne","Julia Harte, Nathan Layne, Tim Reid",https://www.staradvertiser.com/wp-content/uploads/2024/05/web1_20240524_brk_tru01.jpg,"The RNC has also filed or supports 29 lawsuits aimed at restricting early voting, 17 of which concern voting by mail, according to Democracy Docket, a progressive voting rights group that tracks election-related litigation.",United States,Center,Web Publication,False,True
170383,2024-07-21,"Will Trump, GOP fight revised Democratic ticket in court? Top lawyer has stern warning and prediction",https://www.nj.com/news/2024/07/will-trump-gop-fight-revised-democratic-ticket-in-court-top-lawyer-has-stern-warning-and-prediction.html,NJ.com,"Kevin Manahan, Kmanahan Njadvancemedia.Com, Nj Advance Media For Nj.Com","Kevin Manahan, Kmanahan Njadvancemedia.Com, Nj Advance Media For Nj.Com",https://www.nj.com/resizer/v2/NA7YLN354NDE7K2UUI4A2OV5GM.JPG?auth=bb59899ee360eacf17ed20ca13b10a644d367db96f78fb4ac6f405144982e2e2&width=1280&smart=true&quality=90,"Democratic election lawyer Marc Elias has beaten Republicans’ brains in during past court battles — over certifying the 2020 presidential election, overturning gerrymandered districts, and maintaining and restoring voting rights to thousands of registered voters the GOP has tried to disqualify.",United States,Center,Web Publication,True,True
170376,2022-01-19,What's in the Senate voting rights bill and how Democrats still hope to pass it,https://www.cnet.com/how-to/the-senate-voting-rights-bill-whats-in-it/#ftag=CADf328eec,CNET,"See Full Bio, Dan Avery, Dan Was A Writer On Cnet'S How-To, Thought Leadership Teams. His Byline Has Appeared In The New York Times, Newsweek, Nbc News, Architectural Digest, Elsewhere. He Is A Crossword Junkie, Is Interested In The Intersection Of Tech, Marginalized Communities.","Architectural Digest, Dan Avery, Dan Was A Writer On Cnet'S How-To, Elsewhere. He Is A Crossword Junkie, Marginalized Communities., Newsweek, See Full Bio",https://www.cnet.com/a/img/resize/cdddd11d67da2196ce031e086466e286a8fb3123/hub/2020/11/03/3080afc7-e104-4a35-a042-49666f11e0e6/i-voted-ballots-elections-election-2020-1928.jpg?auto=webp&fit=crop&height=675&width=1200,"Republicans have used the tool to block much of Democrats' recent legislation: There have been over 2,000 filibusters in the past century, according to Democracy Docket, but half occurred in the last 12 years.",United States,Center,Web Publication,False,True
170341,2020-12-08,Fact check: President Donald Trump did not win 2020 election,https://www.usatoday.com/story/news/factcheck/2020/12/08/fact-check-president-donald-trump-did-not-win-2020-election/6467942002/,USA Today,,,https://www.usatoday.com/tangstatic/sites/usat/og-image-q1a2z3fb72acfa.png,"The Trump campaign and its allies flooded state and federal courts after the election, filing over 40 lawsuits, primarily in battleground states, according to a running tally by Marc Elias, a Democratic elections expert and founder of Democracy Docket.",United States,Center,Web Publication,True,True
170339,2020-12-16,Groups sue four Georgia counties over early voting,https://www.ajc.com/politics/election/groups-sue-four-georgia-counties-over-early-voting/G6CAQKNYKVGM7BEIQ6BAJGCX5M/,Atlanta Journal-Constitution,"David Wickert Mark Niesse, David Wickert","David Wickert, David Wickert Mark Niesse",https://d1fegwn2wjh0cs.cloudfront.net/12-17-2020/t_b6dfa69b3c1d4ee2be438244598de3af_name_346c5aff71e54ffaa09035ac1276299b.jpeg?auth=1282d72293a5df0a2fa73d5fa77bbd2a7afda32b6ac65043d21499da6f76fd3c&width=1200&height=630&smart=true,"The New Georgia Project and Democracy Docket say Bibb, Clarke, Houston and Paulding counties are not offering early voting on a Saturday during three weeks of early voting, which they say is required by state law.",United States,Center,Local News Outlet,False,True
176589,2024-06-06,2:00PM Water Cooler 6/6/2024,https://www.nakedcapitalism.com/2024/06/200pm-water-cooler-6-6-2024.html,Naked Capitalism,"Yves Smith, Lambert Strether, View All Posts Lambert Strether, Socal Rhino, For Justice, Morgan Everett","For Justice, Lambert Strether, Morgan Everett, Socal Rhino, View All Posts Lambert Strether, Yves Smith",https://www.nakedcapitalism.com/wp-content/uploads/2024/05/rcp_2024_05-31.png,"[Marc Elias, Democracy Docket].",United States,Left,Web Publication,True,True
170092,2021-08-12,US Census Bureau release 2020 census: How to understand the data,http://rssfeeds.azcentral.com/~/662118884/0/phoenix/politics~What-to-expect-from-the-census-as-redistricting-fights-loom/,AZCentral.com,,,"https://www.usatoday.com/gcdn/presto/2021/08/12/USAT/bb3b60d5-022f-46cd-a4ec-7c53575fbb28-XXX__JC25599.JPG?crop=2999,1687,x0,y152&width=2999&height=1687&format=pjpg&auto=webp","Cases in Pennsylvania, Minnesota and Louisiana claim the census data released in April shows population shifts that render districts instantly unconstitutional.

Democracy Docket alleges Republican lawmakers often pass “unfair and unconstitutional maps,” and “some of the best protection voters have against disenfranchisement is through the courts.”",United States,Center,Local News Outlet,True,True
170091,2021-08-12,US Census Bureau release 2020 census: How to understand the data,http://rssfeeds.azcentral.com/~/662118884/0/phoenix/nation~What-to-expect-from-the-census-as-redistricting-fights-loom/,AZCentral.com,,,"https://www.usatoday.com/gcdn/presto/2021/08/12/USAT/bb3b60d5-022f-46cd-a4ec-7c53575fbb28-XXX__JC25599.JPG?crop=2999,1687,x0,y152&width=2999&height=1687&format=pjpg&auto=webp","Cases in Pennsylvania, Minnesota and Louisiana claim the census data released in April shows population shifts that render districts instantly unconstitutional.

Democracy Docket alleges Republican lawmakers often pass “unfair and unconstitutional maps,” and “some of the best protection voters have against disenfranchisement is through the courts.”",United States,Center,Local News Outlet,True,True
170087,2021-08-12,US Census Bureau release 2020 census: How to understand the data,http://rssfeeds.azcentral.com/~/662118884/0/phoenix/politics~Census-US-sees-unprecedented-multiracial-growth-decline-in-the-white-population-for-first-time-in-history/,AZCentral.com,,,"https://www.usatoday.com/gcdn/presto/2021/08/12/USAT/bb3b60d5-022f-46cd-a4ec-7c53575fbb28-XXX__JC25599.JPG?crop=2999,1687,x0,y152&width=2999&height=1687&format=pjpg&auto=webp","Cases in Pennsylvania, Minnesota and Louisiana claim the census data released in April shows population shifts that render districts instantly unconstitutional.

Democracy Docket alleges Republican lawmakers often pass “unfair and unconstitutional maps,” and “some of the best protection voters have against disenfranchisement is through the courts.”",United States,Center,Local News Outlet,True,True
170085,2021-08-12,US Census Bureau release 2020 census: How to understand the data,http://rssfeeds.northjersey.com/~/662118884/0/northjerseynews~Census-US-sees-unprecedented-multiracial-growth-decline-in-the-white-population-for-first-time-in-history/,Bergen Record,,,"https://www.usatoday.com/gcdn/presto/2021/08/12/USAT/bb3b60d5-022f-46cd-a4ec-7c53575fbb28-XXX__JC25599.JPG?crop=2999,1687,x0,y152&width=2999&height=1687&format=pjpg&auto=webp","Cases in Pennsylvania, Minnesota and Louisiana claim the census data released in April shows population shifts that render districts instantly unconstitutional.

Democracy Docket alleges Republican lawmakers often pass “unfair and unconstitutional maps,” and “some of the best protection voters have against disenfranchisement is through the courts.”",United States,Center,Local News Outlet,True,True
170039,2021-06-10,Far-left rep claims Manchin ‘dooming our democracy’ by opposing HR1,https://nypost.com/2021/06/10/far-left-rep-claims-manchin-dooming-our-democracy-by-opposing-hr1/,New York Post,,,https://nypost.com/wp-content/uploads/sites/2/2021/06/manchin-jones-676.jpg?quality=75&strip=all&w=1200,"Rep. Mondaire Jones (D-NY) wrote in an essay published Wednesday on the website Democracy Docket that Manchin did not have any “substantive concerns” about the legislation, also known as the For The People Act.

“What Senator Manchin wants is a bipartisan bill — whatever it says,” Jones wrote.",United States,Right,Local News Outlet,False,True
170012,2021-05-06,Ohio Becomes The Latest State To Introduce A Major Voter Suppression Bill,https://www.huffpost.com/entry/ohio-latest-state-introduce-major-voter-suppression-bill_n_609493efe4b05fb33f4a8a00,Huffpost,Senior Reporter,Senior Reporter,https://img.huffingtonpost.com/asset/6094978a1e0000a663101162.jpeg?cache=mAzRe6LDqK&ops=1200_630,"Read the bill here👇https://t.co/GnPzLGoaTK — Democracy Docket (@DemocracyDocket) May 6, 2021

To promote the bill they co-sponsored, Republican state Reps. Bill Seitz and Sharon Ray used the same language that GOP lawmakers used in other states to try to curb voting rights.",United States,Center Left,Web Publication,False,True
169970,2021-04-06,Marc Elias Fought Trump's 2020 Election Lawsuits. Can He Win The Battle Over Voting Rights?,https://time.com/5952523/marc-elias-voting-laws-challenge/,Time,Alana Abramson,Alana Abramson,https://api.time.com/wp-content/uploads/2021/04/lawyer-marc-elias.jpg?quality=85&w=1200&h=628&crop=1,"He’s amassed nearly half a million followers on Twitter, his home office has a ring light for his virtual MSNBC hits, and his January 2021 appearance on actress Alyssa Milano’s podcast was titled, “Marc Elias saves Democracy, one court at a time.”",United States,Center,National News Outlet,True,True
169893,2024-09-20,Attempts to purge voter rolls increase as election nears,https://ktvz.com/politics/cnn-us-politics/2024/09/20/attempts-to-purge-voter-rolls-increase-as-election-nears/,KTVZ,Cnn Newsource,Cnn Newsource,https://ktvz.b-cdn.net/2024/09/cnn-L19jb21wb25lbnRzL2ltYWdlL2luc3RhbmNlcy9jbTE5bzg2OWswMDJ0M2I2a3Joa2Jhanlk-L19jb21wb25lbnRzL2FydGljbGUvaW5zdGFuY2VzL2NtMTlteHJzeDAwMG05a3FiYmw0bGU2NTU-300.jpg,"As of Tuesday, at least three dozen cases related to voter rolls and their maintenance are pending in 19 states, according to the liberal-leaning Democracy Docket, which tracks election litigation.",United States,Unspecified,Local Broadcast News,False,True
169887,2024-10-02,How the US Supreme Court could get involved in the 2024 presidential election,https://abcnews.go.com/Politics/us-supreme-court-involved-2024-presidential-election/story?id=114185679,ABC News ,,,https://i.abcnewsfe.com/a/69dc567f-eea5-46e6-bd43-e682c4fcb249/supreme-court-file-gty-ml-240926_1727366030604_hpMain_16x9.jpg?w=1600,"The case is among more than three dozen GOP-led suits attempting to purge alleged ineligible voters, according to Democracy Docket, a left-leaning group tracking the litigation.",United States,Center,Network TV News,False,True
169856,2024-10-16,Young Voters In A Swing State Received A 'Threatening' Text,https://www.huffpost.com/entry/young-wisconsin-voters-targeted-threatening-text_n_670fdfafe4b065987f75f79d,Huffpost,"Senior Reporter, Huffpost National Desk","Huffpost National Desk, Senior Reporter",https://img.huffingtonpost.com/asset/671002a01d00002d004cff77.jpeg?cache=SF07XBfk2t&ops=1200_630,"A staff member at Democracy Docket, a voting rights news website founded by the Democratic election lawyer Marc Elias, also received a text, according to the group’s website.",United States,Center Left,Web Publication,True,True
172767,2023-12-04,Cheers and Jeers: Monday,https://www.dailykos.com/stories/2023/12/4/2209261/-Cheers-and-Jeers-Monday?pm_campaign=blog&pm_medium=rss&pm_source=,Daily Kos,,,https://images.dailykos.com/images/1016107/story_image/CheersandJeerssharpedgelogo.jpg?1639234149,"I get the weekday evening updates—always at 6 o’clock sharp—from Marc Elias and his defenders of free and fair elections at Democracy Docket, and late last week there were some developments worth passing along to you, my beloved unwashed rabble:

» Georgia Republicans released new proposed congressional and legislative maps.",United States,Left,Web Publication,True,True
169849,2020-12-11,"What's on TV Saturday, Sunday Talk: A Bee Gees documentary",https://www.latimes.com/entertainment-arts/tv/story/2020-12-11/whats-on-tv-saturday-sunday-talk-a-bee-gees-documentary,LA Times,"Former Los Angeles Times Staffer Ed Stockly Handled The Tv Listings, Highlights, Was The Resident Tv Skeptic, Occasionally Writing About Tv Shows That Feature The Paranormal, Bad Science, Mermaids, Big Foot, Aliens","Aliens, Bad Science, Big Foot, Highlights, Mermaids, Was The Resident Tv Skeptic",https://ca-times.brightspotcdn.com/dims4/default/0ec5a43/2147483647/strip/true/crop/1693x889+0+0/resize/1200x630!/quality/75/?url=https%3A%2F%2Fcalifornia-times-brightspot.s3.amazonaws.com%2Fcf%2F22%2F7f0b65ba4915bfc9fa2985a39be2%2Fthe-bee-gees-how-can-you-mend-a-broken-heart-1.jpg,"Trump and right-wing media’s Biden denialism: Marc Elias, Democracy Docket.",United States,Center,Local News Outlet,True,True
169819,2020-12-03,Meet the Americans involved in Trump lawsuits challenging the election,http://rssfeeds.northjersey.com/~/639532796/0/northjerseynews~For-Trump-supporters-primed-to-disbelieve-defeat-challenging-the-election-was-a-civic-duty/,Bergen Record,,,"https://www.usatoday.com/gcdn/presto/2020/11/25/USAT/48717031-f700-4a82-9489-7056ab6e15f6-XXX_TCFBallotCount_110420_ES11.JPG?crop=1023,575,x1,y194&width=1023&height=575&format=pjpg&auto=webp","The Trump campaign and its allies have lost 42 lawsuits and won one that affected a few dozen votes, according to a running tally by Marc Elias, a Democratic elections expert and founder of Democracy Docket.",United States,Center,Local News Outlet,True,True
171056,2025-12-30,"New Year's Adam. Tabs, Tues., Dec. 30, 2025",https://www.wonkette.com/p/new-years-adam-tabs-tues-dec-30-2025,Wonkette,Evan Hurst,Evan Hurst,"https://substackcdn.com/image/fetch/$s_!I3X6!,w_1200,h_675,c_fill,f_jpg,q_auto:good,fl_progressive:steep,g_auto/https%3A%2F%2Fsubstack-post-media.s3.amazonaws.com%2Fpublic%2Fimages%2F758606f9-f512-4cff-aba8-b3aa933c4b7e_480x428.gif","[Democracy Docket]

This Chicago Trib Sunday feature on how Chicago fought back and beat the ICE losers out of their fucking town is excellent, you should read it.",United States,Left,Web Publication,False,True
169815,2020-12-03,Meet the Americans involved in Trump lawsuits challenging the election,http://rssfeeds.azcentral.com/~/639532796/0/phoenix/nation~For-Trump-supporters-primed-to-disbelieve-defeat-challenging-the-election-was-a-civic-duty/,AZCentral.com,,,"https://www.usatoday.com/gcdn/presto/2020/11/25/USAT/48717031-f700-4a82-9489-7056ab6e15f6-XXX_TCFBallotCount_110420_ES11.JPG?crop=1023,575,x1,y194&width=1023&height=575&format=pjpg&auto=webp","The Trump campaign and its allies have lost 42 lawsuits and won one that affected a few dozen votes, according to a running tally by Marc Elias, a Democratic elections expert and founder of Democracy Docket.",United States,Center,Local News Outlet,True,True
171117,2025-09-02,'Unconstitutional': Outrage as new Trump threat is condemned,https://www.alternet.org/trump-threat-2673948288/,Alternet,Jessica Corbett,Jessica Corbett,https://www.alternet.org/media-library/image.jpg?id=61145694&width=1200&height=600&coordinates=0%2C458%2C0%2C459,"In addition to pointing out that Trump is ""an absentee voter himself,"" Democracy Docket explained Sunday that ""the US Constitution gives the states the primary authority to regulate elections, while empowering Congress to 'at any time by Law make or alter such Regulations.'",United States,Left,Web Publication,False,True
171138,2025-08-18,'Enormous abuse of power': Trump just laid bare his plan to 'corrupt the 2026 midterm elections',https://www.alternet.org/trump-midterms-truth-social/,Alternet,Alex Henderson,Alex Henderson,https://www.alternet.org/media-library/image.jpg?id=61483132&width=1200&height=600&coordinates=0%2C454%2C0%2C454,"Democratic election lawyer, voting rights expert and Democracy Docket publisher Mark Elias is warning that President Donald Trump is determined to ""steal the 2026 elections"" — and his game plan, according to an August video, includes a combination of voter suppression, election denial and a mid-decade U.S. Census (which is violating the rules because the next Census isn't due until 2030).",United States,Left,Web Publication,False,True
169753,2024-10-20,Republicans and Democrats are both preparing for long legal battles over the 2024 election results,https://www.clickondetroit.com/news/politics/2024/10/20/republicans-and-democrats-are-both-preparing-for-long-legal-battles-over-the-2024-election-results/,Click on Detroit,"Alanna Durkin Richer, Colleen Long And Lindsay Whitehurst, Associated Press","Alanna Durkin Richer, Colleen Long And Lindsay Whitehurst","https://res.cloudinary.com/graham-media-group/image/upload/f_auto/q_auto/c_thumb,w_700/v1/media/gmg/BREFNFWOE5D5DIBWUCPGDCTHUY.jpg?_a=DATAg1fkZAA0","With a little over two weeks before Election Day, about 180 voting and election cases have been filed so far this year, according to Democratic lawyer Marc Elias, who founded the election litigation tracking group Democracy Docket.",United States,Center,Local Broadcast News,True,True
169749,2024-10-20,Republicans and Democrats are both preparing for long legal battles over the 2024 election results,https://www.ksat.com/news/politics/2024/10/20/republicans-and-democrats-are-both-preparing-for-long-legal-battles-over-the-2024-election-results/,KSAT,"Alanna Durkin Richer, Colleen Long And Lindsay Whitehurst, Associated Press","Alanna Durkin Richer, Colleen Long And Lindsay Whitehurst","https://res.cloudinary.com/graham-media-group/image/upload/f_auto/q_auto/c_thumb,w_700/v1/media/gmg/BREFNFWOE5D5DIBWUCPGDCTHUY.jpg?_a=DATAg1fkZAA0","With a little over two weeks before Election Day, about 180 voting and election cases have been filed so far this year, according to Democratic lawyer Marc Elias, who founded the election litigation tracking group Democracy Docket.",United States,Unspecified,Local Broadcast News,True,True
171158,2025-08-04,"Georgia O'Keeffe's Pudding Cake! Tabs, Mon., Aug. 4, 2025",https://www.wonkette.com/p/georgia-okeeffes-pudding-tabs-mon,Wonkette,Marcie Jones,Marcie Jones,"https://substackcdn.com/image/fetch/$s_!HOeq!,w_1200,h_675,c_fill,f_jpg,q_auto:good,fl_progressive:steep,g_auto/https%3A%2F%2Fsubstack-post-media.s3.amazonaws.com%2Fpublic%2Fimages%2Fce3a01e4-05bb-4d22-b93c-9ff529f2b2d6_500x484.gif","(Democracy Docket)

You knew this was coming: Office of the Special Counsel, currently headed by (acting) man-of-many jobs Jamieson Greer, has opened a Hatch Act investigation into former Special Counsel Jack Smith, because he investigated sweet innocent lamb Donald Trump like he was appointed to do.",United States,Left,Web Publication,False,True
171156,2025-08-04,Texas House Orders Arrest of Dem Lawmakers Who Left State to Block GOP Gerrymandering,https://www.commondreams.org/news/texas-arrest-warrants-democrats,Common Dreams,"Brett Wilkins, Brett Wilkins Is A Staff Writer For Common Dreams.",Brett Wilkins,https://www.commondreams.org/media-library/image.png?id=61427780&width=1200&height=600&coordinates=0%2C55%2C0%2C56,"""

However, Chad Dunn, a longtime Texas election and voting rights lawyer, told Democracy Docket that ""a warrant issued by the Texas House is not effective out of the state unless another state chooses to domesticate it and enforce it under that state's laws.",United States,Left,Web Publication,False,True
171155,2025-08-05,Texas House orders arrest of Dem lawmakers who left state to block GOP gerrymandering,https://therealnews.com/texas-house-orders-arrest-of-dem-lawmakers-who-left-state-to-block-gop-gerrymandering,The Real News Network,"Brett Wilkins, More Brett Wilkins, The Real News Network","Brett Wilkins, More Brett Wilkins, The Real News Network",https://therealnews.com/wp-content/uploads/2025/08/GettyImages-2227880973-scaled.jpg,"However, Chad Dunn, a longtime Texas election and voting rights lawyer, told Democracy Docket that “a warrant issued by the Texas House is not effective out of the state unless another state chooses to domesticate it and enforce it under that state’s laws.”",United States,Center,Web Publication,False,True
169745,2024-10-20,Republicans and Democrats are both preparing for long legal battles over the 2024 election results,https://www.therepublic.com/2024/10/20/republicans-and-democrats-are-both-preparing-for-long-legal-battles-over-the-2024-election-results/,The Republic News,"The Associated Press, The Ap Is One Of The Largest, Most Trusted Sources Of Independent Newsgathering. Ap Is Neither Privately Owned Nor Government-Funded, Instead, As A Not-For-Profit News Cooperative Owned Its American Newspaper, Broadcast Members, It Can Maintain Its Single-Minded Focus On Newsgathering, Its Commitment To The Highest Standards Of Objective, Accurate Journalism.","Accurate Journalism., Broadcast Members, Instead, The Ap Is One Of The Largest",https://www.therepublic.com/wp-content/uploads/2024/10/a3e68a493ed64a5880c1cfbfbaa0cdc8.0-preview.jpg,"With a little over two weeks before Election Day, about 180 voting and election cases have been filed so far this year, according to Democratic lawyer Marc Elias, who founded the election litigation tracking group Democracy Docket.",United States,Center,Local News Outlet,True,True
171258,2025-04-17,Senator Van Hollen Went To El Salvador And All He Got Was ... Nah F*ck This,https://www.wonkette.com/p/senator-van-hollen-went-to-el-salvador,Wonkette,Doktor Zoom,Doktor Zoom,"https://substackcdn.com/image/fetch/$s_!PFy1!,w_1200,h_675,c_fill,f_jpg,q_auto:good,fl_progressive:steep,g_auto/https%3A%2F%2Fsubstack-post-media.s3.amazonaws.com%2Fpublic%2Fimages%2F9d63fb5b-4ac0-46d5-a48e-db010fe987cb_1266x739.jpeg",[AP / Democracy Docket / CNN / New Republic / Rolling Stone],United States,Left,Web Publication,False,True
171376,2022-03-18,Judge Griffen strikes down four new Arkansas voting laws as unconstitutional,https://arktimes.com/arkansas-blog/2022/03/18/judge-griffen-strikes-down-four-new-arkansas-voting-laws-as-unconstitutiona,Arkansas Times,"Max Brantley, More Max Brantley","Max Brantley, More Max Brantley",https://i0.wp.com/arktimes.com/wp-content/uploads/2019/08/wendell-g-at-1200.jpg?fit=1200%2C630&ssl=1,"The Democracy Docket, which is mounting opposition to the vote suppression campaign, has the best explainer on the laws in Arkansas and why they are in violation of the Arkansas Constitution.",United States,Center,Local News Outlet,False,True
171412,2022-04-16,'Florida will be sued': Lawyers and legal advocates push back against Florida's GOP-led agenda to redraw congressional maps,https://www.alternet.org/2022/04/florida-will-be-sued-lawyers-and-legal-advocates-push-back-against-florida-s-gop-led-agenda-to-redraw-congressional-maps/,Alternet,Meaghan Ellis,Meaghan Ellis,https://www.alternet.org/media-library/image.jpg?id=26405308&width=1200&height=600&coordinates=0%2C37%2C0%2C38,"Marc Elias, a litigator who also founded The Democracy Docket, weighed in during a Twitter spaces discussion.",United States,Left,Web Publication,True,True
169647,2020-09-17,'It's going to be Florida times 10': These are the election nightmare scenarios legal insiders worry about as Biden and Trump prepare to face off in November,https://www.businessinsider.com/election-biden-trump-florida-votes-counting-november-lawyers-chaos-2020-9?utm_campaign=sf-bi-uk&utm_source=facebook.com&utm_medium=social,Business Insider,"Darren Samuelsohn, Dave Levinthal, Robin Bravender","Darren Samuelsohn, Dave Levinthal, Robin Bravender",https://i.insider.com/5f63c9a357b7da001ee125af?width=1200&format=jpeg,"Democracy Docket is run by the top Democratic election lawyer Marc Elias, while the Republican National Committee's website is called Protect the Vote.",United States,Center,Web Publication,True,True
169598,2020-09-22,Court rulings around the country are giving voters more ways to cast ballots. Dems hail the decisions; GOP files appeals,https://abcnews.go.com/Politics/court-rulings-country-giving-voters-ways-cast-ballots/story?id=73144862,ABC News ,,,https://s.abcnews.com/images/Politics/voters-georgia-file-ap-jef-200921_1600699228420_hpMain_16x9_992.jpg?w=1600,"Matt Rourke/AP, FILE

""After today's string of decisions, we are down to 31 pending lawsuits in 16 states--all of which need to be decided by November,"" Marc Elias, a Democratic lawyer, tweeted Friday after the Pennsylvania ruling.",United States,Center,Network TV News,True,True
171557,2021-12-06,"Best Gift For Men Who 'Don't Want Anthing'! Tabs, Mon., Dec. 6, 2021",https://www.wonkette.com/best-gift-for-men-who-don-t-want-anthing-tabs-mon-dec-6-2021,Wonkette,Rebecca Schoenkopf,Rebecca Schoenkopf,"https://substackcdn.com/image/fetch/$s_!tdyS!,w_1200,h_675,c_fill,f_jpg,q_auto:good,fl_progressive:steep,g_auto/https%3A%2F%2Fsubstack-post-media.s3.amazonaws.com%2Fpublic%2Fimages%2F7df6f7ce-cf84-42bb-b4e6-cdeed75c382d_600x404.jpeg","www.youtube.com

Read the first line of Marc Elias and try not to burst out laughing:

I recently participated in a panel discussion about voting rights.",United States,Left,Web Publication,True,True
171538,2021-11-23,'Asymmetric warfare': Georgia GOP redraws political map as US Senate Dems do nothing,https://www.alternet.org/2021/11/voting-rights-2655779704/,Alternet,"Jessica Corbett, Common Dreams","Common Dreams, Jessica Corbett",https://www.alternet.org/media-library/image.png?id=28018682&width=1200&height=600&coordinates=0%2C37%2C0%2C38,"Democracy Docket noted that ""the state House and Senate maps... were criticized by Democrats for cementing a Republican advantage in the General Assembly and failing to account for the growth of Georgia's minority population.",United States,Left,Web Publication,False,True
171533,2021-11-23,Georgia GOP Redraws Political Map as Senate Democrats Do Nothing,https://www.commondreams.org/news/2021/11/22/total-asymmetric-warfare-georgia-gop-redraws-political-map-us-senate-dems-do-nothing,Common Dreams,"Jessica Corbett, Jessica Corbett Is A Senior Editor, Staff Writer For Common Dreams.","Jessica Corbett, Jessica Corbett Is A Senior Editor, Staff Writer For Common Dreams.",https://www.commondreams.org/media-library/manchin-and-sinema.jpg?id=32138666&width=1200&height=600&coordinates=0%2C0%2C0%2C726,"Democracy Docket noted that ""the state House and Senate maps... were criticized by Democrats for cementing a Republican advantage in the General Assembly and failing to account for the growth of Georgia's minority population.",United States,Left,Web Publication,False,True
171598,2024-10-24,'Within two seconds': Trump vows to fire special counsel Jack Smith if elected president,https://www.alternet.org/trump/jack-smith-trump-special-counsel/,Alternet,David Badash,David Badash,https://www.alternet.org/media-library/image.png?id=34288811&width=1200&height=600&coordinates=0%2C40%2C0%2C41,"In that indictment, prosecutors say, Trump “pursued unlawful means of discounting legitimate votes and subverting the election results,” and “perpetrated three criminal conspiracies,” according to Democracy Docket.",United States,Left,Web Publication,False,True
169501,2020-09-04,"What's on TV Saturday, plus Sunday Talk shows: '21 Bridges'",https://www.latimes.com/entertainment-arts/tv/story/2020-09-04/whats-on-tv-saturday-sept-5-plus-sunday-talk-shows,LA Times,"Former Los Angeles Times Staffer Ed Stockly Handled The Tv Listings, Highlights, Was The Resident Tv Skeptic, Occasionally Writing About Tv Shows That Feature The Paranormal, Bad Science, Mermaids, Big Foot, Aliens","Aliens, Bad Science, Big Foot, Highlights, Mermaids, Was The Resident Tv Skeptic",https://ca-times.brightspotcdn.com/dims4/default/af25cc5/2147483647/strip/true/crop/3600x1890+0+269/resize/1200x630!/quality/75/?url=https%3A%2F%2Fcalifornia-times-brightspot.s3.amazonaws.com%2Ffe%2Fa5%2Fa1ba5c9b4fe4ad9c1f040694f9d6%2Fla-photos-handouts-la-ca-21-bridges-movie-209.JPG,"Democratic Elections Lawyer Marc Elias, Democracy Docket; Ben Ginsberg.",United States,Center,Local News Outlet,True,True
171698,2020-11-25,Giuliani Hosts Unhinged Press Conference For Airing Of Grievances In Gettysburg,https://crooksandliars.com/2020/11/rudy-giuliani-hosts-another-unhinged-press,Crooks and Liars,Red Painter,Red Painter,https://crooksandliars.com/files/mediaposters/2020/11/46455.jpg,"But who's counting...

Oh, Marc Elias is counting:

One is the loneliest number🎻 pic.twitter.com/DfpNzSHypL — Democracy Docket (@DemocracyDocket) November 24, 2020

Here is the start of the Airing of Grievances in Gettysburg, PA:

Rudy Giuliani is now speaking at the Wyndham hotel in Gettysburg -- an event Trump planned to attend, but now will not.",United States,Left,Web Publication,True,True
169492,2024-10-25,Americans accused of noncitizen voter fraud face doxxing and intimidation,https://abcnews.go.com/Politics/americans-accused-noncitizen-voter-fraud-face-doxxing-intimidation/story?id=115069427,ABC News ,,,https://i.abcnewsfe.com/a/f443ea8a-8263-4d44-a6a3-17fac770083c/early-voting-gty-jef-241023_1729697814519_hpMain_16x9.jpg?w=1600,"Still, Republican groups are keeping the pressure on state election officials to purge suspected noncitizens from the rolls with at least 24 lawsuits still active before Nov. 5, according to the left-leaning legal group Democracy Docket.",United States,Center,Network TV News,False,True
171715,2020-12-08,Cheers and Jeers: Tuesday,https://www.dailykos.com/story/2020/12/8/2000274/-Cheers-and-Jeers-Tuesday,Daily Kos,,,https://images.dailykos.com/images/779604/story_image/CheersandJeerssharpedgelogo.jpg?1584579185,"As the aforementioned Safe Harbor Day arrives, let's take a quick spin through the halls of justice and conduct a formal inventory of how the courts are ruling on Trump's election-fraud lawsuits thus far, according to Marc Elias at Democracy Docket, lovingly presented in the shape of a squirt bottle of the lame-duck president’s favorite orange face makeup:

No!",United States,Left,Web Publication,True,True
171736,2020-12-17,'Kraken Buster' Marc Elias: 'We Cannot Ignore The Challenges Our Democracy Faces',https://crooksandliars.com/2020/12/marc-elias-we-cannot-ignore-challenges-our,Crooks and Liars,Karoli Kuns,Karoli Kuns,https://crooksandliars.com/files/mediaposters/2020/12/46607.jpg,DNC lawyer and 'Kraken buster' Marc Elias has some strong advice for the country: Fix these democratic institutions before the next authoritarian wannabe comes along.,United States,Left,Web Publication,True,True
171778,2024-09-26,Giuliani Permanently Disbarred in DC Over Effort to Overturn 2020 Election,https://www.commondreams.org/news/rudy-giuliani-disbarred-dc,Common Dreams,"Brett Wilkins, Brett Wilkins Is A Staff Writer For Common Dreams.",Brett Wilkins,https://www.commondreams.org/media-library/image.jpg?id=34301561&width=1200&height=600&coordinates=0%2C315%2C0%2C316,"""Tough day for New York City mayors,"" quipped Democracy Docket founder Marc Elias.",United States,Left,Web Publication,True,True
171777,2024-09-27,MAGA Election Deniers Continue Their Voter-Roll Purging Spree,https://www.wonkette.com/p/maga-election-deniers-continue-their,Wonkette,Marcie Jones,Marcie Jones,https://images.unsplash.com/photo-1656831773633-02fdbfcb79d9?crop=entropy&cs=tinysrgb&fit=max&fm=jpg&ixid=M3wzMDAzMzh8MHwxfHNlYXJjaHw5NHx8dm90ZXxlbnwwfHx8fDE3Mjc0NDgyMzZ8MA&ixlib=rb-4.0.3&q=80&w=1080,"Share

[Democracy Docket / New York Times gift link/ Atlanta Journal Constitution archive link]

One-time donation button?",United States,Left,Web Publication,False,True
171814,2021-10-22,Oops! New Texas Redistricting Map Leaves Out Non-White Voters,https://crooksandliars.com/2021/10/oops-new-texas-redistricting-map-leaves,Crooks and Liars,Susie Madrak,Susie Madrak,https://crooksandliars.com/files/embeds/2021/10/47649.jpg,"Marc Elias of Democracy Docket will enter the fray, and he has a record of winning almost every suit like this:",United States,Left,Web Publication,True,True
171804,2021-10-15,Friday News Dump: Will Steve Bannon Go To Jail? And Other News,https://crooksandliars.com/2021/10/friday-news-dump-will-steve-bannon-go-jail,Crooks and Liars,Susie Madrak,Susie Madrak,https://crooksandliars.com/files/mediaposters/2021/10/48727.jpg,"https://t.co/2g0gjKooGB — Democracy Docket (@DemocracyDocket) October 15, 2021

This week, @MaxBoot came out as a single-issue voter – his issue being the fate of democracy.",United States,Left,Web Publication,False,True
171916,2021-04-21,"This week on The Brief: Marc Elias, the GOP's minority rule, Chauvin trial verdict",https://www.dailykos.com/story/2021/4/21/2026829/-This-week-on-The-Brief-Marc-Elias-the-GOP-s-minority-rule-Chauvin-trial-verdict,Daily Kos,Daily Kos Staff,Daily Kos Staff,https://images.dailykos.com/images/332228/story_image/Screen_Shot_2016-11-26_at_10.03.39_AM.png?1480183448,"Elias, founder of Democracy Docket and prominent lawyer at Perkins Coie who has served as legal counsel for a number of high-profile Democratic candidates and elected officials (including Hillary Clinton and Kamala Harris), shared his perspective on the fight against voter suppression and what’s at stake for all of America, not just the states in which these battles are happening.",United States,Left,Web Publication,True,True
171915,2021-04-21,"Weird Life Hacks We'd Be Better Off Without! Tabs, Wed., April 21, 2021",https://www.wonkette.com/weird-life-hacks-wed-be-better-off-without-tabs-wed-april-21-2021,Wonkette,Rebecca Schoenkopf,Rebecca Schoenkopf,"https://substackcdn.com/image/fetch/$s_!0GGv!,w_1200,h_675,c_fill,f_jpg,q_auto:good,fl_progressive:steep,g_auto/https%3A%2F%2Fsubstack-post-media.s3.amazonaws.com%2Fpublic%2Fimages%2F8d6292c3-4ded-445a-bbc9-dcfbe8e0c7fd_270x180.gif","(Democracy Docket)Meanwhile, the Montana lege is making a new template for how red states can eviscerate their independent judiciaries!",United States,Left,Web Publication,False,True
171994,2024-08-28,"Wake Up Babe, Superseding Indictment Just Dropped. Tabs, Wed., Aug. 28, 2024",https://www.wonkette.com/p/wake-up-babe-superseding-indictment,Wonkette,Rebecca Schoenkopf,Rebecca Schoenkopf,"https://substackcdn.com/image/fetch/$s_!b9eN!,w_1200,h_675,c_fill,f_jpg,q_auto:good,fl_progressive:steep,g_auto/https%3A%2F%2Fsubstack-post-media.s3.amazonaws.com%2Fpublic%2Fimages%2F64c978f5-7275-41e0-a181-ed16e0ffdfed_400x225.gif","(Democracy Docket)

Our pal at The Fucking News has more thoughts on that, and it’s more fun to read than Democracy Docket:

The list allegedly includes:

6,000+ people with felony convictions

6,500+ non-citizens

19,000+ people who canceled their registration

65,000+ people who failed to respond to a notice of examination

134,000+ people who changed address

457,000+ people who used to be people but are now dead

463,000+ people who might still be entitled to vote.",United States,Left,Web Publication,False,True
172118,2024-08-12,The MAGA plot to steal 2024 election is on a 'different level than 2020': experts,https://www.alternet.org/2668948493/,Alternet,Alex Henderson,Alex Henderson,https://www.alternet.org/media-library/image.jpg?id=53153565&width=1200&height=600&coordinates=0%2C0%2C0%2C213,"Now, four years later, a variety of Trump critics — from Maher to Democratic elections lawyer Marc Elias — are warning that Trump will do the same thing again if he loses the 2024 election.",United States,Left,Web Publication,True,True
172156,2022-01-13,"Stuff Nightmares Are Made Of: 40 Beds With Menacing Auras! Tabs, Thurs., Jan. 13, 2022",https://www.wonkette.com/stuff-nightmares-are-made-of-40-beds-with-menacing-auras-tabs-thurs-jan-13-2022,Wonkette,Rebecca Schoenkopf,Rebecca Schoenkopf,"https://substackcdn.com/image/fetch/$s_!srXn!,w_1200,h_675,c_fill,f_jpg,q_auto:good,fl_progressive:steep,g_auto/https%3A%2F%2Fsubstack-post-media.s3.amazonaws.com%2Fpublic%2Fimages%2F5b90029a-eefc-4cad-9718-3a2707cf99ec_230x153.gif","Here's what you need to know — Democracy Docket (@Democracy Docket) 1642023735

Voting rights updates, Democracy Docket.",United States,Left,Web Publication,False,True
172155,2022-01-13,Here's Chuck Schumer's Tricksy Plan To Jump Start Debate On Voting Rights,https://www.wonkette.com/here-s-chuck-schumer-s-tricksy-plan-to-jump-start-debate-on-voting-rights,Wonkette,Doktor Zoom,Doktor Zoom,"https://substackcdn.com/image/fetch/$s_!NP48!,w_1200,h_675,c_fill,f_jpg,q_auto:good,fl_progressive:steep,g_auto/https%3A%2F%2Fsubstack-post-media.s3.amazonaws.com%2Fpublic%2Fimages%2Fb48176d2-0de5-46ec-8a25-3850eda203a1_600x403.jpeg","And how could they let that poor little big-eyed bunny rabbit get strangled by Mitch McConnell?

[ Politico / Democracy Docket on Twitter / NYT / Brennan Center for Justice / Photo: Edward Kimmel, Photo: Edward Kimmel, Creative Commons License 2.0 ]



Yr Wonkette is funded entirely by reader donations.",United States,Left,Web Publication,False,True
172151,2024-08-01,'Now is the time to resign': Lawyer sends warning to GOP election officials with plans to refuse results,https://www.alternet.org/gop-election-officials/,Alternet,Maya Boddie,Maya Boddie,https://www.alternet.org/media-library/image.png?id=53076387&width=1200&height=600&coordinates=0%2C22%2C0%2C186,"Earlier this week, Democratic election lawyer Marc Elias predicted in an interview with Rolling Stone that pro-Donald Trump election officials across the country — in seven battleground states — are expected to refuse their duty of certifying results in November.",United States,Left,Web Publication,True,True
169355,2020-07-14,"Trump won’t ‘go quietly’ if he loses election, Hillary Clinton warns",https://www.syracuse.com/politics/2020/07/trump-wont-go-quietly-if-he-loses-election-hillary-clinton-warns.html,Syracuse.com,"Geoff Herbert, Gherbert Syracuse.Com","Geoff Herbert, Gherbert Syracuse.Com",https://www.syracuse.com/resizer/v2/NFGZRR4QV5CYHB7D7NYAUHEF5Y.jpg?auth=8d4bd66d67b16789930491b88252b8aacac3109353aa4fd3523dd198bb2c82fa&width=1280&smart=true&quality=90,"She said she’s been working with Democracy Docket, an advocacy group that focuses on legal challenges to attempts at voter suppression, such as requiring photo IDs.",United States,Center,Local News Outlet,False,True
172413,2022-11-08,"Pennsylvania GOP, Court Demand Counties Finish Counting Ballots Before They're Allowed To Start",https://www.wonkette.com/pennsylvania-gop-court-demand-counties-finish-counting-ballots-before-they-re-allowed-to-start,Wonkette,Liz Dye,Liz Dye,"https://substackcdn.com/image/fetch/$s_!UyNg!,w_1200,h_675,c_fill,f_jpg,q_auto:good,fl_progressive:steep,g_auto/https%3A%2F%2Fsubstack-post-media.s3.amazonaws.com%2Fpublic%2Fimages%2Fbf2a2ba3-b556-4bd6-8fd5-6885aa19f062_600x402.jpeg","[ Philadelphia Inquirer / Mail Ballot Challenge , Documents via Democracy Docket / Poll Book Challenge , Documents via Democracy Docket]

Follow Liz Dye on Twitter!",United States,Left,Web Publication,False,True
172457,2022-12-07,Listen Live: Supreme Court Hears 'Most Consequential Case' to Democracy – a 'Fringe' Theory Ginni Thomas Promoted,https://www.thenewcivilrightsmovement.com/2022/12/listen-live-supreme-court-hears-most-consequential-case-to-democracy-a-fringe-theory-ginni-thomas-promoted/,The New Civil Rights Movement,"David Badash, Matt Keeley","David Badash, Matt Keeley",https://www.thenewcivilrightsmovement.com/wp-content/uploads/2022/11/ginni-and-clarence-thomas-donald-trump-official-white-house-photo-by-shealah-craighead-4.jpg,"Marc Elias, the attorney for the Democratic Party who won all 64 cases filed by the Trump campaign and its supporters challenging the 2020 presidential election results, has issued a warning about Wednesday’s case, Moore v. Harper.

Elias at his Democracy Docket website calls it “a case out of North Carolina that gives the Court the opportunity to consider the fringe independent state legislature (ISL) theory.”",United States,Center,Web Publication,True,True
172437,2022-11-24,Cheers and Jeers: Family Dysfunction Awareness Day,https://www.dailykos.com/story/2022/11/24/2137920/-Cheers-and-Jeers-Family-Dysfunction-Awareness-Day?pm_campaign=blog&pm_medium=rss&pm_source=,Daily Kos,,,https://images.dailykos.com/images/779599/story_image/CheersandJeerslogo.jpg?1584578032,"The #5 thing on internet lists that actually SHOCK me

-

Ukraine’s humiliation of terrorist nation Russia

-

Ta-Nehisi Coates, Joy Reid, Bishop William Barber, Al Sharpton, Charlie Pierce, Charles Blow, John Nichols, Howard Dean, E.J. Dionne, Eugene Robinson, David K. Johnston, Paul Krugman, Elie Mystal

Marc Elias at Democracy Docket, for winning so many court cases against MAGA lawyers trying to steal elections

The Kagro in the Morning radio show

Naomi Klein, Marcy Wheeler, Rachel Maddow, Chris Hayes, Daniel Dale, David Corn, Lawrence O’Donnell, Nicolle Wallace

Atrios, Digby, Charles M. Blow, Americablog, John Cole, Joe Jervis, Michelangelo Signorile, Dan Savage, Leonard Pitts, Lizz Winstead

Media Matters, The Hispanic Federation, The Southern Poverty Law Center, PFAW, PFLAG, 350.org, RAICES, March for Our Lives, Indivisible, Black Lives Matter, Run For Something, Planned Parenthood, NAACP, IAVA, ACLU, and the many other advocacy organizations that prevent the worst of the MAGA cult’s abuses, often in coordination with each other

- Jimmy and Rosalynn Carter Bill and Hillary Clinton Barack and Michelle Obama Joe and Jill Biden -

My partner, Michael, for growing old with me

All of my bosses (if you’re reading this, you’re one of them) at Daily Kos

The front-pagers and diarists here, for explaining stuff I don't know boo about, especially Kos, and Mark Sumner for their detailed Ukraine updates that have become nationally respected

My morning front-page blogger neighbors: the Abbreviated Pundit Roundup, morning cartoonists, and Elections Morning Digest

The rest of the progressive blogosphere, for having the wisdom to follow all of the orders issued by “Keyboard Kingpin” Markos “Mouse Tits” Moulitsas to...the...letter

Netroots Nation and its organizers, for executing another great convention in Pittsburgh

Those amazingly upbeat Good News Roundups

Dirty Fucking Hippies.",United States,Left,Web Publication,True,True
172474,2022-12-22,Kari Lake's Madcap Election Denial Theatre Of The Absurd!,https://www.wonkette.com/kari-lake-s-madcap-election-denial-theatre-of-the-absurd,Wonkette,Stephen Robinson,Stephen Robinson,"https://substackcdn.com/image/fetch/$s_!K1mW!,w_1200,h_675,c_fill,f_jpg,q_auto:good,fl_progressive:steep,g_auto/https%3A%2F%2Fsubstack-post-media.s3.amazonaws.com%2Fpublic%2Fimages%2Fdf02f8ca-337a-4df0-bcc4-26d805dbfd1f_600x305.png","[ Arizona Daily Star / Democracy Docket Twitter ]



Follow Stephen Robinson on Twitter if it still exists.



Subscribe to the Wonkette YouTube Channel for nifty video content!",United States,Left,Web Publication,False,True
172513,2024-03-08,Biden wants to cap credit card late fees at $8. Guess who’s suing to stop him?,https://www.dailykos.com/stories/2024/3/8/2228244/-Biden-wants-to-cap-credit-card-late-fees-at-8-Guess-who-s-suing-to-stop-him?pm_campaign=blog&pm_medium=rss&pm_source=main,Daily Kos,,,https://images.dailykos.com/images/1279856/story_image/AP24068098241259.jpg?1709906562,Democracy Docket considers it “the most conservative federal appeals court in the country.”,United States,Left,Web Publication,False,True
172538,2023-01-30,BREAKING: Kari Lake Still Not Governor,https://www.wonkette.com/breaking-kari-lake-still-not-governor,Wonkette,Liz Dye,Liz Dye,"https://substackcdn.com/image/fetch/$s_!L9lX!,w_1200,h_675,c_fill,f_jpg,q_auto:good,fl_progressive:steep,g_auto/https%3A%2F%2Fsubstack-post-media.s3.amazonaws.com%2Fpublic%2Fimages%2Fefed27a6-1c70-46b3-93af-71c097da4f5b_600x352.png","Vote Gallego!

[ Heath v. Thompson via Democracy Docket / Lake v. Hobbs , via Democracy Docket]

Smash that donate button to keep your Wonkette ad-free and feisty.",United States,Left,Web Publication,False,True
172557,2023-03-06,Cheers and Jeers: Monday,https://www.dailykos.com/story/2023/3/6/2156069/-Cheers-and-Jeers-Monday?pm_campaign=blog&pm_medium=rss&pm_source=,Daily Kos,,,https://images.dailykos.com/images/1016107/story_image/CheersandJeerssharpedgelogo.jpg?1639234149,"Two developments in a pair of key states happened last week, recapped on Friday by Marc Elias at Democracy Docket:

» Today, Minnesota Gov. Tim Walz (D) signed House File 28, which will restore voting rights to over 50,000 Minnesotans on parole, probation or community release due to a felony conviction once the law goes into effect in July.",United States,Left,Web Publication,True,True
172595,2023-05-23,"Kari Lake: Still Lying, Still Not Governor.",https://www.wonkette.com/kari-lake-still-lying-still-not-governor,Wonkette,Liz Dye,Liz Dye,"https://substackcdn.com/image/fetch/$s_!E4Xn!,w_1200,h_675,c_fill,f_jpg,q_auto:good,fl_progressive:steep,g_auto/https%3A%2F%2Fsubstack-post-media.s3.amazonaws.com%2Fpublic%2Fimages%2Fe5a1dfc5-ca77-435a-b96d-6879938e313c_600x330.png","In summary and in conclusion, BITCH, PLEASE.

[ Lake v. Hobbs , docket via Democracy Docket]

Catch Liz Dye on Opening Arguments podcast.",United States,Left,Web Publication,False,True
172594,2023-05-18,Kari Lake’s Own Witness Destroys Her Election Contest Case,https://crooksandliars.com/2023/05/kari-lake-s-own-witness-destroys-her,Crooks and Liars,Newshound Ellen,Newshound Ellen,https://crooksandliars.com/files/primary_image/23/05/kari_lake_for_051723_cl.png,"— Democracy Docket (@DemocracyDocket) May 17, 2023

Again, Lake is arguing that signature verification did not occur, but her first witness, a Maricopa County signature matcher, has testified under oath that she verified signatures and was audited every day doing so.",United States,Left,Web Publication,False,True
169149,2024-12-04,Trump FBI pick names GOP’s No. 1 enemy because ‘he always finds a way’ to beat us,https://www.nj.com/politics/2024/12/trump-fbi-pick-names-gops-no-1-enemy-because-he-always-finds-a-way-to-beat-us.html,NJ.com,"Matt Arco, Marco Njadvancemedia.Com, Nj Advance Media For Nj.Com","Marco Njadvancemedia.Com, Matt Arco, Nj Advance Media For Nj.Com",https://www.nj.com/resizer/v2/TRDD5I6SQBETJGJ6FVWROSWBZ4.jpg?auth=88640975ebbde0a5ffdd292fe0fde589b221c2de31f09ac82977866aea3433a5&width=1280&smart=true&quality=90,"So if you want someone who’s that talented and that good, there’s only one guy, and I hate to say it’s Marc Elias, and if we could somehow get him on the team — of course, he’s never going to come over — but that would be something,” Patel said.",United States,Center,Web Publication,True,True
172616,2023-06-13,The Voting Rights Act Dodged a Bullet—For Now,https://www.truthdig.com/articles/the-voting-rights-act-dodged-a-bullet-for-now/,TruthDig,"Lee Hedgepeth, Inside Climate News, Dave Granlund, Robert Reich, Peter Kuper, Christopher Weyant, Marjorie Cohn","Christopher Weyant, Dave Granlund, Inside Climate News, Lee Hedgepeth, Marjorie Cohn, Peter Kuper, Robert Reich",https://www.truthdig.com/wp-content/uploads/2023/06/AP23157019557237-scaled.jpg,"Democracy Docket reports that there are 31 active Section 2 cases in 10 different states, primarily in the South.",United States,Left,Web Publication,False,True
169138,2024-12-14,‘Ring Kissed’: Dem Lawyer Tears Into ‘Obedience’ of ABC News Settling Trump Defamation Suit With ‘Knee Bent’,https://www.mediaite.com/trump/ring-kissed-dem-lawyer-tears-into-obedience-of-abc-news-settling-trump-defamation-suit-with-knee-bent/,Mediaite,Kipp Jones,Kipp Jones,https://www.mediaite.com/wp-content/uploads/2024/12/Stephanopoulos-ABC-News.jpg,High-profile Democratic attorney Marc Elias blasted ABC News on Saturday evening after the network settled a defamation lawsuit that was filed by President-elect Donald Trump.,United States,Center Left,Web Publication,True,True
172674,2024-02-20,GOP 'has only two flavors': Lawyer suggests 'bold MAGA' fans are actually 'scared' of Trump,https://www.alternet.org/top-two-flavors-bold-maga/,Alternet,Maya Boddie,Maya Boddie,https://www.alternet.org/media-library/image.jpg?id=51505664&width=1200&height=600&coordinates=0%2C1120%2C0%2C0,"During Monday's episode of MSNBC's Deadline: White House, Democracy Docket founder Marc Elias suggested that seemingly ""bold MAGA"" members are actually scared of former President Donald Trump and his base.",United States,Left,Web Publication,True,True
169084,2022-02-17,BLM hires Clinton aide who paid for Steele dossier to sort shady finances,https://nypost.com/2022/02/17/blm-hires-clinton-aide-marc-elias-who-paid-for-steele-dossier/,New York Post,,,https://nypost.com/wp-content/uploads/sites/2/2022/02/blm-hires-clinton-aide-elias.jpg?quality=75&strip=all&w=1200,"Tory Johnson, a California-based civil rights activist said he broke away from BLMGNF and began his own chapter of Black Lives Matter in Huntington Beach because of questions about BLMGNF’s finances.

4 Elias runs Democracy Docket, “a progressive media platform” that advocates for voting rights and sells branded merchandise on its website.",United States,Right,Local News Outlet,True,True
172758,2023-12-21,Wisconsin GOP Assembly leader backs off threat to impeach Supreme Court judge over redistricting,https://www.dailykos.com/stories/2023/12/21/2213053/-Wisconsin-GOP-Assembly-leader-backs-off-threat-to-impeach-Supreme-Court-judge-over-redistricting?pm_campaign=blog&pm_medium=rss&pm_source=main,Daily Kos,,,https://images.dailykos.com/images/1214100/story_image/AP23213832730227.jpg?1690939915,"Election lawyer Marc Elias’ group, Democracy Docket, wrote on its website:

The petitioners in Clarke v. Wisconsin Elections Commission allege that the Wisconsin state Assembly and Senate maps are extreme partisan gerrymanders that unduly favor Republicans in violation of the state constitution.",United States,Left,Web Publication,True,True
172757,2023-12-21,Wisconsin GOP Assembly leader backs off threat to impeach Supreme Court judge over redistricting,https://www.dailykos.com/stories/2023/12/21/2213053/-Wisconsin-GOP-Assembly-leader-backs-off-threat-to-impeach-Supreme-Court-judge-over-redistricting?pm_campaign=blogpm_medium=rsspm_source=,Daily Kos,,,https://images.dailykos.com/images/1214100/story_image/AP23213832730227.jpg?1690939915,"Election lawyer Marc Elias’ group, Democracy Docket, wrote on its website:

The petitioners in Clarke v. Wisconsin Elections Commission allege that the Wisconsin state Assembly and Senate maps are extreme partisan gerrymanders that unduly favor Republicans in violation of the state constitution.",United States,Left,Web Publication,True,True
169057,2025-01-03,The combative lawyer who will oversee the DOJ's civil rights division,https://theweek.com/politics/harmeet-dhillon-trump-law-civil-rights,The Week,"David Faris, Social Links Navigation","David Faris, Social Links Navigation",https://cdn.mos.cms.futurecdn.net/amPFm5BytMPvKC6P5BVchV-2000-80.jpg,"Dhillon is ""one of the leading legal figures working to roll back voting rights across the country"" through her involvement in cases ""challenging voting rights laws, redistricting, election processes or Trump's efforts to appear on the ballot in the 2024 election,"" said Democracy Docket .",United States,Center,Web Publication,False,True
168946,2025-03-25,"Trump Signs Executive Order To Overhaul Federal Elections, Voter Registration",https://www.huffpost.com/entry/trump-elections-executive-order_n_67e31694e4b0d01fd4f9a15b,Huffpost,Reporter,Reporter,https://img.huffingtonpost.com/asset/67e326421700002400e1aecb.jpeg?cache=zV7QD26605&ops=1200_630,"Democracy Docket pointed out in a statement that an agency Trump directed to help carry out the changes, the Election Assistance Commission, was “created by Congress to operate without direct control from the White House,” in a possible preview of its arguments.",United States,Center Left,Web Publication,True,True
168911,2025-03-27,President Trump's push for election overhaul faces Nevada backlash,https://lasvegassun.com/news/2025/mar/27/trumps-push-for-election-overhaul-faces-nevada-bac/,Las Vegas Sun,,,https://media.lasvegassun.com/media/img/photos/2024/06/11/0611_sun_Cisco_Aguilar07_t1200.JPG?a58a258a4dac404905303588401680fdf3ee23e4,"Democratic elections attorney Marc Elias — who has been singled out by Trump for “abuse” of the legal system — wrote on his platform, Democracy Docket, that his team would sue to block the executive order on elections and “any other attempts to undermine free and fair elections.”",United States,Center,Local News Outlet,True,True
168839,2025-04-16,What happens if a president and the federal government fail to follow a judge's orders?,https://www.nbcmiami.com/news/national-international/what-happens-if-a-president-and-the-federal-government-fail-to-follow-a-judges-orders/3592930/,NBC 6 South Florida,"Lawrence Hurley, Ken Dilanian, Nbc News","Ken Dilanian, Lawrence Hurley",https://media.nbcmiami.com/2025/04/AP25104732273908.jpg?quality=85&strip=all&crop=0px%2C0px%2C4898px%2C2755px&resize=1200%2C675,"David Noll, a professor at Rutgers Law School, noted in a recent Democracy Docket article that federal rules appear to allow judges, if needed, to bypass the marshals and hire other parties to enforce their contempt rulings.",United States,Center,Local Broadcast News,False,True
168834,2025-04-16,"What happens if the president, federal government fail to follow judge's orders?",https://www.nbcnewyork.com/news/national-international/what-happens-if-a-president-and-the-federal-government-fail-to-follow-a-judges-orders/6227011/,NBC New York,"Lawrence Hurley, Ken Dilanian, Nbc News","Ken Dilanian, Lawrence Hurley",https://media.nbcnewyork.com/2025/04/AP25104732273908.jpg?quality=85&strip=all&crop=0px%2C0px%2C4898px%2C2755px&resize=1200%2C675,"David Noll, a professor at Rutgers Law School, noted in a recent Democracy Docket article that federal rules appear to allow judges, if needed, to bypass the marshals and hire other parties to enforce their contempt rulings.",United States,Center,Local Broadcast News,False,True
168712,2025-06-26,Nicolle Wallace Says This Is Officially 'The F U Week Of Trump's Second Presidency',https://www.huffpost.com/entry/nicole-wallace-says-this-is-officially-the-f-u-week-of-trumps-second-presidency_n_685d3c9be4b0c601d5a1f90d,Huffpost,Trends Reporter,Trends Reporter,https://img.huffingtonpost.com/asset/685d66c41900007c3b2484ff.jpeg?cache=DbBPjUBYGo&ops=1200_630,"Your thoughts, Marc Elias?”

The voting rights attorney and Democracy Docket founder couldn’t agree more.",United States,Center Left,Web Publication,True,True
174052,2024-10-10,"How Marc Elias is 'interfering' with the 2024 election results already * WorldNetDaily * by Paul Sperry, Real Clear Wire",https://www.wnd.com/2024/10/how-marc-elias-is-interfering-with-the-2024-election-results-already/?utm_source=rss&utm_medium=rss&utm_campaign=how-marc-elias-is-interfering-with-the-2024-election-results-already,World Net Daily,,,https://www.wnd.com/wp-content/uploads/2024/06/voting-vote-election-Unsplash-1200x630.jpg,"If Donald Trump gets past Kamala Harris on Nov. 5, he’ll likely face a fiercer opponent in court – her campaign attorney, Marc Elias, who has vowed to fight the election outcome in every close state she loses.",United States,Right,Web Publication,True,True
174476,2021-03-29,Situational Ethics: Allegations Facing Anti-Trump Figures Dampen Demands For Disbarments,https://jonathanturley.org/2021/03/29/situational-ethics-allegations-facing-anti-trump-figures-dampen-demands-for-disbarments/,Jonathan Turley,,,https://jonathanturley.org/wp-content/uploads/2020/03/gPIJ6GYrQwCfSAinBrIESw-300x225.jpg,"MARC ELIAS

One of the loudest voices calling for disbarments has been former Clinton lawyer (and Perkins Coie partner) Marc Elias who called for disbarments for “saying and doing so many things to undermine our democracy.”",United States,Center Right,Independent Journalism,True,True
167948,2025-09-16,She Pushed To Overturn Trump’s Loss In The 2020 Election. Now She’ll Help Oversee U.S. Election Security.,https://www.techdirt.com/2025/09/16/she-pushed-to-overturn-trumps-loss-in-the-2020-election-now-shell-help-oversee-u-s-election-security/,Tech Dirt,Doug Bock Clark,Doug Bock Clark,https://www.techdirt.com/wp-content/themes/techdirt/assets/images/td-rect-logo-white.png,"Her name is listed on the organization’s leadership structure online, and her appointment was first reported by the website Democracy Docket.",United States,Center Left,Web Publication,False,True
167982,2025-08-26,Researcher who has distorted voter data appointed to Homeland Security election integrity role,https://www.pilotonline.com/2025/08/26/homeland-security-election-appointment/,The Pilot-Tribune,Associated Press,,https://www.pilotonline.com/wp-content/uploads/2025/08/Homeland_Security_Election_Appointment_32619.jpg?w=1024&h=683,"The political appointment, first reported by Democracy Docket, shows how self-styled election investigators who have thrown themselves into election conspiracy theories since 2020 are now being celebrated by a presidential administration that indulges their false claims.",United States,Center,Local News Outlet,False,True
167980,2025-08-26,Researcher who has distorted voter data appointed to Homeland Security election integrity role,https://www.capitalgazette.com/2025/08/26/homeland-security-election-appointment/,Capital Gazette,Associated Press,,https://www.capitalgazette.com/wp-content/uploads/2025/08/Homeland_Security_Election_Appointment_32619.jpg?w=1024&h=683,"The political appointment, first reported by Democracy Docket, shows how self-styled election investigators who have thrown themselves into election conspiracy theories since 2020 are now being celebrated by a presidential administration that indulges their false claims.",United States,Center,Local News Outlet,False,True
167979,2025-08-26,Researcher who has distorted voter data appointed to Homeland Security election integrity role,https://www.baltimoresun.com/2025/08/26/homeland-security-election-appointment/,Baltimore Sun,Associated Press,,https://www.baltimoresun.com/wp-content/uploads/2025/08/Homeland_Security_Election_Appointment_32619.jpg?w=1024&h=683,"The political appointment, first reported by Democracy Docket, shows how self-styled election investigators who have thrown themselves into election conspiracy theories since 2020 are now being celebrated by a presidential administration that indulges their false claims.",United States,Center,Local News Outlet,False,True
167978,2025-08-26,Researcher who has distorted voter data appointed to Homeland Security election integrity role,https://www.ksat.com/news/politics/2025/08/26/researcher-who-has-distorted-voted-data-appointed-to-homeland-security-election-integrity-role/,KSAT,"Ali Swenson, Associated Press",Ali Swenson,"https://res.cloudinary.com/graham-media-group/image/upload/f_auto/q_auto/c_thumb,w_700/v1/media/gmg/FBGAEA2V35BOTN7ZUHKWAIDYVE.jpg?_a=DATAg1fkZAA0","Recommended Videos

The political appointment, first reported by Democracy Docket, shows how self-styled election investigators who have thrown themselves into election conspiracy theories since 2020 are now being celebrated by a presidential administration that indulges their false claims.",United States,Unspecified,Local Broadcast News,False,True
167971,2025-08-26,Researcher who has distorted voter data appointed to Homeland Security election integrity role,https://www.sun-sentinel.com/2025/08/26/homeland-security-election-appointment/,Orlando Sun Sentinel,Associated Press,,https://www.sun-sentinel.com/wp-content/uploads/2025/08/Homeland_Security_Election_Appointment_32619.jpg?w=1024&h=683,"The political appointment, first reported by Democracy Docket, shows how self-styled election investigators who have thrown themselves into election conspiracy theories since 2020 are now being celebrated by a presidential administration that indulges their false claims.",United States,Center,Local News Outlet,False,True
167966,2025-08-26,Researcher who has distorted voter data appointed to Homeland Security election integrity role,https://www.twincities.com/2025/08/26/homeland-security-election-appointment/,Twin Cities Pioneer Press,Associated Press,,https://www.twincities.com/wp-content/uploads/2025/08/Homeland_Security_Election_Appointment_32619.jpg?w=1024&h=683,"The political appointment, first reported by Democracy Docket, shows how self-styled election investigators who have thrown themselves into election conspiracy theories since 2020 are now being celebrated by a presidential administration that indulges their false claims.",United States,Center,Local News Outlet,False,True
167965,2025-08-26,Researcher who has distorted voter data appointed to Homeland Security election integrity role,https://www.orlandosentinel.com/2025/08/26/homeland-security-election-appointment/,Orlando Sentinel,Associated Press,,https://www.orlandosentinel.com/wp-content/uploads/2025/08/Homeland_Security_Election_Appointment_32619.jpg?w=1024&h=683,"The political appointment, first reported by Democracy Docket, shows how self-styled election investigators who have thrown themselves into election conspiracy theories since 2020 are now being celebrated by a presidential administration that indulges their false claims.",United States,Center,Local News Outlet,False,True
167962,2025-08-26,Pa. activist who distorted voter data named to Homeland Security election role,https://www.pennlive.com/elections/2025/08/pa-activist-who-distorted-voter-data-named-to-homeland-security-election-role.html,PennLive,The Associated Press,,https://www.pennlive.com/resizer/v2/RPSIMIDHH5H4PKIKFBOFUNL3DE.jpg?auth=e7b9cbade83c3409572db578199310f2a553f5cf40696240d88028ecc1354424&width=1280&smart=true&quality=90,"The political appointment, first reported by Democracy Docket, shows how self-styled election investigators who have thrown themselves into election conspiracy theories since 2020 are now being celebrated by a presidential administration that indulges their false claims.",United States,Center,Local News Outlet,False,True
167954,2025-08-26,Researcher who has distorted voter data appointed to Homeland Security election integrity role,https://www.newsday.com/news/nation/heather-honey-trump-election-integrity-homeland-security-p03333,Newsday,The Associated Press,,https://cdn.newsday.com/ace/c:N2Y2N2Y2Y2UtNjhhZS00:ZjVjNDk4ZjktNDUwOC00/landscape/1280,"The political appointment, first reported by Democracy Docket, shows how self-styled election investigators who have thrown themselves into election conspiracy theories since 2020 are now being celebrated by a presidential administration that indulges their false claims.",United States,Center,Local News Outlet,False,True
167951,2025-08-27,Researcher who has distorted voter data appointed to Homeland Security election integrity role,https://www.nbcnews.com/politics/trump-administration/researcher-voter-data-2020-trump-election-integrity-rcna227494,NBC News,The Associated Press,,"https://media-cldnry.s-nbcnews.com/image/upload/t_nbcnews-fp-1200-630,f_auto,q_auto:best/rockcms/2025-08/250827-heather-honey-ew-1008a-424201.jpg","The political appointment, first reported by Democracy Docket, shows how self-styled election investigators who have thrown themselves into election conspiracy theories since 2020 are now being celebrated by a presidential administration that indulges their false claims.",United States,Center,Network TV News,False,True
167892,2025-12-06,Trump DOJ Wants To Re-Indicting Letitia James After Two Failed Attempts,https://www.inquisitr.com/trump-doj-wants-to-re-indicting-letitia-james-after-two-failed-attempts,Inquisitr,News Writer,News Writer,https://www.inquisitr.com/wp-content/uploads/2025/12/Letitia-James.jpg,"Democracy Docket reported that “the DOJ may again try to bring charges sometime in the future,” per MS NOW, with Reuters also writing “prosecutors intend to seek a new indictment.”",United States,Center,Web Publication,False,True
175191,2022-12-27,Dems' dark money scheme funding 'research' on 'disinformation',https://www.wnd.com/2022/12/dems-dark-money-scheme-funding-research-disinformation/,World Net Daily,Around The Web,Around The Web,https://www.wnd.com/wp-content/uploads/2022/08/signs-evening-news-good-bad-media-reporters-fake-lies-lying-deception-jk-1200x630.jpg,"The Hopewell Fund sponsored both the Voter Participation Center and the Center for Voter Information, the NYT reported, which spent almost $150 million together preceding the 2020 election in “get-out-the-vote” efforts targeting demographics that lean Democratic; the fund also bankrolled a Democrat-aligned legal group, Democracy Docket Legal Fund, led by Democratic Party election lawyer Marc Elias.",United States,Right,Web Publication,True,True
178451,2026-02-19,"Republican National Committee Sues To Block Virginia Referendum, Calls Democrat Redistricting Move 'Blatant Abuse Of Power' Ahead Of April Vote",https://www.benzinga.com/news/politics/26/02/50710667/republican-national-committee-sues-to-block-virginia-referendum-calls-democrat-redistricting-move-blatant-abuse-of-power-ahead-of-april-vote,Benzinga,Snigdha Gairola,Snigdha Gairola,https://cdn.benzinga.com/files/images/story/2026/02/19/Democrats-Lead-On-Top-Problems.jpeg?width=1200&height=800&fit=crop,"Virginia Redistricting Fight Could Flip House Seats

The RNC, National Republican Congressional Committee (NRCC), and two GOP congressmen filed a lawsuit to block a Virginia constitutional amendment that would allow the legislature to redraw congressional districts mid-decade, reported Democracy Docket.",United States,Center,Web Publication,False,True
175244,2024-04-19,Hillary Clinton suggests 'what Trump really wants' is to 'kill his opposition',https://www.wnd.com/2024/04/hillary-clinton-suggests-trump-really-wants-kill-opposition/?utm_source=rss&utm_medium=rss&utm_campaign=hillary-clinton-suggests-trump-really-wants-kill-opposition,World Net Daily,Around The Web,Around The Web,https://www.wnd.com/wp-content/uploads/2024/06/Hillary-Clinton-video-screenshot-2-1200x630.jpg,"Clinton, on the “Democracy Docket” podcast, accused Trump of modeling himself after Russian President Vladmir Putin and other global dictators, suggesting her former opponent wants to commit heinous acts against those who oppose him.",United States,Right,Web Publication,True,True
71239,2025-04-15,Advocacy Groups Demand Probe into ‘Threatening’ Texts to Young Wisconsin Voters,https://www.democracydocket.com/news-alerts/advocacy-groups-demand-probe-into-threatening-texts-to-young-wisconsin-voters/,Democracy Docket,".Wp-Block-Co-Authors-Plus-Coauthors.Is-Layout-Flow, Class, Wp-Block-Co-Authors-Plus, Display Inline, .Wp-Block-Co-Authors-Plus-Avatar, Where Img, Height Auto Max-Width, Vertical-Align Bottom .Wp-Block-Co-Authors-Plus-Coauthors.Is-Layout-Flow .Wp-Block-Co-Authors-Plus-Avatar, Vertical-Align Middle .Wp-Block-Co-Authors-Plus-Avatar Is .Alignleft .Alignright, Display Table .Wp-Block-Co-Authors-Plus-Avatar.Aligncenter Display Table Margin-Inline Auto",,https://www.democracydocket.com/wp-content/uploads/2024/10/9870BCA6-9AFB-4195-AE1F-13302038C8C7-1.jpeg,"“Wisconsin voters need to know that these threatening text messages are illegal.”

Democracy Docket reached out to Kaul and the DOJ for comment.",United States,Center Left,Web Publication,False,True
71284,2025-04-15,Meet The Candidates Running Against Election Deniers In Their Communities,https://www.democracydocket.com/analysis/meet-the-candidates-running-against-election-deniers-in-their-communities/,Democracy Docket,".Wp-Block-Co-Authors-Plus-Coauthors.Is-Layout-Flow, Class, Wp-Block-Co-Authors-Plus, Display Inline, .Wp-Block-Co-Authors-Plus-Avatar, Where Img, Height Auto Max-Width, Vertical-Align Bottom .Wp-Block-Co-Authors-Plus-Coauthors.Is-Layout-Flow .Wp-Block-Co-Authors-Plus-Avatar, Vertical-Align Middle .Wp-Block-Co-Authors-Plus-Avatar Is .Alignleft .Alignright, Display Table .Wp-Block-Co-Authors-Plus-Avatar.Aligncenter Display Table Margin-Inline Auto",,https://www.democracydocket.com/wp-content/uploads/2024/09/Anti-Election-Denier-Candidates-WEB.png,"no turning it off,” she said in a recent interview with Democracy Docket.",United States,Center Left,Web Publication,False,True
71464,2025-04-15,Georgia Election Board Passes Rule That Could Delay Election Certification,https://www.democracydocket.com/news-alerts/georgia-elections-board-passes-rule-that-could-delay-election-certification/,Democracy Docket,".Wp-Block-Co-Authors-Plus-Coauthors.Is-Layout-Flow, Class, Wp-Block-Co-Authors-Plus, Display Inline, .Wp-Block-Co-Authors-Plus-Avatar, Where Img, Height Auto Max-Width, Vertical-Align Bottom .Wp-Block-Co-Authors-Plus-Coauthors.Is-Layout-Flow .Wp-Block-Co-Authors-Plus-Avatar, Vertical-Align Middle .Wp-Block-Co-Authors-Plus-Avatar Is .Alignleft .Alignright, Display Table .Wp-Block-Co-Authors-Plus-Avatar.Aligncenter Display Table Margin-Inline Auto",,https://www.democracydocket.com/wp-content/uploads/2024/08/Georgia-State-Capitol-in-Atlanta-AdobeStock_237551917-scaled.jpeg,Democracy Docket is the only news outlet tracking and reporting on all of these cases — sign up for our free daily and weekly newsletters to get the latest updates sent straight to your inbox.,United States,Center Left,Web Publication,False,True
71245,2025-04-15,Why One Parent Has Become a “Supreme Court Voter”,https://www.democracydocket.com/opinion/why-one-parent-has-become-a-supreme-court-voter/,Democracy Docket,".Wp-Block-Co-Authors-Plus-Coauthors.Is-Layout-Flow, Class, Wp-Block-Co-Authors-Plus, Display Inline, .Wp-Block-Co-Authors-Plus-Avatar, Where Img, Height Auto Max-Width, Vertical-Align Bottom .Wp-Block-Co-Authors-Plus-Coauthors.Is-Layout-Flow .Wp-Block-Co-Authors-Plus-Avatar, Vertical-Align Middle .Wp-Block-Co-Authors-Plus-Avatar Is .Alignleft .Alignright, Display Table .Wp-Block-Co-Authors-Plus-Avatar.Aligncenter Display Table Margin-Inline Auto",,https://www.democracydocket.com/wp-content/uploads/2024/10/SCOTUS-Voters-WEB.png,Democracy Docket is the only news outlet tracking and reporting on all of these cases — sign up for our free daily and weekly newsletters to get the latest updates sent straight to your inbox.,United States,Center Left,Web Publication,False,True
71426,2025-04-15,Tim Walz is Kamala Harris’ VP Pick — Here’s His Record on Voting Rights,https://www.democracydocket.com/news-alerts/tim-walz-is-kamala-harris-vp-pick-heres-his-record-on-voting-rights/,Democracy Docket,".Wp-Block-Co-Authors-Plus-Coauthors.Is-Layout-Flow, Class, Wp-Block-Co-Authors-Plus, Display Inline, .Wp-Block-Co-Authors-Plus-Avatar, Where Img, Height Auto Max-Width, Vertical-Align Bottom .Wp-Block-Co-Authors-Plus-Coauthors.Is-Layout-Flow .Wp-Block-Co-Authors-Plus-Avatar, Vertical-Align Middle .Wp-Block-Co-Authors-Plus-Avatar Is .Alignleft .Alignright, Display Table .Wp-Block-Co-Authors-Plus-Avatar.Aligncenter Display Table Margin-Inline Auto",,https://www.democracydocket.com/wp-content/uploads/2024/08/AP23058752522651-1-1024x683.jpg,"Walz said he and Harris strive to create “a place where we settle our political differences, not through violence, but with our votes.”

sign up Democracy Docket is the only news outlet tracking and reporting on all of the voting and election cases — sign up for our free daily and weekly newsletters to get the latest updates sent straight to your inbox.",United States,Center Left,Web Publication,False,True
71458,2025-04-15,Georgia Election Deniers Deliver for Trump,https://www.democracydocket.com/opinion/georgia-election-deniers-deliver-for-trump/?utm_source=Democracy+Docket+Newsletters&utm_campaign=ceec999bfc-20240806_dailydocket_CC_COPY_01&utm_medium=email&utm_term=0_-79f5309977-%5BLIST_EMAIL_ID%5D&mc_cid=ceec999bfc,Democracy Docket,".Wp-Block-Co-Authors-Plus-Coauthors.Is-Layout-Flow, Class, Wp-Block-Co-Authors-Plus, Display Inline, .Wp-Block-Co-Authors-Plus-Avatar, Where Img, Height Auto Max-Width, Vertical-Align Bottom .Wp-Block-Co-Authors-Plus-Coauthors.Is-Layout-Flow .Wp-Block-Co-Authors-Plus-Avatar, Vertical-Align Middle .Wp-Block-Co-Authors-Plus-Avatar Is .Alignleft .Alignright, Display Table .Wp-Block-Co-Authors-Plus-Avatar.Aligncenter Display Table Margin-Inline Auto",,https://www.democracydocket.com/wp-content/uploads/2024/08/GA-Trump-Puppets-WEB.png,Democracy Docket is the only news outlet tracking and reporting on all of these cases — sign up for our free daily and weekly newsletters to get the latest updates sent straight to your inbox.,United States,Center Left,Web Publication,False,True
71479,2025-04-15,How the Supreme Court Bolstered Project 2025,https://www.democracydocket.com/opinion/how-the-supreme-court-bolstered-project-2025/,Democracy Docket,".Wp-Block-Co-Authors-Plus-Coauthors.Is-Layout-Flow, Class, Wp-Block-Co-Authors-Plus, Display Inline, .Wp-Block-Co-Authors-Plus-Avatar, Where Img, Height Auto Max-Width, Vertical-Align Bottom .Wp-Block-Co-Authors-Plus-Coauthors.Is-Layout-Flow .Wp-Block-Co-Authors-Plus-Avatar, Vertical-Align Middle .Wp-Block-Co-Authors-Plus-Avatar Is .Alignleft .Alignright, Display Table .Wp-Block-Co-Authors-Plus-Avatar.Aligncenter Display Table Margin-Inline Auto",,https://www.democracydocket.com/wp-content/uploads/2024/07/Project-2025-x-SCOTUS-WEB.png,Democracy Docket is the only news outlet tracking and reporting on all of these cases — sign up for our free daily and weekly newsletters to get the latest updates sent straight to your inbox.,United States,Center Left,Web Publication,False,True
175505,2023-12-31,"Maine Secretary of State visited White House twice, called Electoral College ‘relic of white supremacy’",https://www.bizpacreview.com/2023/12/31/maine-secretary-of-state-visited-white-house-twice-called-electoral-college-relic-of-white-supremacy-1423847/,BizPac Review,"Vivek Saxena, Steve Hecht, Michael Matteo, Michael Busler, Michael Letts, Ben Shapiro, Larry Elder, Stephen Moore, Dave Scott","Ben Shapiro, Dave Scott, Larry Elder, Michael Busler, Michael Letts, Michael Matteo, Stephen Moore, Steve Hecht, Vivek Saxena",https://www.bizpacreview.com/wp-content/uploads/2023/12/SG-Shenna-Bellows-1200x630-1.jpg,"Case in point: In June of 2021, she penned an op-ed for Democracy Docket, a left-wing site, calling the Electoral College a “relic of white supremacy.”",United States,Right,Web Publication,False,True
172778,2026-02-03,"DNI Tulsi Gabbard Responds to ""Blatantly False and Slanderous"" Congressional and Media Accusations Regarding Integrity of Elections",https://www.thegatewaypundit.com/2026/02/dni-tulsi-gabbard-responds-blatantly-false-slanderous-congressional/,Gateway Pundit,Brian Lupo,Brian Lupo,https://www.thegatewaypundit.com/wp-content/uploads/2026/02/tulsi-fulton-county-1200x630.jpg,"According to The Democracy Docket, David Becker, the founder of the Center for Election Innovation and Research (CEIR), told reporters last week:

“The Office of the Director of National Intelligence has no domestic responsibilities.",United States,Right,Web Publication,False,True
172797,2025-12-09,UPDATE: New Indiana Congressional Map Advances Critical Step,https://100percentfedup.com/new-indiana-congressional-map-advances-critical-step/?utm_source=rss&utm_medium=rss&utm_campaign=new-indiana-congressional-map-advances-critical-step,100 Percent Fed Up,,,https://100percentfedup.com/wp-content/uploads/2025/10/update-breaking-news-1-1.jpg,"🚨Just in: The Indiana Senate Elections Committee has officially passes the new congressional map for 2026 in a 6-3 vote This will now go before the full Senate for a vote The map would move from 7R-2D to 9R-0D pic.twitter.com/3ZNxFmHneP — The Calvin Coolidge Project (@TheCalvinCooli1) December 9, 2025

Democracy Docket has more:

Senate President Pro Tem Rodric Bray (R) has repeatedly said the upper chamber does not have enough Republicans supporting the measure for the map to pass, but Monday’s committee action marked the clearest sign yet that GOP leaders may still attempt to force a floor showdown later this week.",United States,Right,Web Publication,False,True
173796,2020-07-14,"Hillary doubles down: Trump's election victory was 'illegitimate', you know",https://hotair.com/archives/karen-townsend/2020/07/14/hillary-doubles-trumps-election-victory-illegitimate-know/,Hot Air,Karen Townsend,Karen Townsend,https://media.townhall.com/cdn/hodl/ha/images/up/2017/11/BillHillary.jpg,She said she works with Democracy Docket to support lawsuits ‘to make the vote available’.,United States,Right,Web Publication,False,True
174374,2021-07-01,"Supreme Crazies: Celebs, Journos Outraged By SCOTUS Decision to Protect Election Integrity",https://www.newsbusters.org/blogs/culture/abigail-streetman/2021/07/01/supreme-crazies-celebs-journos-outraged-scotus-decision,mrcNewsbusters,"Abigail Streetman, Contributing Writer","Abigail Streetman, Contributing Writer",https://cdn.newsbusters.org/2021-07/scotus_0.PNG,"— Joy-Ann (Pro-Democracy) Reid 😷 (@JoyAnnReid) July 1, 2021

Election law attorney and founder of Democracy Docket, Marc E. Elias was obviously upset by the decision.",United States,Center,Web Publication,False,True
175235,2024-04-21,HOW IRONIC: Hillary Clinton Claims Trump Wants To “Kill His Opposition”,https://100percentfedup.com/how-ironic-hillary-clinton-claims-trump-wants-kill/?utm_source=rss&utm_medium=rss&utm_campaign=how-ironic-hillary-clinton-claims-trump-wants-kill,100 Percent Fed Up,,,https://100percentfedup.com/wp-content/uploads/2024/04/hillary-clinton-huh-1200x630-1.jpg,"Fox News added:

Clinton made those comments on the “Democracy Docket” podcast with host Marc Elias, a Democratic election lawyer who previously served as general counsel on her 2016 presidential campaign.",United States,Right,Web Publication,True,True
175298,2023-01-08,Marc Elias Files Lawsuit Challenging New Voter ID Law in Ohio,https://redstate.com/brutalbrittany/2023/01/08/marc-elias-files-lawsuit-challenging-new-voter-id-law-in-ohio-n685616,Red State,"Brittany Sheehan, Bob Hoge, Teri Christoph, Rusty Weiss, Tommy Sears","Bob Hoge, Brittany Sheehan, Rusty Weiss, Teri Christoph, Tommy Sears",https://media.townhall.com/townhall/reu/ha/2009/36/784653be-b6b8-430f-8b32-4b043559bcc2@news.ap.org.jpg,"https://t.co/SFUWqKchcb — Democracy Docket (@DemocracyDocket) January 6, 2023

As expected, @marceelias has filed a lawsuit against Ohio’s voting law bill signed into law Friday.",United States,Right,Web Publication,True,True
175397,2023-06-05,NV GOP Files Lawsuit Against Nevada Over Presidential Primary System,https://redstate.com/brutalbrittany/2023/06/05/nv-gop-files-lawsuit-against-nevada-over-presidential-primary-system-n756622,Red State,"Brittany Sheehan, Teri Christoph, Bob Hoge, Rusty Weiss, Tommy Sears","Bob Hoge, Brittany Sheehan, Rusty Weiss, Teri Christoph, Tommy Sears",https://media.townhall.com/townhall/reu/ha/2018/174/e49e6ab1-9b73-4687-aa26-9eb5a26c0178.jpg,Democracy Docket founder Marc Elias has taken to social media to criticize Chattah as a “conspiracy theorist.”,United States,Right,Web Publication,True,True
175513,2023-12-15,President Trump Scores Legal Victory In Michigan,https://100percentfedup.com/president-trump-scores-legal-victory-in-michigan/?utm_source=rss&utm_medium=rss&utm_campaign=president-trump-scores-legal-victory-in-michigan,100 Percent Fed Up,,,https://100percentfedup.com/wp-content/uploads/2023/05/donald-trump-1200x630.jpg,"https://t.co/CeK05s1ph0 pic.twitter.com/oydLNPL1KR — Democracy Docket (@DemocracyDocket) December 15, 2023

Per The Epoch Times:",United States,Right,Web Publication,False,True
175573,2025-12-30,"Kennedy Center Prez Fumes as More Artists Cancel, DHS Claims St. Elizabeths Buildings Constitute an “Emergency,” and Capitol Hemp Closes",https://washingtonian.com/2025/12/30/kennedy-center-more-cancellations-dhs-st-elizabeths/?utm_source=rss&utm_medium=rss&utm_campaign=kennedy-center-more-cancellations-dhs-st-elizabeths,Washingtonian,Andrew Beaujon,Andrew Beaujon,https://washingtonian.com/wp-content/uploads/2025/09/WashingtonianToday_Fall-02.png,(Democracy Docket),United States,Center,Local News Outlet,False,True
175836,2025-06-09,Russ Vought Will Keep the DOGS going Without Elon,https://dianeravitch.net/2025/06/09/russ-vought-will-keep-the-dogs-going-without-elon/,Diane Ravitch,,,https://dianeravitch.net/wp-content/uploads/2017/12/diane.jpg?w=200,"Democracy Docket reports on Vought:

Though Elon Musk is leaving the White House, DOGE isn’t going anywhere.",United States,Center Left,Independent Journalism,False,True
175848,2025-05-13,Marc Elias’s Democracy Docket: Sign up,https://dianeravitch.net/2025/05/13/marc-eliass-democracy-docket-sign-up/,Diane Ravitch,,,https://dianeravitch.net/wp-content/uploads/2017/12/diane.jpg?w=200,"It’s called Democracy Docket, and it is led by lawyer Marc Elias.",United States,Center Left,Independent Journalism,True,True
175975,2024-12-11,Trump Picks MAGA Lawyer to Lead Civil Rights Division of Justice Department,https://dianeravitch.net/2024/12/11/trump-picks-maga-lawyer-to-lead-civil-rights-division-of-justice-department/,Diane Ravitch,,,https://dianeravitch.net/wp-content/uploads/2017/12/diane.jpg?w=200,"Democracy Docket reported:

On Dec. 28, 2023, the day after the Colorado Republican Party asked the U.S. Supreme Court to weigh in on the Colorado Supreme Court’s decision to disqualify former President Donald Trump from appearing on the state’s primary ballot, Harmeet Dhillon tweeted: “Democrats are conspiring to commit the biggest election interference fraud in world history, right before our eyes, as government officials avert their eyes to the mockery of the constitution and our laws.",United States,Center Left,Independent Journalism,False,True
176103,2024-11-05,PolitiFact's guide to reliable Election Night news,https://www.politifact.com/article/2024/nov/05/politifacts-guide-to-reliable-news-and-information/,Politifact,"Louis Jacobson, November","Louis Jacobson, November",https://static.politifact.com/CACHE/images/politifact/photos/IMG_1484/5db5d588d075bddd21881435d3861d18.jpg,"Nate Persily, Stanford University law professor (@persily)

Jessica Huseman, Votebeat (@JessicaHuseman)

Chris Stirewalt, NewsNation and American Enterprise Institute (@ChrisStirewalt)

Marc Elias, Democracy Docket (@marceelias)

Amy Sherman, PolitiFact (@AmySherman1).",United States,Center,Web Publication,True,True
176346,2024-10-01,"As GOP files (and loses) election lawsuits in Nevada, Dems say it’s a plan to sow distrust",https://thenevadaindependent.com/article/as-gop-files-and-loses-election-lawsuits-in-nevada-dems-say-its-a-plan-to-sow-distrust,Nevada Independent,,,https://storage.googleapis.com/cdn.thenevadaindependent.com/2023/12/8a16ae7f-trump-.jpeg,"An analysis from Democracy Docket, a publication founded by well-known Democratic attorney Marc Elias, found the GOP has filed 51 lawsuits nationwide this cycle, compared to nine by Democrats.",United States,Unspecified,Local News Outlet,True,True
175540,2026-02-10,Why the Tulsi Gabbard Election Raid Is Scarier Than Initially Thought,https://slate.com/news-and-politics/2026/02/tulsi-gabbard-election-raid-georgia-2026-scary.html?via=rss,Slate,"Dahlia Lithwick, Mark Joseph Stern","Dahlia Lithwick, Mark Joseph Stern",https://compote.slate.com/images/5cc57f33-77ca-4e5d-9e1b-8887724f58f7.jpeg?crop=1218%2C813%2Cx342%2Cy93&width=1560,"On this week’s Amicus podcast, Dahlia Lithwick talked with election law gladiator Marc Elias, chair of Elias Law Group and founder of Democracy Docket.",United States,Left,Web Publication,True,True
175543,2026-02-04,Republicans Are Getting Behind Trump’s Absurd Plan to Nationalize Elections,https://www.esquire.com/news-politics/politics/a70248523/mike-johnson-trump-republicans-nationalize-elections/,Esquire,,,"https://hips.hearstapps.com/hmg-prod/images/speaker-of-the-house-mike-johnson-arrives-at-the-u-s-news-photo-1770236972.pjpeg?crop=1xw:0.7503xh;center,top&resize=1200:*","From Democracy Docket:

“What you’re hearing from the president is his frustration about the lack of some of the blue states, frankly, of enforcing these things and making sure that they are free and fair elections.",United States,Center Left,Web Publication,False,True
175877,2025-04-05,Want to know what DOGE has on you? Government insider reveals how,https://www.masslive.com/news/2025/04/want-to-know-what-doge-has-on-you-government-insider-reveals-how.html,MassLive,"Dave Eisenstadter, Deisen Masslive.Com","Dave Eisenstadter, Deisen Masslive.Com",https://www.masslive.com/resizer/v2/LYQ7IJMASJFIBJRFIIT2WIJLEY.jpg?auth=55bc06189e71a903377c17d82687a2fd79690afbb2781cb90283b679772e3647&width=1280&smart=true&quality=90,"Congressman Jamie Raskin, D-Maryland, in an interview with Democracy Docket posted to Instagram, explained exactly how.",United States,Center,Local News Outlet,False,True
175957,2022-04-01,"Dem calls out Kyrsten Sinema for ""directly enabling"" GOP voter purge",https://www.salon.com/2022/04/01/democrat-calls-out-kyrsten-sinema-for-directly-enabling-new-purge-law-in-arizona_partner/,Salon,Jake Johnson,Jake Johnson,https://www.salon.com/app/uploads/2021/10/kyrsten-sinema-1028211.jpg,"Democracy Docket explained that prior to the passage of H.B. 2492, Arizona voters who registered using state forms were required to provide proof of citizenship, but voters who registered using federal forms under the National Voter Registration Act did not, and were allowed to vote in federal elections held in the state.",United States,Left,Web Publication,False,True
175974,2024-12-13,NC GOP offers preview of Trump threat to democracy,https://www.salon.com/2024/12/13/whats-happening-in-north-carolina-is-sinister-nc-offers-preview-of-to-democracy/,Salon,Charles R. Davis,Charles R. Davis,https://www.salon.com/app/uploads/2024/08/mark_robinson_2166169035.jpg,"“Prior to 2020, you never saw these types of claims,” Democratic election attorney Marc Elias, founder of Democracy Docket, commented this week.",United States,Left,Web Publication,True,True
176358,2024-09-09,Experts warn against Trump's latest prosecution threats,https://www.salon.com/2024/09/09/accused-of-voter-suppression-at-the-highest-order-over-late-night-truth-social-meltdown/,Salon,Marin Scotten,Marin Scotten,https://www.salon.com/app/uploads/2024/09/donald_trump_2170736434.jpg,"#SundayShow pic.twitter.com/iEvmIq1qri — The Saturday/Sunday Show with Jonathan Capehart (@weekendcapehart) September 8, 2024

We need your help to stay independent Subscribe today to support Salon's progressive journalism

Marc Elias, a Democratic election lawyer and the founder of Democracy Docket, criticized the Republican Party for enabling Trump’s authoritarian rhetoric.",United States,Left,Web Publication,True,True
176535,2020-12-17,"Four Georgia counties sued over runoff early voting, as Republicans hold slim leads",https://www.newsweek.com/georgia-runoffs-counties-sued-polls-republicans-lead-1555454,Newsweek,"Jacob Jarvis, Senior Reporter","Jacob Jarvis, Senior Reporter",https://assets.newsweek.com/wp-content/uploads/2025/08/1687701-warnock-abrams-ossoff-listen-biden.jpg?w=1200crop=1,"""Currently, the named counties are not offering early voting on December 19th, December 31st, or on any of the days in January, despite statutory requirements compelling them to do so,"" a statement from Democracy Docket read.",United States,Center Right,National News Outlet,False,True
176740,2022-12-21,Kari Lake election trial marred with embarrassing mishaps,https://www.newsweek.com/kari-lake-election-trial-marred-embarrassing-mishaps-1768900,Newsweek,Matthew Impelli,Matthew Impelli,https://assets.newsweek.com/wp-content/uploads/2025/08/2168916-kari-lake-election-trial.jpg?w=1200crop=1,"Lake's attorney, Bryan Blehm, is confident it was disclosed, but can't find the document proving so because this 'last week has been like four months,'"" the Democracy Docket wrote in a series of tweets regarding the trial.",United States,Center Right,National News Outlet,False,True
176758,2023-01-12,It's not just Trump: A sobering new report chronicles the extensive GOP war on democracy,https://www.salon.com/2023/01/12/its-not-just-trump-a-sobering-new-report-chronicles-the-extensive-on-democracy/,Salon,Amanda Marcotte,Amanda Marcotte,https://www.salon.com/app/uploads/2022/12/donald_trump_vs_us_constitution_175601018_487401374_185096087.jpg,"A new report from Democracy Docket chronicling the election litigation in 2022 shows the trend moving forward, with Republicans continuing to file large numbers of lawsuits geared toward making it harder for Americans to vote or for those votes to be counted.",United States,Left,Web Publication,True,True
176820,2023-09-13,The Real Cost of Republicans’ Anti-Democracy Platform,https://slate.com/news-and-politics/2023/09/republican-party-anti-democracy-cost.html?via=rss,Slate,"Dahlia Lithwick, Richard L. Hasen","Dahlia Lithwick, Richard L. Hasen",https://compote.slate.com/images/f637c9d7-9319-4eaa-ba8d-82f2b76ab837.jpeg?crop=5645%2C3763%2Cx0%2Cy0&width=1560,"He has done that in his capacity as the founding partner of Elias Law Group, a law firm committed to supporting voting rights, and as the founder of Democracy Docket, a progressive advocacy platform.",United States,Left,Web Publication,True,True
176859,2023-11-17,Trump-appointed judge deals blow to Republicans,https://www.newsweek.com/trump-appointed-judge-deals-blow-republicans-1844869,Newsweek,"Nick Mordowanec, Staff Writer",Nick Mordowanec,https://assets.newsweek.com/wp-content/uploads/2025/08/2311208-doug-burgum-north-dakota-redistricting.jpg?w=1200crop=1,"The complaint alleged that the Republican-led Legislature packed Native American voters from the two tribal groups into one legislative district and spread them out among nearby districts, according to Democracy Docket.",United States,Center Right,National News Outlet,False,True
177305,2022-04-12,Alternative congressional maps for Florida must be filed in federal court Monday,https://floridapolitics.com/archives/516154-alternative-congressional-maps-for-florida-must-be-filed-in-federal-court-monday/,Florida Politics,Jacob Ogles,Jacob Ogles,https://floridapolitics.com/wp-content/uploads/2021/10/FLORDIA-REDISTRICTING-3.png,"Besides submissions from plaintiffs, the courts expect a submission from the Democracy Docket, a group headed by national redistricting attorney Marc Elias.",United States,Center,Local News Outlet,True,True
177769,2022-05-12,Judge issues formal order to replace Gov. DeSantis’ map with different North Florida lines,https://floridapolitics.com/archives/524479-judge-issues-formal-order-to-replace-gov-desantis-map-with-different-north-florida-lines/,Florida Politics,Jacob Ogles,Jacob Ogles,https://floridapolitics.com/wp-content/uploads/2021/10/FLORDIA-REDISTRICTING-5.png,"“We are thrilled that the Court sided with our clients today by finding the DeSantis Plan unconstitutional and in violation of the Fair Districts Amendment,” said Elias Law Group attorney Christina Ford.",United States,Center,Local News Outlet,True,True
171053,2026-01-06,The next attack on free and fair elections won't look like Jan. 6,https://www.ms.now/opinion/january-6-attack-elections-project-47-newsletter,MS Now,"Rtb Beckwith, Ryan Teague Beckwith, Ja Han Jones, Var Rkvauthordata, Authorname, Facebook, X, Linkedin, Instagram, Youtube","Authorname, Facebook, Instagram, Ja Han Jones, Linkedin, Rtb Beckwith, Ryan Teague Beckwith, Var Rkvauthordata, Youtube","https://res.cloudinary.com/msnow/images/f_auto,q_auto/v1767639396/260105-january-6-capitol-riot-es_11354918433d_1135491e3c82/260105-january-6-capitol-riot-es_11354918433d_1135491e3c82.jpg?_i=AA&w=1200&h=630&crop=1","— Marc Elias, founder of Democracy Docket and partner at Elias Law Group

High turnover among election officials

“My main concern for the 2026 midterms is that nationalized policy changes, declining public investment, and high turnover among election officials make election outcomes vulnerable to distrust.",United States,Center Left,Network TV News,True,True
177540,2024-10-20,Republicans and Democrats are both preparing for long legal battles over the 2024 election results,https://www.clickorlando.com/news/politics/2024/10/20/republicans-and-democrats-are-both-preparing-for-long-legal-battles-over-the-2024-election-results/,Click on Orlando,"Alanna Durkin Richer, Colleen Long And Lindsay Whitehurst, Associated Press","Alanna Durkin Richer, Colleen Long And Lindsay Whitehurst","https://res.cloudinary.com/graham-media-group/image/upload/f_auto/q_auto/c_thumb,w_700/v1/media/gmg/BREFNFWOE5D5DIBWUCPGDCTHUY.jpg?_a=DATAg1fkZAA0","With a little over two weeks before Election Day, about 180 voting and election cases have been filed so far this year, according to Democratic lawyer Marc Elias, who founded the election litigation tracking group Democracy Docket.",United States,Center,Local Broadcast News,True,True
177539,2020-11-01,"Republicans Are Trying To Cancel More Than 100,000 Votes in a Deep Blue Part of Texas",https://reason.com/2020/11/01/republicans-are-trying-to-cancel-more-than-100000-votes-in-a-deep-blue-part-of-texas/,Reason,"Eric Boehm, C. Jarrett Dieterle, Jack Nicastro, Reem Ibrahim, Jacob Sullum","C. Jarrett Dieterle, Eric Boehm, Jack Nicastro, Jacob Sullum, Reem Ibrahim",https://d2eehagpk5cl65.cloudfront.net/img/q60/uploads/2020/11/iosphotos226756-scaled.jpg,"Democracy Docket, a voting rights legal defence organization that has intervened in the Texas lawsuit, argues that even if the federal court thinks the county erred by establishing these drive-through voting stations, it would require another leap to rule those votes ineligible to be counted.",United States,Right,Opinion Journal,False,True
177918,2023-06-12,Voting rights advocates in the South emboldened by Supreme Court win,https://krdo.com/politics/cnn-us-politics/2023/06/12/voting-rights-advocates-in-the-south-emboldened-by-supreme-court-win/,KDRO,Cnn Newssource,,https://krdo.b-cdn.net/2025/01/Untitled-design-2024-02-27T104337.412.webp,"According to the Democracy Docket, a liberal-leaning voting rights media platform that tracks election litigation, there are 31 active federal cases involving Voting Rights Act redistricting claims similar to those in the Alabama case.",United States,Unspecified,Local Broadcast News,False,True
177960,2026-02-05,2 South Florida voters file lawsuit challenging DeSantis' power to redraw state congressional districts,https://www.cbsnews.com/miami/news/south-florida-voters-sue-governor-desantis-secretary-cory-byrd-over-redistricting-efforts/,CBS News,,,https://assets3.cbsnewsstatic.com/hub/i/r/2025/12/16/0190cd60-31cc-47bb-94af-aa161fda7f1e/thumbnail/1200x630/731ef7e10c32a7e4faee6f2eec1228d4/ap25344786565894.jpg,"The petitioners are represented by Orlando attorney Frederick Wermuth and Christina Ford of the Washington, D.C.-based Elias Law Group LLP.

Democracy Docket states that the petition request is important because Florida could be the fourth GOP-led state to undergo mid-decade redistricting to assist President Donald Trump's effort to maintain Republican control of the U.S. House.",United States,Center,Network TV News,True,True
178129,2026-01-20,Wild moment jailed Trump ally Tina Peters 'grabs & shoves' fellow inmate,https://www.the-sun.com/news/15808942/tina-peters-trump-ally-prison-fight/,The Sun,,,https://www.the-sun.com/wp-content/uploads/sites/6/2026/01/newspress-collage-apyxk9lew-1768911199829.jpg?quality=90&strip=all&1768893215&w=1920&h=1080&crop=1,"“Her actions have been used to spread countless conspiracies and incite countless threats against election officials here in Colorado and across the country,” she told Democracy Docket.",United States,Center,Web Publication,False,True
174454,2021-03-24,Democrats' top legal gun aiming to 'guarantee' party's permanent majority,https://www.wnd.com/2021/03/democrats-top-legal-gun-aiming-guarantee-partys-permanent-majority/,World Net Daily,Around The Web,Around The Web,https://www.wnd.com/wp-content/uploads/2021/03/joe-biden-happy-smiling-nasa.jpg,"His political action group, the Democracy Docket, is floating a new strategy to guarantee Democratic majorities in the House and Senate: unseating any Republican they say won unfairly, especially through “voter suppression” or gerrymandering.",United States,Right,Web Publication,True,True
178133,2025-10-26,US state uses 150-year-old law to make more than 300k residents eligible to vote,https://www.the-sun.com/news/15400301/us-district-court-to-strike-down-virginia-felony-law/,The Sun,,,https://www.the-sun.com/wp-content/uploads/sites/6/2025/10/close-up-vote-directional-sign-1034109986.jpg?quality=90&strip=all&w=1920&h=1080&crop=1,"“This is a huge victory for our clients and for democracy in Virginia,” Vishal Agraharkal, an attorney with the ACLU of Virginia, told Democracy Docket.",United States,Center,Web Publication,False,True
178102,2023-01-13,"GOP, Right-Wingers Filed Nearly 100 Anti-Voter Lawsuits in 2022: Report",https://www.schwartzreport.net/2023/01/13/gop-right-wingers-filed-nearly-100-anti-voter-lawsuits-in-2022-report/,Schwartxreport.net,"Stephan Schwartz, Rev. Dean","Rev. Dean, Stephan Schwartz",https://www.schwartzreport.net/wp-content/uploads/2023/01/Screenshot-2023-01-12-at-9.13.28-PM.png,"According to a report published Monday by Democracy Docket, a progressive platform that tracks voting litigation, 175 “democracy-related lawsuits” were filed in 31 states last year.",United States,Center,Web Publication,False,True
178097,2024-04-21,Fox News Hosts Are Furious at Hillary Clinton for Claiming Donald Trump is 'Modeling Himself' After Vladimir Putin and Kim Jong-un,https://radaronline.com/p/fox-news-hosts-hillary-clinton-donald-trump-modeling-vladimir-putin/,RadarOnline,"Joshua Wilburn, Aaron Johnson, Radar Staff, Aaron Tinney","Aaron Johnson, Aaron Tinney, Joshua Wilburn, Radar Staff",https://media.radaronline.com/brand-img/BLKwK0SiW/1200x628/fox-news-hosts-hillary-clinton-donald-trump-modeling-vladimir-putin-1713717574776.jpg,"During a recent appearance on the Democracy Docket podcast with Marc Elias, Clinton said, ""Trump was like, you know, just gaga over [Vladimir] Putin because Putin does what he would like to do — kill his opposition, imprison his opposition, drive, you know, journalists and others into exile, rule without any check or balance — that’s what trump really wants.",United States,Center,Web Publication,True,True
178076,2024-05-18,Apologists For Israel’s Mass Murder In Gaza Fall Back On “Antisemitism” Claims,https://www.nhgazette.com/2024/05/18/apologists-for-israels-mass-murder-in-gaza-fall-back-on-antisemitism-claims/,New Hampshire Gazette,,,https://www.nhgazette.com/wp-content/uploads/2024/05/Puppy_Pub.jpg,"As a contributor to Democracy Docket, Brooks writes about issues relating to our state and federal courts as well as reforms to our judicial systems.",United States,Center,Local News Outlet,False,True
178044,2024-10-20,Republicans and Democrats prepare for long legal battles over 2024 election results,https://www.centralmaine.com/2024/10/20/republicans-and-democrats-prepare-for-long-legal-battles-over-2024-election-results/,Kennebec Journal,"Alanna Durkin Richer, Colleen Long, Lindsay Whitehurst, Associated Press","Alanna Durkin Richer, Colleen Long, Lindsay Whitehurst",https://w2pcms.com/wp-content/uploads/sites/10/2024/10/Election_2024_Trump_23187.jpg?w=780,"With a little over two weeks before Election Day, about 180 voting and election cases have been filed so far this year, according to Democratic lawyer Marc Elias, who founded the election litigation tracking group Democracy Docket.",United States,Center,Local News Outlet,True,True
178828,2026-02-23,State officials sound 'red-alarm fire' over 'sad and tragic' Trump scheme,https://www.alternet.org/trump-2026-midterms-2675293521/,Alternet,Sarah K. Burris,Sarah K. Burris,https://www.alternet.org/media-library/image.jpg?id=64961392&width=1200&height=600&coordinates=0%2C167%2C0%2C167,"It's only one of Trump's many concerning comments about the election, Democracy Docket wrote.",United States,Left,Web Publication,False,True
177851,2022-11-07,Avalanche of early lawsuits could pave way for disputes over Tuesday's election results,https://krdo.com/news/2022/11/07/avalanche-of-early-lawsuits-could-pave-way-for-disputes-over-tuesdays-election-results/,KDRO,Cnn Newssource,,https://krdo.b-cdn.net/2025/01/Untitled-design-2024-02-27T104337.412.webp,"In all, 120 cases surrounding voting had been filed as of November 3 — more than half of which have sought to restrict access to the ballot– according to the Democracy Docket, a liberal-leaning voting rights and media platform that tracks election litigation.",United States,Unspecified,Local Broadcast News,False,True
171073,2025-11-26,Missouri AG launches probe of group opposing mid-decade gerrymander,https://www.ms.now/opinion/missouri-catherine-hanaway-probe-gerrymander-redistricting,MS Now,"Ja'Han Jones, Ja Han Jones, Var Rkvauthordata, Authorname, Facebook, X, Linkedin, Instagram, Youtube, Pinterest","Authorname, Facebook, Instagram, Ja Han Jones, Ja'Han Jones, Linkedin, Pinterest, Var Rkvauthordata, Youtube",https://www.ms.now/wp-content/uploads/2025/11/251126-catherine-hanaway-zz.jpg?w=1200&h=630&crop=1,"And Missouri Republicans have launched a multipronged effort to derail the referendum on the new map, as Democracy Docket reported.",United States,Center Left,Network TV News,False,True
177650,2021-07-07,Hillary Clinton: 'We are witnessing a concerted attempt to destabilize the democratic process',https://krdo.com/politics/cnn-us-politics/2021/07/07/hillary-clinton-we-are-witnessing-a-concerted-attempt-to-destabilize-the-democratic-process/,KDRO,Cnn Newssource,,https://krdo.b-cdn.net/2021/07/hypatia-h_c3dde9219a831c95b107c17197cd3623-h_bc00e5c6317c1b0427b16e3be3e1fef3-300-scaled.jpg,"We need to fundamentally change the way we think about and fight back against this blatant, sweeping effort,” Clinton wrote in the op-ed, which published on Democracy Docket, the progressive platform founded by former Clinton campaign counsel Marc Elias.",United States,Unspecified,Local Broadcast News,True,True
177589,2024-09-20,Attempts to purge voter rolls increase as election nears,https://krdo.com/news/2024/09/20/attempts-to-purge-voter-rolls-increase-as-election-nears/,KDRO,Cnn Newssource,,https://krdo.b-cdn.net/2025/01/Untitled-design-2024-02-27T104337.412.webp,"As of Tuesday, at least three dozen cases related to voter rolls and their maintenance are pending in 19 states, according to the liberal-leaning Democracy Docket, which tracks election litigation.",United States,Unspecified,Local Broadcast News,False,True
174643,2024-07-09,"Pigpen Project Works To Expose, Clean Nevada's Dirty Voter Rolls",https://thefederalist.com/2024/07/09/pigpen-project-puts-boots-on-the-ground-to-expose-nevadas-dirty-voter-rolls/?utm_source=rss&utm_medium=rss&utm_campaign=pigpen-project-puts-boots-on-the-ground-to-expose-nevadas-dirty-voter-rolls,The Federalist,"M.D. Kittle, Matt Kittle Is A Senior Elections Correspondent For The Federalist. An Award-Winning Investigative Reporter, Veteran Of Print, Broadcast, Online Journalism, Kittle Previously Served As The Executive Director Of Empower Wisconsin.","Broadcast, M.D. Kittle, Online Journalism, Veteran Of Print",https://thefederalist.com/wp-content/uploads/2024/07/Screenshot-2024-07-08-at-11.53.04-AM.png,"“It is a voter’s responsibility to update their registration by notifying our office, and without their consent there are extensive steps defined by statute that must be taken before we can make any changes that would affect their ability to vote,” Washoe County spokeswoman Bethany Drysdale wrote in an email statement, according to Democracy Docket.",United States,Right,Web Publication,True,True
174640,2024-07-10,PA Has Never Worked So Hard To Keep From Fixing Its Elections,https://thefederalist.com/2024/07/10/pennsylvania-election-officials-have-never-worked-so-hard-to-hide-the-work-theyre-not-doing/?utm_source=rss&utm_medium=rss&utm_campaign=pennsylvania-election-officials-have-never-worked-so-hard-to-hide-the-work-theyre-not-doing,The Federalist,"Linda A. Kerns, A Philadelphia Attorney, Served As The Republican National Committee S Election Integrity Counsel In Pennsylvania. You Can Reach Her At","A Philadelphia Attorney, Linda A. Kerns",https://thefederalist.com/wp-content/uploads/2024/07/Image-7-9-24-at-11.15 AM-scaled.jpg,"And this doesn’t even include cases only litigated in state trial courts or filed in federal court, most of which are listed on the left-leaning website, Democracy Docket.",United States,Right,Web Publication,False,True
174473,2021-03-29,Woke Corporations Blackmail Georgia For Passing Mild Election Security Reforms,https://thefederalist.com/2021/03/29/woke-corporations-try-to-blackmail-georgia-for-passing-mild-election-security-reforms/,The Federalist,"Jordan Boyd, Jordan Boyd Is An Award-Winning Staff Writer At The Federalist, Producer Of, The Federalist Radio Hour., Her Work Has Also Been Featured In The Daily Wire, Fox News, Realclearpolitics. Jordan Graduated Baylor University Where She Majored In Political Science, Minored In Journalism. Follow Her On X","Fox News, Jordan Boyd, Minored In Journalism. Follow Her On X, Producer Of, The Federalist Radio Hour.",https://thefederalist.com/wp-content/uploads/2021/03/pexels-nate-hovee-5063779.jpg,Insurance company Aflac and Delta Air Lines also released statements in support of “easy and accessible” exercise of “voting as a fundamental right” after pressure from groups such as Democracy Docket.,United States,Right,Web Publication,False,True
174272,2024-09-05,Michigan Secretary Of State Repeats Threats To Election Officials,https://thefederalist.com/2024/09/05/michigan-secretary-of-state-threatens-election-officials-again-calls-russia-hoaxer-champion-for-democracy/?utm_source=rss&utm_medium=rss&utm_campaign=michigan-secretary-of-state-threatens-election-officials-again-calls-russia-hoaxer-champion-for-democracy,The Federalist,"Logan Washburn, Logan Washburn Is A Former Staff Writer Covering Election Integrity. He Is A Spring Fellow Of The College Fix. He Graduated Hillsdale College, Served As Christopher Rufo'S Editorial Assistant, Has Bylines In The Wall Street Journal, The Tennessean, The Daily Caller. Logan Is Central Oregon But Now Lives In Rural Michigan.","Has Bylines In The Wall Street Journal, Logan Washburn, The Tennessean",https://thefederalist.com/wp-content/uploads/2024/09/Screenshot-2024-09-05-at-10.43.12 AM-1024x552.png,Michigan Secretary of State Jocelyn Benson doubled down on threats of legal action against election officials who hesitate to certify election results as reported during an interview with Democrat lawyer and Trump-Russia collusion hoaxer Marc Elias.,United States,Right,Web Publication,True,True
177486,2024-10-22,Could felons decide the election?,https://www.washingtonexaminer.com/news/justice/3197719/could-felons-decide-the-election/,Washington Examiner,Ashley Oliver,Ashley Oliver,"https://www.washingtonexaminer.com/wp-content/uploads/2024/10/Rust-Belt-Voting-scaled.webp?resize=1200,683","In Virginia, voting rights groups, including the left-leaning Democracy Docket, were up in arms when Gov. Glenn Youngkin (R-VA) repealed a law in 2022 that was put in place by his Democratic predecessor that automatically restored felons’ rights to vote when they left jail.",United States,Center Right,National News Outlet,False,True
171524,2024-11-06,Record Voter Turnout But Fewer Voters? Election Math Seems Off,https://crooksandliars.com/2024/11/record-voter-turnout-fewer-voters-election,Crooks and Liars,,,https://crooksandliars.com/files/primary_image/24/11/2020-2024_election_800_x_500_px.jpg,Democracy Docket reported tens of thousands of Erie County Pennsylvania voters never received their mail in ballots.,United States,Left,Web Publication,False,True
172890,2025-07-22,Judge Tosses Marc Elias' Suit Against WY Proof Of Citizenship Law,https://thefederalist.com/2025/07/22/judge-tosses-russia-hoaxer-marc-elias-suit-against-wyomings-proof-of-citizenship-law/?utm_source=rss&utm_medium=rss&utm_campaign=judge-tosses-russia-hoaxer-marc-elias-suit-against-wyomings-proof-of-citizenship-law,The Federalist,"Shawn Fleetwood, Shawn Fleetwood Is A Staff Writer For The Federalist, A Graduate Of The University Of Mary Washington. He Is A Co-Recipient Of The Dao Prize For Excellence In Investigative Journalism. His Work Has Been Featured In Numerous Outlets, Including Realclearpolitics, Realclearhealth. Follow Him On Twitter","Including Realclearpolitics, Realclearhealth. Follow Him On Twitter, Shawn Fleetwood",https://thefederalist.com/wp-content/uploads/2025/07/Marc-Elias.png,"Image Credit Democracy Docket/YouTube

Russia collusion hoaxer Marc Elias was dealt a major defeat on Tuesday when a federal judge tossed his group’s lawsuit challenging Wyoming’s proof of citizenship voting law.",United States,Right,Web Publication,True,True
177335,2024-11-20,Billionaire Musk foe bankrolls Trump resistance,https://www.washingtonexaminer.com/news/investigations/3235838/billionaire-musk-foe-bankrolls-second-trump-resistance/,Washington Examiner,Gabe Kaminsky,Gabe Kaminsky,"https://www.washingtonexaminer.com/wp-content/uploads/2024/11/Pierre-Omidyar_B1_2014.webp?resize=1200,683","The group said Governors Action Alliance has a bipartisan advisory board.

Democracy Fund, meanwhile, is also helping to support other groups behind the new Trump resistance following his victory in the 2024 election against Vice President Kamala Harris.

Omidyar’s group routed $750,000 in April to a project called Free Election Fund, which is associated with Marc Elias, the Democratic superlawyer who pushed the discredited Steele Dossier aiming to link Trump to Russia falsely in 2016.",United States,Center Right,National News Outlet,True,True
172837,2025-08-22,"Fulton County Blocks GOP Election Officials, Defying Court Orders",https://thefederalist.com/2025/08/22/fulton-county-defies-court-orders-requiring-confirmation-of-gop-election-board-nominees/?utm_source=rss&utm_medium=rss&utm_campaign=fulton-county-defies-court-orders-requiring-confirmation-of-gop-election-board-nominees,The Federalist,"Mark Davis, Mark Davis Is President Of Data Productions, Inc., Has Been Working With Voter Data Since, Is A Member Of The Georgia Republican Party S Election Confidence Task Force. He Has Served As An Analyst, Expert Witness In Court Cases Involving Disputed Elections Seven Times Over The Last Years, Has Been Invited To Offer Testimony Before Subcommittees Of The Georgia General Assembly Three Times Since Follow Him, Markdavisgop On X.","Has Been Working With Voter Data Since, Inc., Mark Davis, Markdavisgop On X.",https://thefederalist.com/wp-content/uploads/2025/08/Screenshot-2025-08-21-at-2.25.28-PM.png,She told the activists at Democracy Docket she was willing to “risk contempt charges and fines or jail.”,United States,Right,Web Publication,False,True
173173,2025-05-13,Marc Elias Sues WY To Make It Easier For Noncitizens To Vote,https://thefederalist.com/2025/05/13/russia-hoaxer-marc-elias-sues-wyoming-to-make-it-easier-for-noncitizens-to-vote/?utm_source=rss&utm_medium=rss&utm_campaign=russia-hoaxer-marc-elias-sues-wyoming-to-make-it-easier-for-noncitizens-to-vote,The Federalist,"Brianna Lyman, Brianna Lyman Is An Elections Correspondent At The Federalist. Brianna Graduated Fordham University With A Degree In International Political Economy. Her Work Has Been Featured On Newsmax, Fox News, Fox Business, Realclearpolitics. Follow Brianna On X","Brianna Lyman, Fox Business, Fox News, Realclearpolitics. Follow Brianna On X",https://thefederalist.com/wp-content/uploads/2025/05/marc-elias-scaled-e1747105850489.jpg,"Image Credit Democracy Docket/ Youtube

Russia collusion hoaxer Marc Elias filed a lawsuit Friday challenging a new Wyoming law that makes it harder for noncitizens to register to vote.",United States,Right,Web Publication,True,True
177272,2025-01-05,DOJ civil rights division poised to fight ‘woke agenda’ under Trump administration,https://www.washingtonexaminer.com/news/justice/3270981/doj-civil-rights-division-fight-woke-agenda-trump/,Washington Examiner,Ashley Oliver,Ashley Oliver,"https://www.washingtonexaminer.com/wp-content/uploads/2024/12/AP23027758375900.webp?resize=1200,683","Democracy Docket, run by Democrat-aligned powerhouse Marc Elias, criticized Dhillon in a press release, calling her an “anti-voting” lawyer who has “spread right-wing conspiracy theories including unsubstantiated claims about election fraud.”

‘Transgender ideology’

The Civil Rights Division under Clarke has prioritized hate crimes against people based on their gender identity.",United States,Center Right,National News Outlet,True,True
173195,2025-04-17,Take Notice Senate Libs: Democrats Can Vote For The SAVE Act,https://thefederalist.com/2025/04/17/meet-the-4-house-democrats-brave-enough-to-vote-for-election-integrity/,The Federalist,"M.D. Kittle, Matt Kittle Is A Senior Elections Correspondent For The Federalist. An Award-Winning Investigative Reporter, Veteran Of Print, Broadcast, Online Journalism, Kittle Previously Served As The Executive Director Of Empower Wisconsin.","Broadcast, M.D. Kittle, Online Journalism, Veteran Of Print",https://thefederalist.com/wp-content/uploads/2025/04/Screenshot-2025-04-16-at-7.36.34-PM-e1744888597378.png,"One commenter on the leftist Democracy Docket Facebook page went so far as to advise that “it’s time for women to stop taking mens’ names, stop dating and stop marrying Republican men.”",United States,Right,Web Publication,False,True
173188,2025-05-05,CBS Invites Russia Hoax Architect Marc Elias To Attack Trump,https://thefederalist.com/2025/05/05/cbss-60-minutes-invites-russia-hoax-architect-marc-elias-to-attack-trump/?utm_source=rss&utm_medium=rss&utm_campaign=cbss-60-minutes-invites-russia-hoax-architect-marc-elias-to-attack-trump,The Federalist,"Beth Brelje, Beth Brelje Is An Award-Winning Investigative Journalist With Decades Of Media Experience.",Beth Brelje,https://thefederalist.com/wp-content/uploads/2025/05/Marc.png,"Elias and the law firm he founded, Democracy Docket, got courts to change laws to support Democrat strategies.",United States,Right,Web Publication,True,True
173248,2025-02-18,Leftist Nonprofits Fighting SAVE Act Lead To Soros-Backed Groups,https://thefederalist.com/2025/02/18/leftist-nonprofits-fighting-the-save-act-lead-back-to-two-soros-backed-groups/?utm_source=rss&utm_medium=rss&utm_campaign=leftist-nonprofits-fighting-the-save-act-lead-back-to-two-soros-backed-groups,The Federalist,"Beth Brelje, Beth Brelje Is An Award-Winning Investigative Journalist With Decades Of Media Experience.",Beth Brelje,https://thefederalist.com/wp-content/uploads/2025/02/Voting-2.jpg,"Marc Elias, the law group’s former chair, is a far left attorney The Federalist has written about many times.",United States,Right,Web Publication,True,True
176913,2025-08-26,Researcher who has distorted voter data appointed to Homeland Security election integrity role,https://www.ocregister.com/2025/08/26/homeland-security-election-appointment/,Orange Count Register,Associated Press,,https://www.ocregister.com/wp-content/uploads/2025/08/Homeland_Security_Election_Appointment_32619.jpg?w=1024&h=683,"The political appointment, first reported by Democracy Docket, shows how self-styled election investigators who have thrown themselves into election conspiracy theories since 2020 are now being celebrated by a presidential administration that indulges their false claims.",United States,Center,Local News Outlet,False,True
176905,2025-11-18,Florida Republicans set stage for redistricting process,https://www.washingtonexaminer.com/news/campaigns/congressional/3890381/florida-redistricting-republicans-set-stage-for-process/,Washington Examiner,David Zimmermann,David Zimmermann,"https://www.washingtonexaminer.com/wp-content/uploads/2025/08/AP25232769750085.jpg?resize=1200,683","Florida is now the latest state where Republicans are admitting they can’t win without cheating,” Rep. Maxwell Alejandro Frost (D-FL) said on Monday, per Democracy Docket.",United States,Center Right,National News Outlet,False,True
175312,2023-01-25,"If You Don't Talk To Your Kids About Politics, Hailey Bieber Will",https://thefederalist.com/2023/01/25/if-you-dont-talk-to-your-kids-about-politics-celebrities-like-hailey-bieber-will/?utm_source=rss&utm_medium=rss&utm_campaign=if-you-dont-talk-to-your-kids-about-politics-celebrities-like-hailey-bieber-will,The Federalist,"Victoria Marshall, Victoria Marshall Is A Former Staff Writer For The Federalist. Her Writing Has Been Featured In The New York Post, National Review, Townhall. She Lives In Washington","National Review, Townhall. She Lives In Washington, Victoria Marshall",https://thefederalist.com/wp-content/uploads/2023/01/Untitled.png,"Next, the brand recommended several left-wing groups for its followers to support: Black Voters Matter Fund (“dedicated to expanding Black voter engagement and increasing progressive power”), Democracy Docket (Russia hoaxer and top Democrat lawyer Marc Elias’ blog on his fight against election integrity efforts), and I Am a Voter (a “nonpartisan” get-out-the-vote nonprofit that gets young people registered to vote — aka, expands the Democrat Party’s voter base).",United States,Right,Web Publication,True,True
176866,2026-02-09,House set to vote on election rule changes that could limit access for millions,https://www.kjrh.com/politics/elections/house-set-to-vote-on-election-rule-changes-that-could-limit-access-for-millions,KJRH,Joe St. George,Joe St. George,https://ewscripps.brightspotcdn.com/dims4/default/1eb588c/2147483647/strip/true/crop/1024x538+0+73/resize/1200x630!/quality/90/?url=https%3A%2F%2Fewscripps.brightspotcdn.com%2F0b%2F01%2F5f2e68574ea3826176699a475566%2Fap25251758060957.jpg,Democracy Docket reports that at least 21.3 million voters — about 9% of American citizens of voting age — lack access to documents required under the bill.,United States,Center,Local Broadcast News,False,True
176856,2023-11-27,Republicans dealt blow in latest congressional map battle,https://www.newsweek.com/republicans-dealt-blow-new-mexico-congressional-map-battle-1847306,Newsweek,"Andrew Stanton, Weekend Staff Writer","Andrew Stanton, Weekend Staff Writer",https://assets.newsweek.com/wp-content/uploads/2025/08/2314987-republicans-dealt-blow-new-mexico-redistricting-battle.jpg?w=1200crop=1,"The state's high court rejected the GOP's lawsuit on Monday, handing Republicans their latest restricting loss after the party asked the court to redraw the map in a ""partisan-neutral"" manner, according to Democracy Docket.",United States,Center Right,National News Outlet,True,True
173616,2020-03-22,"Hillary Clinton moves in on virus crisis, seeks to shake up voting forever",https://www.wnd.com/2020/03/hillary-clinton-uses-coronavirus-crisis-call-make-voting-mail-norm/,World Net Daily,Western Journal,Western Journal,https://www.wnd.com/wp-content/uploads/2015/08/hillary-clinton-newspaper-600-1200x630.jpg,"The former secretary of state and failed presidential candidate shared a tweet Wednesday by Democratic Party attorney Marc Elias, who framed the push for voting by mail as an effort to keep voters safe and elections on track in the wake of the coronavirus pandemic.",United States,Right,Web Publication,True,True
176638,2022-07-29,Constructive Action: Make It Rain,https://www.emptywheel.net/2022/07/29/constructive-action-make-it-rain/,Empty Wheel,E.A. Foster,E.A. Foster,https://emptywheel.net/wp-content/uploads/2026/01/Rain_EutahMizushima-Unsplash_30SEP2016_BG-1500w.jpg,"— Democracy Docket (@DemocracyDocket) July 28, 2022



All three counties are strong/solid GOP.",United States,Left,Web Publication,False,True
176828,2023-10-18,Chutkan gets lawsuit accusing Trump of disenfranchising Black voters,https://www.salon.com/2023/10/18/accusing-of-disenfranchising-black-in-2020-reassigned-to-tanya-chutkan/,Salon,Tatyana Tandanpolie,Tatyana Tandanpolie,https://www.salon.com/app/uploads/2023/10/donald_trump_e__barrett_prettyman_united_states_courthouse_1728266660_1476359078.jpg,"""On Nov. 28, 2022, a trial court issued an order that allowed the plaintiffs to amend their complaint and held that Trump is not absolutely immune,"" Democracy Docket said in a release following the announcement of the case.",United States,Left,Web Publication,False,True
176815,2023-08-18,"Trump's request to delay trial ridiculed by lawyers: ""Good luck with that""",https://www.newsweek.com/trump-request-delay-trial-ridiculed-lawyers-good-luck-that-1820737,Newsweek,"Darragh Roche, Us News Reporter",Darragh Roche,https://assets.newsweek.com/wp-content/uploads/2025/08/2271310-donald-trump-golf-course.jpg?w=1200crop=1,"""

Marc Elias, partner at the Elias Law Group and founder of Democracy Docket, a website focused on voting rights and election litigation, wrote on X: ""I continue to be amazed at the consistency of the bad strategy of Trump's various legal teams.",United States,Center Right,National News Outlet,True,True
173232,2025-03-12,"D.C. Is Home To 10,000 Spies. Democrats Want To Let Them Vote",https://thefederalist.com/2025/03/12/d-c-is-home-to-10000-spies-democrats-want-to-let-them-vote/?utm_source=rss&utm_medium=rss&utm_campaign=d-c-is-home-to-10000-spies-democrats-want-to-let-them-vote,The Federalist,"Brianna Lyman, Brianna Lyman Is An Elections Correspondent At The Federalist. Brianna Graduated Fordham University With A Degree In International Political Economy. Her Work Has Been Featured On Newsmax, Fox News, Fox Business, Realclearpolitics. Follow Brianna On X","Brianna Lyman, Fox Business, Fox News, Realclearpolitics. Follow Brianna On X",https://thefederalist.com/wp-content/uploads/2025/03/1280px-Voting_is_Sacred_sign_in_Minneapolis_Minnesota_50564042402-e1741795545916.jpg,"In their appeal, “plaintiffs asked the D.C. Circuit Court to rule on the matter of standing and the law’s constitutionality,” according to Democracy Docket.",United States,Right,Web Publication,False,True
173214,2025-03-24,Trump Cracks Down On 'Grossly Unethical' Lawfare,https://thefederalist.com/2025/03/24/trump-cracks-down-on-grossly-unethical-lawfare-obstructing-his-second-term-agenda/?utm_source=rss&utm_medium=rss&utm_campaign=trump-cracks-down-on-grossly-unethical-lawfare-obstructing-his-second-term-agenda,The Federalist,"Beth Brelje, Beth Brelje Is An Award-Winning Investigative Journalist With Decades Of Media Experience.",Beth Brelje,https://thefederalist.com/wp-content/uploads/2025/03/Trump-EO.jpg,"In an executive order issued late Friday that names one likely target, attorney Marc Elias, Trump calls on his administration to implement five policies to hold lawyers and law firms accountable for misconduct in federal cases or matters before executive departments and agencies of the United States.",United States,Right,Web Publication,True,True
176743,2024-04-24,"Lara Trump says the RNC can “physically handle"" ballots",https://www.salon.com/2024/04/24/lara-says-the-national-committee-can-physically-handle-ballots/,Salon,Griffin Eckstein,Griffin Eckstein,https://www.salon.com/app/uploads/2024/04/lara-trump-2036414145jpg.jpg,As Democracy Docket founder and election lawyer Marc.,United States,Left,Web Publication,False,True
176737,2022-12-14,Kari Lake's doomed legal battle: Holiday grift that keeps on giving,https://www.salon.com/2022/12/14/kari-lakes-doomed-legal-battle-the-holiday-grift-that-keeps-on-giving/,Salon,Dennis Aftergut,Dennis Aftergut,https://www.salon.com/app/uploads/2022/12/kari_lake_1439861680.jpg,"The Democracy Docket website run by Marc Elias, a leading voting rights lawyer, has pointed out that many of the complaints from voters who claim they couldn’t cast their ballots arose because of Arizona’s HB 2237, the Republican-sponsored bill enacted last May that erected new barriers to the ballot in an apparent effort to suppress the vote.",United States,Left,Web Publication,True,True
176735,2022-12-08,"GOP lawyer ""mistake"" in SCOTUS election case could backfire: attorney",https://www.salon.com/2022/12/08/lawyer-made-big-mistake-in-hearing-on-that-could-backfire-attorney_partner/,Salon,Matthew Chapman,Matthew Chapman,https://www.salon.com/app/uploads/2021/02/john-roberts-0218211.jpg,"On Wednesday, following oral arguments in the massive Moore v. Harper Supreme Court case that could dramatically change how U.S. elections are conducted, voting rights attorney Marc Elias analyzed a crucial “mistake” made by the Republican-aligned lawyer on his “Democracy Docket” media platform that might cost them the case.",United States,Left,Web Publication,True,True
176731,2022-11-29,GOP-led Arizona county refuses to certify election; advocates will sue,https://www.salon.com/2022/11/29/led-arizona-county-refuses-to-certify-democracy-advocates-vow-to_partner/,Salon,Kenny Stancil,Kenny Stancil,https://www.salon.com/app/uploads/2022/11/kari-lake-1439032854.jpg,"In the words of Democratic election attorney Marc Elias, “The only presentation Cochise is going to get is in a courtroom.”

Elias, the founder of Democracy Docket, said the county “will be sued” for missing Monday’s legally mandated deadline to approve the official vote tally.",United States,Left,Web Publication,True,True
176716,2022-11-08,Mid-Term Election 2022: Control of Congress and Reproductive Rights [UPDATE-7],https://www.emptywheel.net/2022/11/08/mid-term-election-2022-control-of-congress-and-reproductive-rights/,Empty Wheel,E.A. Foster,E.A. Foster,https://emptywheel.net/wp-content/uploads/2026/01/vote.jpg,"The court orders ballots cast by voters who got in line after 7 pm be segregated.https://t.co/FDNc3QSCCt — Democracy Docket (@DemocracyDocket) November 9, 2022

As you can see, Marc Elias is watching this closely.",United States,Left,Web Publication,True,True
173830,2021-12-03,"Harvard Churns Out Lawyers To Fight Elections In Court, Not At The Polls",https://thefederalist.com/2021/12/03/is-harvard-law-churning-out-lawyers-to-fight-elections-in-court-instead-of-at-the-polls/,The Federalist,"Mark Hemingway, Mark Hemingway Is The Book Editor At The Federalist, Was Formerly A Senior Writer At The Weekly Standard. Follow Him On Twitter At, Although Republican Lawmakers Were Deeply Skeptical Of The Practices That Accompanied This Surge In Voting Mail, They Were Largely Unsuccessful In Stopping Them. Those Procedures Include Dropping Signature Matching Requirements To Verify Ballots, Allowing Third Parties To Collect, Return Mail Ballots, Known As, Ballot Harvesting, Allowing Mail-In Ballots To Be Counted After Election Day.","Allowing Third Parties To Collect, Ballot Harvesting, Known As, Mark Hemingway, Return Mail Ballots",https://thefederalist.com/wp-content/uploads/2021/12/3472213352_6690944969_b.jpeg,"The clinic also touts instructor Daniel Hessel, who has “litigated election law cases with the Campaign Legal Center and environmental cases with the Natural Resources Defense Council.”

Nicholas Stephanopoulos, an attorney who “provides strategic advice for clinic cases [and] helps to litigate some of these matters,” wrote a piece this year for Democracy Docket, the organization run by Marc Elias, a top election lawyer for the Democratic Party.",United States,Right,Web Publication,True,True
176703,2022-11-07,Republicans pointed a weapon at the heart of our democracy — in 1964,https://www.salon.com/2022/11/07/pointed-a-weapon-at-the-heart-of-our-democracy--in-1964-were-feeling-it-now_partner/,Salon,Thom Hartmann,Thom Hartmann,https://www.salon.com/app/uploads/2022/01/ron-desantis-barry-goldwater-0121221.jpg,"Even today, about the only network that covers the work of people like Marc Elias (disclosure: I donate to Democracy Docket) is MSNBC, and even then only occasionally.",United States,Left,Web Publication,True,True
176694,2022-10-28,GOP sowing chaos at polls even before election day,https://www.salon.com/2022/10/28/cold-hard-to-democracy-sowing-chaos-at-polls-even-before-day_partner/,Salon,Julia Conley,Julia Conley,https://www.salon.com/app/uploads/2021/04/florida-voting-line-0430211.jpg,"Twenty-two of the challenges sought to limit mail-in voting, four centered on limiting voter registration, and 12 focused on election administration, including “conspiracy-led challenges against voting machines,” according to Democracy Docket.",United States,Left,Web Publication,False,True
174069,2024-09-18,Biden's DOJ Threatens Election Offices Over Cleaning Voter Rolls,https://thefederalist.com/2024/09/18/bidens-doj-threatens-election-offices-cleaning-voter-rolls-may-be-discriminatory/?utm_source=rss&utm_medium=rss&utm_campaign=bidens-doj-threatens-election-offices-cleaning-voter-rolls-may-be-discriminatory,The Federalist,"Ben Weingarten, Ben Weingarten Is Editor At Large For Realclearinvestigations. He Is A Senior Contributor To The Federalist, Columnist At Newsweek, A Contributor To The New York Post, Epoch Times, Among Other Publications. Subscribe To His Newsletter At Weingarten.Substack.Com, Follow Him On Twitter","A Contributor To The New York Post, Ben Weingarten, Columnist At Newsweek, Epoch Times, Follow Him On Twitter",https://thefederalist.com/wp-content/uploads/2024/09/30102896627_0bc5098d5a_o-scaled-e1726516509443.jpg,"As Democracy Docket — a publication founded by preeminent progressive election litigator Marc Elias — editorializes, the “guidance comes amid a surge of challenges to state and county voter rolls and maintenance procedures, mostly from right-wing groups attempting to disenfranchise millions of voters right before the November election.”",United States,Right,Web Publication,True,True
174647,2024-07-03,Republicans Appeal WI Leftist Judge's Absentee Ballot Changes,https://thefederalist.com/2024/07/03/republicans-appeal-wisconsin-leftist-judges-order-changing-absentee-ballot-rules/?utm_source=rss&utm_medium=rss&utm_campaign=republicans-appeal-wisconsin-leftist-judges-order-changing-absentee-ballot-rules,The Federalist,"M.D. Kittle, Matt Kittle Is A Senior Elections Correspondent For The Federalist. An Award-Winning Investigative Reporter, Veteran Of Print, Broadcast, Online Journalism, Kittle Previously Served As The Executive Director Of Empower Wisconsin.","Broadcast, M.D. Kittle, Online Journalism, Veteran Of Print",https://thefederalist.com/wp-content/uploads/2024/07/Screenshot-2024-07-03-at-1.18.59-AM-1024x517.png,"Leftist Court of Last Resort

Left-wing Democracy Docket, founded by Russia dossier peddler and Democrat Party fixer Marc Elias, declares the obvious in a recent post.",United States,Right,Web Publication,True,True
176585,2024-06-18,Supreme Court changes its schedule,https://www.newsweek.com/supreme-court-changes-schedule-adding-opinion-day-1914281,Newsweek,"Katherine Fung, Senior Writer","Katherine Fung, Senior Writer",https://assets.newsweek.com/wp-content/uploads/2025/08/2412192-supreme-court-changes-schedule.jpg?w=1200crop=1,"""Thursday and Friday will be critical to the future of democracy,"" Mark Elias, lawyer and founder of progressive platform Democracy Docket, wrote on X, formerly Twitter, in response to the addition of a second opinion day.",United States,Center Right,National News Outlet,False,True
176551,2024-08-06,Maddow and Elias sound alarm on GOP's future election subversion plans,https://www.salon.com/2024/08/06/theyre-laying-the-foundation-to-do-it-again-maddow-details-plan-to-undermine-2024/,Salon,Gabriella Ferrigine,Gabriella Ferrigine,https://www.salon.com/app/uploads/2024/08/rachel_maddow_862116254.jpg,"""Now Republicans have kept trying this thing in every election since,"" she added, citing a recent report from Democracy Docket, Elias' voting rights advocacy group, that officials in at least 10 counties have now refused to certify accurate election results.",United States,Left,Web Publication,True,True
176549,2024-08-14,Trump's sinister plan to avoid another Jan. 6,https://www.salon.com/2024/08/14/sinister-plot-to-avoid-another-jan-6/,Salon,Chauncey Devega,Chauncey Devega,https://www.salon.com/app/uploads/2024/08/donald_trump_doj_1251816625_2163300745.jpg,"""

Attorney Marc Elias, founder of Democracy Docket, has been warning about how the Trumpists and the other enemies of American and global democracy have continued with their plans beyond Jan. 6 by placing their agents in key positions on the county and state level across the country’s election infrastructure.",United States,Left,Web Publication,True,True
176546,2021-01-29,Marjorie Taylor Greene mocked over Jewish space lasers conspiracy,https://www.newsweek.com/marjorie-taylor-greene-jewish-space-laser-mockery-1565325,Newsweek,Jack Dutton,Jack Dutton,https://assets.newsweek.com/wp-content/uploads/2025/08/1720257-marjorie-taylor-green-facebook-post.png?w=1200crop=1,"Marc E. Elias, founder Democracy Docket, a platform for progressive advocacy and information about voting rights, said: ""Whoever borrowed my secret Jewish space laser, please return it.",United States,Center Right,National News Outlet,False,True
176418,2021-05-11,Queen Elizabeth II voter ID announcement explained as monarch makes speech,https://www.newsweek.com/queen-elizabeth-ii-voter-id-announcement-explained-queens-speech-state-opening-parliament-1590362,Newsweek,"Jack Royston, Chief Royal Correspondent","Chief Royal Correspondent, Jack Royston",https://assets.newsweek.com/wp-content/uploads/2025/08/1792995-queens-speech-state-opening-parliament.jpg?w=1200crop=1,"Former Donald Trump campaign lawyer Jenna Ellis received 4,700 likes, at time of writing, for a post asking Marc Elias, founder of the progressive advocacy group Democracy Docket: ""Is the Queen racist?",United States,Center Right,National News Outlet,True,True
176366,2021-11-04,Ohio Republicans want 86% of seats in state Trump won with 53%,https://www.salon.com/2021/11/04/now-ohio-want-to-give-themselves-86-of-seats--after-won-with-53/,Salon,Igor Derysh,Igor Derysh,https://www.salon.com/app/uploads/2021/11/jim-jordan-1104211.jpg,"Advertisement:

Marc Elias, a prominent Democratic attorney and founder of Democracy Docket, vowed to sue the state if the House map is enacted.",United States,Left,Web Publication,True,True
176341,2024-10-15,The Danger of Believing That You Are Powerless,https://www.theatlantic.com/ideas/archive/2024/10/citizens-guide-defending-2024-election/680254/?utm_source=feed,The Atlantic,Anne Applebaum,Anne Applebaum,https://cdn.theatlantic.com/thumbor/e_1ofhNAqilYWHpEQXZKkG1xt84=/0x61:2849x1545/1200x625/media/img/mt/2024/10/GettyImages_2035845946/original.jpg,"For voters who lean Democratic, Democracy Docket also offers a wealth of advice, suggestions, and information.",United States,Center Left,Opinion Journal,False,True
176340,2020-12-29,"Groups accuse Georgia county of ""voter suppression"" over poll closures",https://www.salon.com/2020/12/29/voter-suppression-efforts-ramp-up-ahead-of-georgia-runoffs-poll-closures-hurt-black-latino-voters/,Salon,Igor Derysh,Igor Derysh,https://www.salon.com/app/uploads/2020/11/loeffler-perdue-1110201.jpg,"Advertisement:

Two other voting rights groups, The New Georgia Project and Democracy Docket, filed lawsuits against four other counties for failing to provide enough early voting locations last week.",United States,Left,Web Publication,False,True
176296,2020-11-11,2:00PM Water Cooler 11/11/2020,https://www.nakedcapitalism.com/2020/11/200pm-water-cooler-11-11-2020.html,Naked Capitalism,"Yves Smith, Lambert Strether, View All Posts Lambert Strether, Socal Rhino, Jeremy Grimm","Jeremy Grimm, Lambert Strether, Socal Rhino, View All Posts Lambert Strether, Yves Smith",https://www.nakedcapitalism.com/wp-content/uploads/2020/11/covid-cases-regions-1.png,"The site is run, as one might expect I suppose, by Marc Elias of Perkins Coie, of Steele Dossier fame.",United States,Left,Web Publication,True,True
176208,2020-10-06,The Election Is in Danger. Prepare Now.,https://www.theatlantic.com/ideas/archive/2020/10/a-citizens-guide-to-defending-the-election/616574/?utm_source=feed,The Atlantic,Anne Applebaum,Anne Applebaum,https://cdn.theatlantic.com/thumbor/4QImN5d_P4-z9VR8QOd6Thfa5nM=/0x43:2000x1085/1200x625/media/img/mt/2020/10/1020_Dante_Katie_CitizenGuide2_copy/original.jpg,"For those who lean Democratic, Democracy Docket also offers a wealth of advice, suggestions, and information.",United States,Center Left,Opinion Journal,False,True
176229,2024-10-20,Republicans and Democrats prepare for long legal battles over 2024 election results,https://www.pressherald.com/2024/10/20/republicans-and-democrats-are-both-preparing-for-long-legal-battles-over-the-2024-election-results/,Portland Press Herald,"Alanna Durkin Richer, Colleen Long, Lindsay Whitehurst, Associated Press","Alanna Durkin Richer, Colleen Long, Lindsay Whitehurst",https://www.pressherald.com/wp-content/uploads/sites/4/2024/10/Election_2024_Trump_23187-1729455815.jpg?w=780,"With a little over two weeks before Election Day, about 180 voting and election cases have been filed so far this year, according to Democratic lawyer Marc Elias, who founded the election litigation tracking group Democracy Docket.",United States,Center,Local News Outlet,True,True
176222,2024-10-20,Republicans and Democrats are both preparing for long legal battles over the 2024 election results,https://www.theglobeandmail.com/world/article-republicans-and-democrats-are-both-preparing-for-long-legal-battles/,The Globe and Mail,"Alanna Durkin Richer, Colleen Long And Lindsay Whitehurst","Alanna Durkin Richer, Colleen Long And Lindsay Whitehurst",https://www.theglobeandmail.com/resizer/v2/OI3B327RPNFL3H2XI5MFNPRPL4.jpg?auth=470473c338b1733ae5e2c104fea8ad047e167b3fb2257d9e18697b1064ace125&width=1200&height=800&quality=80&smart=true,"With a little over two weeks before Election Day, about 180 voting and election cases have been filed so far this year, according to Democratic lawyer Marc Elias, who founded the election litigation tracking group Democracy Docket.",United States,Center Right,National News Outlet,True,True
175320,2023-02-16,"Special grand jury recommends indictments in Trump election probe, experts temper Trump-haters' expectations",https://www.bizpacreview.com/2023/02/16/special-grand-jury-recommends-indictments-in-trump-election-probe-experts-temper-trump-haters-expectations-1333523/,BizPac Review,"Vivek Saxena, Steve Hecht, Michael Matteo, Michael Busler, Michael Letts, Ben Shapiro, Larry Elder, Stephen Moore, Dave Scott","Ben Shapiro, Dave Scott, Larry Elder, Michael Busler, Michael Letts, Michael Matteo, Stephen Moore, Steve Hecht, Vivek Saxena",https://www.bizpacreview.com/wp-content/uploads/2022/09/SGDonaldTrump.png,"— Democracy Docket (@DemocracyDocket) February 16, 2023

“The DA may choose to put together a more traditional grand jury, which will have the power to potentially indict the former American president, his advisers who lied to Georgia legislators, and MAGA loyalists who banded together to become fake electors in a scheme to stop Congress from certifying President Joe Biden’s victory,” according to The Daily Beast.",United States,Right,Web Publication,False,True
176128,2024-10-28,Lawyers Stand Back and Stand By for Election Day,https://www.newsweek.com/lawyers-stand-back-stand-election-day-opinion-1973969,Newsweek,"Tom Rogers, Editor-At-Large For Newsweek","Editor-At-Large For Newsweek, Tom Rogers",https://assets.newsweek.com/wp-content/uploads/2025/08/2502898-trump-court.jpg?w=1200crop=1,"| Michael M. Santiago/Getty Images

Republican lawyers have filed nearly 90 lawsuits intended to lay the groundwork for post-Election Day challenges, according to Democracy Docket.",United States,Center Right,National News Outlet,False,True
176125,2024-10-30,"Experts: SCOTUS Virginia voter purge ruling is an ""ominous"" sign",https://www.salon.com/2024/10/30/disgraceful-experts-warn-wrongheaded-scotus-virginia-purge-ruling-is-an-ominous-sign/,Salon,Nicholas Liu,Nicholas Liu,https://www.salon.com/app/uploads/2023/07/john_roberts_supreme_court_building_525597448_1237955136.jpg,"""I still think the Roberts Six won’t succeed, but it won’t be for want of trying.""

That the ruling only affects around 1,600 voters is beside the point when it is a ""wrongheaded decision in light of clear federal law,"" concurred Marc E. Elias, a lawyer and founder of Democracy Docket.",United States,Left,Web Publication,False,True
176112,2021-11-24,"""Total asymmetric warfare"": Dems silent as Georgia GOP redraws the map",https://www.salon.com/2021/11/24/total-asymmetric-warfare-georgia-redraws-political-map-as-senate-democrats-do-nothing_partner/,Salon,Jessica Corbett,Jessica Corbett,https://www.salon.com/app/uploads/2021/11/lucy-mcbath-stacey-abrams-1123211.jpg,Democracy Docket notes that “the state House and Senate maps ... were criticized by Democrats for cementing a Republican advantage in the General Assembly and failing to account for the growth of Georgia’s minority population.”,United States,Left,Web Publication,False,True
174385,2021-07-08,Hillary Clinton: GOP 'attacks on voting' part of bigger plan 'toward white supremacist authoritarianism',https://www.bizpacreview.com/2021/07/08/hillary-clinton-gop-attacks-on-voting-part-of-bigger-plan-toward-white-supremacist-authoritarianism-1100868/,BizPac Review,"Jon Dougherty, Steve Hecht, Michael Matteo, Michael Busler, Michael Letts, Ben Shapiro, Larry Elder, Stephen Moore, Dave Scott","Ben Shapiro, Dave Scott, Jon Dougherty, Larry Elder, Michael Busler, Michael Letts, Michael Matteo, Stephen Moore, Steve Hecht",https://www.bizpacreview.com/wp-content/uploads/2020/12/SG-Hillary-Clinton-1200x630.jpg,"In a piece published at Democracy Docket, Clinton claimed that post-2020 election integrity reforms being proposed and passed in states around the country are making it harder for Americans to vote while alleging it is part of a scheme to move the U.S. “toward white supremacist authoritarianism.”",United States,Right,Web Publication,False,True
176082,2020-07-15,Media must focus on the big question: Can Trump steal this election?,https://www.salon.com/2020/07/15/media-is-covering-this-election-all-wrong--the-real-question-is-whether-trump-can-steal-it/,Salon,Dan Froomkin,Dan Froomkin,https://www.salon.com/app/uploads/2020/06/donald-trump-cnn-0611201.jpg,"Start with Ari Berman (@AriBerman) who writes for Mother Jones, and Rick Hasen (@rickhasen), an election law professor at the University of California Irvine School of Law who hosts the essential Election Law Blog.

Also, Democratic election lawyer Marc Elias (@marceelias) and his Democracy Docket website, investigative journalist Greg Palast (@Greg_Palast), who just published a book titled “How Trump Stole 2020,” and others on this ever-growing Twitter list I’m curating.",United States,Left,Web Publication,True,True
176067,2020-07-14,"Hillary Clinton Discusses Republican Voter Suppression, Roger Stone on 'Daily Show'",https://www.rollingstone.com/tv/tv-news/hillary-clinton-daily-show-trevor-noah-voter-suppression-roger-stone-trump-1028224/,Rolling Stone,"Jon Blistein, .Wp-Block-Co-Authors-Plus-Coauthors.Is-Layout-Flow, Class, Wp-Block-Co-Authors-Plus, Display Inline, .Wp-Block-Co-Authors-Plus-Avatar, Where Img, Height Auto Max-Width, Vertical-Align Bottom .Wp-Block-Co-Authors-Plus-Coauthors.Is-Layout-Flow .Wp-Block-Co-Authors-Plus-Avatar, Vertical-Align Middle .Wp-Block-Co-Authors-Plus-Avatar Is .Alignleft .Alignright",Jon Blistein,https://www.rollingstone.com/wp-content/uploads/2020/07/Screen-Shot-2020-07-14-at-7.31.36-AM-copy.jpg?w=1600&h=900&crop=1,"Clinton said she’s been working with the advocacy group Democracy Docket, which is focused on bringing legal challenges to laws and practices that suppress voters.",United States,Left,Web Publication,False,True
173795,2020-07-14,"Hillary Clinton gaslights Dem base, says Trump won't 'go quietly' if he loses and he'll blame mail-in ballots",https://www.bizpacreview.com/2020/07/14/hillary-clinton-gaslights-dem-base-says-trump-wont-go-quietly-if-he-loses-and-hell-blame-mail-in-ballots-946531,BizPac Review,"Jon Dougherty, Steve Hecht, Michael Matteo, Michael Busler, Michael Letts, Ben Shapiro, Larry Elder, Stephen Moore, Dave Scott","Ben Shapiro, Dave Scott, Jon Dougherty, Larry Elder, Michael Busler, Michael Letts, Michael Matteo, Stephen Moore, Steve Hecht",https://www.bizpacreview.com/wp-content/uploads/2020/07/noah-clinton-1200x630.jpg,"She noted further that she currently works with a group called Democracy Docket, which supports lawsuits “to make the vote available.”",United States,Right,Web Publication,False,True
175926,2025-01-21,Who's Ken Martin? Supporters say the Minnesota Democrat and would-be DNC chair is ready for battle,https://www.salon.com/2025/01/21/whos-ken-martin-supporters-say-the-minnesota-democrat-and-would-be-dnc-chair-is-ready-for-battle/,Salon,Russell Payne,Russell Payne,https://www.salon.com/app/uploads/2025/01/ken_martin_2182531919.jpg,"""This is an opportunity to really reimagine the DNC and for me, that means really getting the DNC out of D.C.,"" Martin recently told Democracy Docket.",United States,Left,Web Publication,False,True
175928,2025-01-18,"""A troubling trend"": Experts say Republicans are continuing to undermine democracy in North Carolina",https://www.salon.com/2025/01/18/a-troubling-trend-experts-say-are-continuing-to-undermine-democracy-in-north-carolina/,Salon,Tatyana Tandanpolie,Tatyana Tandanpolie,https://www.salon.com/app/uploads/2025/01/jefferson_griffin_north_carolina_nc_supreme_court_1570616671.jpg,"Marc Elias, an elections attorney and founder of Democracy Docket, explained in an interview that Griffin's challenge hinges on an old North Carolina law that requires voters to include their driver's license number or the last four digits of their social security number when they register to vote.",United States,Left,Web Publication,True,True
175879,2025-04-03,Neal Katyal's law firm striking Trump deal stuns MSNBC viewers,https://www.newsweek.com/neal-katyal-trump-deal-msnbc-2054900,Newsweek,"Martha Mchardy, Us News Reporter",Martha Mchardy,https://assets.newsweek.com/wp-content/uploads/2025/08/2620377-neal-katyal.jpg?w=1200crop=1,"Meanwhile, Marc Elias, founder of Democracy Docket, weighed in, noting that big law firms have the choice to either ""capitulate or stand tall,"" with ""history watching.",United States,Center Right,National News Outlet,True,True
175876,2025-04-07,State appeals court justice slams ruling in only undecided 2024 race,https://www.newsweek.com/north-carolina-supreme-court-allison-riggs-democrat-challenge-november-2024-elections-2056277,Newsweek,"Sean O'Driscoll, Senior Crime, Courts Reporter","Courts Reporter, Sean O'Driscoll",https://assets.newsweek.com/wp-content/uploads/2025/08/2622345-allison-riggs.jpg?w=1200crop=1,"""This does not just affect North Carolina,"" Democrat Allison Riggs told voting rights group Democracy Docket in an interview on Friday.",United States,Center Right,National News Outlet,False,True
175827,2025-06-29,The Trump administration is building a national citizenship data system,https://www.kpbs.org/news/politics/2025/06/29/the-trump-administration-is-building-a-national-citizenship-data-system,KPBS,"Jude Joffe-Block, Copyright Npr, Miles Parks, Miles Parks Is A Reporter On Npr'S Washington Desk, Where He Covers Voting, Election Security.","Election Security., Jude Joffe-Block, Miles Parks, Where He Covers Voting",https://cdn.kpbs.org/dims4/default/864c7af/2147483647/strip/true/crop/7352x3860+0+137/resize/1200x630!/quality/90/?url=https%3A%2F%2Fnpr.brightspotcdn.com%2Fdims3%2Fdefault%2Fstrip%2Ffalse%2Fcrop%2F7352x4134%200%20400%2Fresize%2F7352x4134%21%2F%3Furl%3Dhttp%3A%2F%2Fnpr-brightspot.s3.amazonaws.com%2F0b%2Fd4%2F9675eb9a4efead451aa46caf8d67%2Fgettyimages-2190228671-edit.jpg,Democracy Docket first reported the briefing.,United States,Unspecified,Local Broadcast News,False,True
175654,2025-08-12,Trump's DC takeover is an ominous move,https://www.salon.com/2025/08/12/trumps-dc-takeover-is-an-ominous-move/,Salon,Chauncey Devega,Chauncey Devega,https://www.salon.com/app/uploads/2025/08/Donald-Trump-2229562849.jpg,"Marc Elias, a voting rights lawyer and founder of Democracy Docket, warned progressive podcaster Brian Tyler Cohen on Monday that Trump’s actions in D.C. are likely a prelude of what’s to come.",United States,Left,Web Publication,True,True
175667,2025-07-31,The Gaza Humanitarian Crisis,https://slate.com/podcasts/political-gabfest/2025/07/politics-humanitarian-groups-gaza-crisis-war-donald-trump-harvard-brown-columbia-courts-judges?via=rss,Slate,,,https://compote.slate.com/images/2f8e5dcb-f8a8-4ddd-9db2-00c44e41f3b0.jpeg?crop=5544%2C3696%2Cx0%2Cy0&width=1560,"Trump administration reaches $50 million deal with Brown University to restore funding

Michael S. Schmidt and Michael C. Bender for The New York Times: University of Virginia President Resigns Under Pressure From Trump Administration

Tiana Headley for Bloomberg (Law): Bove Confirmed to Appeals Court After Whistleblowers Emerge

Ashleigh Fields for The Hill: Senate Democrat: Emil Bove ‘genuinely bad guy’

Jacob Knutson for Democracy Docket: Bondi Escalates Assault on Judiciary With Misconduct Complaint Against Judge

Kyle Cheney and Josh Gerstein for Politico: Trump admin escalates its war with the courts — this time targeting Judge Boasberg

Asher Boiskin and Henry Liu for The Yale Daily News: Federal Judge James Boasberg ’85 LAW ’90 faces political firestorm over deportation ruling",United States,Left,Web Publication,False,True
175652,2025-08-15,"Trump’s D.C. takeover reflects efforts to expand his authority, attorney says",https://www.pbs.org/newshour/show/d-c-sues-to-block-trumps-federal-takeover-of-its-police-department,PBS NewsHour,"Geoff Bennett, Ali Schmitz","Ali Schmitz, Geoff Bennett",https://d3i6fh83elv35t.cloudfront.net/static/2025/08/dctakeover-2-1024x683.jpg,"""

For perspective on this and the unfolding redistricting battle in Texas, I spoke earlier today with Marc Elias, the Democratic Party's leading voting rights attorney and founder of Democracy Docket.",United States,Center Left,National News Outlet,True,True
175650,2025-08-26,Researcher who has distorted voter data appointed to Homeland Security election integrity role,https://www.dailycamera.com/2025/08/26/homeland-security-election-appointment/,Boulder Daily Camera,Associated Press,,https://www.dailycamera.com/wp-content/uploads/2025/08/Homeland_Security_Election_Appointment_32619.jpg?w=1024&h=683,"The political appointment, first reported by Democracy Docket, shows how self-styled election investigators who have thrown themselves into election conspiracy theories since 2020 are now being celebrated by a presidential administration that indulges their false claims.",United States,Center,Local News Outlet,False,True
175644,2025-09-05,Blue State Governors Warn Trump May Use Military to Disrupt Elections,https://www.rollingstone.com/politics/politics-features/trump-elections-military-newsom-pritzker-blue-governors-1235421952/,Rolling Stone,"Tim Dickinson, .Wp-Block-Co-Authors-Plus-Coauthors.Is-Layout-Flow, Class, Wp-Block-Co-Authors-Plus, Display Inline, .Wp-Block-Co-Authors-Plus-Avatar, Where Img, Height Auto Max-Width, Vertical-Align Bottom .Wp-Block-Co-Authors-Plus-Coauthors.Is-Layout-Flow .Wp-Block-Co-Authors-Plus-Avatar, Vertical-Align Middle .Wp-Block-Co-Authors-Plus-Avatar Is .Alignleft .Alignright",Tim Dickinson,https://www.rollingstone.com/wp-content/uploads/2025/09/pritzker-newsom-warn.jpg?w=1600&h=900&crop=1,"As flagged by Democracy Docket, Mitchell recently appeared on a podcast where she highlighted a president’s ability to intervene in voting by citing a “threat to the national sovereignty of the United States.”",United States,Left,Web Publication,False,True
175643,2025-09-09,"Crooked Media Reveals Lineup For D.C. Conference, Live ‘Pod Save America’ Taping (Exclusive)",https://www.hollywoodreporter.com/business/business-news/crooked-media-live-pod-save-america-taping-crooked-con-1236363426/,Hollywood Reporter,"Caitlin Huston, .Wp-Block-Co-Authors-Plus-Coauthors.Is-Layout-Flow, Class, Wp-Block-Co-Authors-Plus, Display Inline, .Wp-Block-Co-Authors-Plus-Avatar, Where Img, Height Auto Max-Width, Vertical-Align Bottom .Wp-Block-Co-Authors-Plus-Coauthors.Is-Layout-Flow .Wp-Block-Co-Authors-Plus-Avatar, Vertical-Align Middle .Wp-Block-Co-Authors-Plus-Avatar Is .Alignleft .Alignright",Caitlin Huston,https://www.hollywoodreporter.com/wp-content/uploads/2025/04/Pod-Save-America-hosts-Dan-Pfeiffer-Jon-Favreau-Jon-Lovett-and-Tommy-Vietor.jpg?w=1440&h=810&crop=1,"Full speaker lineup:

Kentucky Governor Andy Beshear

Senators Brian Schatz, Chris Murphy and Ruben Gallego

Reps. Janelle Bynum, LaMonica McIver, Sarah McBride, Ro Khanna, Robert Garcia and Yassamin Ansari

Alex Wagner, Senior Political Analyst, MSNBC

Anderson Clayton, Chair of the North Carolina Democratic Party

Ben Wikler, former Chair of the Wisconsin Democratic Party

Brian Tyler Cohen, Progressive YouTuber & Content Creator

Carlos Odio, Co-Founder, Equis

Cisco Aguilar, Nevada Secretary of State

David Shor, Co-Founder, Blue Rose Research

Ezra Levin, Co-Executive Director, Indivisible

Faiz Shakir, Founder & Executive Director, More Perfect Union

Hasan Piker, Streamer & Political Commentator

Jessica Tarlov, Co-Host, Fox News’ The Five

Justice Allison Riggs, Associate Justice, North Carolina Supreme Court

Kate Barr, Founder, Can’t Win Victory Fund

Ken Martin, Chair of the Democratic National Committee

Lis Smith, Democratic Strategist

Marc Elias, Founder, Democracy Docket

Matthew Yglesias, Author, Slow Boring Newsletter

Maurice Mitchell, National Director, Working Families Party

Norm Eisen, Executive Chair, Democracy Defenders Fund

Philip DeFranco, Anchor, The Philip DeFranco Show

Rebecca Katz, Founder, Fight Agency

Sarah Longwell, CEO & Publisher, The Bulwark

Stephanie Valencia, Co-Founder & CEO, Equis

Tara McGowan, Founder & Publisher, COURIER Newsroom

Terrance Woodbury, President & Founding Partner, HIT Strategies

Oct. 3 11:30 AM PT: The story has been updated to reflect the new location of the conference.",United States,Center,Web Publication,True,True
175567,2026-01-23,"Administration Wants to Hold Grand Prix on National Mall, Minnesotans Stage General Strike, and Squirrel Causes Power Outage in Arlington",https://washingtonian.com/2026/01/23/minnesota-general-strike-grand-prix-national-mall/?utm_source=rss&utm_medium=rss&utm_campaign=minnesota-general-strike-grand-prix-national-mall,Washingtonian,Andrew Beaujon,Andrew Beaujon,https://washingtonian.com/wp-content/uploads/2025/01/Washingtonian-Today-MSt.png,"(Democracy Docket)

• A lawsuit over the Virginia Department of Corrections’s practice of “arbitrarily keeping people confined solitarily for long periods of time” can move forward, a judge ruled.",United States,Center,Local News Outlet,False,True
175461,2023-10-03,"Marc Elias Firm Sues to Make Absentee Balloting a ""Right""",https://www.independentsentinel.com/marc-elias-firm-sues-to-make-absentee-balloting-a-right/,Independent Sentinel,M Dowling,M Dowling,https://i0.wp.com/www.independentsentinel.com/wp-content/uploads/2022/11/marc-elias.jpg?fit=600%2C400&quality=89&ssl=1,"You got it, Marc Elias, the Hillary attorney who does all he can to loosen the voting requirements so non-eligible voters can vote.",United States,Right,Web Publication,True,True
175482,2024-01-30,Soros-Funded Group Seeks to 'Turn Texas Blue' with Mass Immigration,https://www.breitbart.com/politics/2024/01/30/soros-funded-group-seeks-to-turn-texas-blue-with-mass-immigration/,Breitbart,John Binder,John Binder,https://media.breitbart.com/media/2024/01/GettyImages-1240879781-640x335.jpg,"In an op-ed for Democracy Docket, Voto Latino’s CEO Maria Teresa Kumar urges Democrats to take advantage of the nation’s historically high legal immigration levels, where more than a million legal immigrants are admitted every year, in upcoming elections:

The U.S. Census Bureau recently confirmed that Latinos now outnumber non-Hispanic whites in Texas.",United States,Right,Web Publication,False,True
175481,2024-01-30,Illinois Election Board Votes On Donald Trump Primary Ballot Eligibility,https://100percentfedup.com/illinois-election-board-votes-on-donald-trump-primary-ballot-eligibility/?utm_source=rss&utm_medium=rss&utm_campaign=illinois-election-board-votes-on-donald-trump-primary-ballot-eligibility,100 Percent Fed Up,,,https://100percentfedup.com/wp-content/uploads/2020/12/DonaldTrumpFingerPoint-1200x630.jpg,"pic.twitter.com/61LBaaoPYq — Democracy Docket (@DemocracyDocket) January 30, 2024

The Colorado Supreme Court previously ruled to disqualify Trump from the state’s ballot under the 14th Amendment.",United States,Right,Web Publication,False,True
175424,2023-07-23,"Democrat law firm seeks to overturn Wisconsin high court, allow absentee ballot drop boxes in 2020 redux",https://www.bizpacreview.com/2023/07/23/democrat-law-firm-seeks-to-overturn-wisconsin-high-court-allow-absentee-ballot-drop-boxes-in-2020-redux-1379773/,BizPac Review,"Melissa Fine, Steve Hecht, Michael Matteo, Michael Busler, Michael Letts, Ben Shapiro, Larry Elder, Stephen Moore, Dave Scott","Ben Shapiro, Dave Scott, Larry Elder, Melissa Fine, Michael Busler, Michael Letts, Michael Matteo, Stephen Moore, Steve Hecht",https://www.bizpacreview.com/wp-content/uploads/2023/07/SGVoterDropBoxSGElderlyVoting-1200x630-1.jpeg,"If you’re wondering why the Elias Law Group is ringing a bell, it’s because the founding partner of the firm, Marc Elias was the attorney of record and general counsel for Hillary Clinton’s 2016 presidential campaign.",United States,Right,Web Publication,True,True
175363,2023-04-27,Florida Scores Huge Win for Free and Fair Elections Over Marc Elias and an Obama Judge,https://redstate.com/streiff/2023/04/27/florida-scores-huge-win-for-free-and-fair-elections-over-marc-elias-and-an-obama-judge-n737957,Red State,"Teri Christoph, Bob Hoge, Rusty Weiss, Tommy Sears","Bob Hoge, Rusty Weiss, Teri Christoph, Tommy Sears",https://media.townhall.com/townhall/reu/ha/2023/73/d714954d-596f-458b-aafe-5782afa50252.png,"And almost immediately upon Governor DeSantis signing the bill into law, Marc Elias’s Democracy Docket sued using the Democrat AstroTurf group, League of Women Voters (this is the kind of thing that can convince a feminist that the 19th Amendment was a bad idea) as a plaintiff.",United States,Right,Web Publication,True,True
175275,2024-03-28,South Carolina Allowed To Use Gerrymandered Map Thanks To Supreme Court Delay,https://dailycaller.com/2024/03/28/south-carolina-allowed-gerrymandered-map-thanks-supreme-court-delay/,Daily Caller,Katelynn Richardson,Katelynn Richardson,"https://images.dailycaller.com/image/width=1280,height=549,fit=cover,format=webp,f=auto/https://cdn01.dailycaller.com/wp-content/uploads/2021/01/GettyImages-1229388576-scaled-e1610035658742.jpg","The lower court previously ruled Rep. Nancy Mace’s (R) district is racially gerrymandered.https://t.co/SC7Mb0J0gp — Democracy Docket (@DemocracyDocket) March 28, 2024",United States,Right,Web Publication,False,True
175243,2024-04-20,Hillary Clinton: 'What Trump really wants' is to 'kill his opposition',https://www.foxnews.com/media/hillary-clinton-what-trump-really-wants-kill-opposition,Fox News,Chris Pandolfo,Chris Pandolfo,https://static.foxnews.com/foxnews.com/content/uploads/2024/04/donald-trump-hillary-clinton-split.jpg,"Clinton made those comments on the ""Democracy Docket"" podcast with host Marc Elias, a Democratic election lawyer who previously served as general counsel on her 2016 presidential campaign.",United States,Right,Cable TV News,True,True
175232,2024-04-21,Irony much? Hillary Clinton Says Trump Wants to do as Putin Does to Opponents,https://hotair.com/karen-townsend/2024/04/21/irony-much-hillary-clinton-says-trump-wants-to-do-as-putin-does-to-opponents-n3786938,Hot Air,Karen Townsend,Karen Townsend,https://media.townhall.com/cdn/hodl/2020/232/d9697930-0d14-4847-b5c5-ae6d51d81ef1.jpg,"Advertisement

Hillary Clinton was interviewed on a podcast, ""Democracy Docket"", hosted by her old friend Marc Elias, a Democrat election lawyer.",United States,Right,Web Publication,True,True
175113,2022-11-16,Joy Reid spreads misinformation about Georgians not being able to vote because of Robert E. Lee holiday,https://www.foxnews.com/media/joy-reid-spreads-misinformation-georgians-able-vote-robert-e-lee-holiday,Fox News,Alexander Hall,Alexander Hall,https://static.foxnews.com/foxnews.com/content/uploads/2022/11/510ddd42-Capture.png,"But even Warnock’s own lawsuit, provided by ""voting rights"" platform Democracy Docket, focuses on Thanksgiving and its relation to the following Saturday.",United States,Right,Cable TV News,False,True
175086,2022-11-07,Russia Hoaxer Marc Elias Gloats: Republicans 'Destroyed' in Midterm Election Court Cases,https://www.breitbart.com/politics/2022/11/07/russia-hoaxer-marc-elias-gloats-republicans-destroyed-in-midterm-election-court-cases/,Breitbart,Joel B. Pollak,Joel B. Pollak,https://media.breitbart.com/media/2021/09/AP_19022611225018-640x335.png,"Marc Elias, the Democrat lawyer who played a key role in creating the “Russia collusion” hoax, and who pushed for vote-by-mail in the 2020 election, gloated Monday that Republicans were being “destroyed” in court cases over the 2022 midterm election process.",United States,Right,Web Publication,True,True
175062,2022-10-28,UPDATE: First Amendment Victory for Ballot Box Watchers in Arizona,https://redstate.com/brutalbrittany/2022/10/28/update-first-amendment-victory-for-ballot-box-watchers-in-arizona-n650655,Red State,"Brittany Sheehan, Bob Hoge, Teri Christoph, Rusty Weiss, Tommy Sears","Bob Hoge, Brittany Sheehan, Rusty Weiss, Teri Christoph, Tommy Sears",https://media.townhall.com/townhall/reu/ha/2018/219/a6fb3bc2-34b0-4de9-a79e-67a3f4ff66b9.jpg,"Marc Elias, founder of Democracy Docket, whose law group represents the plaintiff appeared on MSNBC, again, on Friday.",United States,Right,Web Publication,True,True
174680,2024-05-22,Fix To Allow Joe Biden Onto Ohio Ballot Won't Happen Through State Legislature * 100PercentFedUp.com * by Danielle,https://100percentfedup.com/fix-allow-joe-biden-onto-ohio-ballot-wont/?utm_source=rss&utm_medium=rss&utm_campaign=fix-allow-joe-biden-onto-ohio-ballot-wont,100 Percent Fed Up,,,https://100percentfedup.com/wp-content/uploads/2023/04/joe-biden-1200x630.jpg,"pic.twitter.com/ywGLKLq29T — Nick Sortor (@nicksortor) May 22, 2024

“The Republican majority in Ohio’s Legislature won’t pass special legislation to allow President Joe Biden to be on November’s general election ballot, Ohio House Speaker Jason Stephens (R) said on Tuesday,” Democracy Docket stated.",United States,Right,Web Publication,False,True
174645,2024-07-08,ROOKE: Left’s Chief Election Meddler Reportedly Behind ‘Fake News’ Operation Pushing Party Narratives,https://dailycaller.com/2024/07/08/rooke-marc-elias-semafor-report-arizona-website/,Daily Caller,Mary Rooke,Mary Rooke,"https://images.dailycaller.com/image/width=1280,height=549,fit=cover,format=webp,f=auto/https://cdn01.dailycaller.com/wp-content/uploads/2024/07/GettyImages-2155472624-e1720470603416.jpg","Marc E. Elias (@marceelias) July 7, 2024

The story here is that Elias Law Group is trying to get Arizona Citizens Clean Election Commission, the state’s campaign finance regulator, to rule that Star Spangled Media is a media outlet, not an arm of the Democratic Party.",United States,Right,Web Publication,True,True
174546,2024-08-09,"Arizona Judge Declares Key Portions of 2024 Election Manual Unconstitutional, Siding with Election Integrity Advocates",https://www.thegatewaypundit.com/2024/08/arizona-judge-declares-key-portions-2024-election-manual/?utm_source=rss&utm_medium=rss&utm_campaign=arizona-judge-declares-key-portions-2024-election-manual,Gateway Pundit,Jim Hᴏft,Jim Hᴏft,https://www.thegatewaypundit.com/wp-content/uploads/Arizona-Flip-1200x630.jpg,"According to the judge, certain provisions in... pic.twitter.com/fgiv1s3egR — George (@BehizyTweets) August 7, 2024

More from Democracy Docket:

The plaintiff is also challenging part of the EPM that requires political parties to open their primaries to federal-only voters (these are voters who can only vote in federal elections because they have not provided documentary proof of citizenship) who are not registered with a state party by arguing that this provision violates the First Amendment.",United States,Right,Web Publication,False,True
174484,2024-08-21,Nevada Supreme Court Delivers Blow to Democrats: Declines to Block Election Officials from Withholding Certification in Cases of Fraud,https://www.thegatewaypundit.com/2024/08/nevada-supreme-court-delivers-blow-democrats-declines-block/?utm_source=rss&utm_medium=rss&utm_campaign=nevada-supreme-court-delivers-blow-democrats-declines-block,Gateway Pundit,Jim Hᴏft,Jim Hᴏft,https://www.thegatewaypundit.com/wp-content/uploads/2024/08/supreme_court_justices_20240209-1200x630.jpg,"According to the far-left Democracy Docket:

Washoe County Commissioners voted to certify the recount for primary election races on Tuesday after facing legal action for refusing to do so last week.",United States,Right,Web Publication,False,True
174470,2021-03-28,"Democrats tie filibuster, federal voting bill in shadow of Georgia ele",https://www.washingtontimes.com/news/2021/mar/28/democrats-tie-filibuster-federal-voting-bill-shado/?utm_source=RSS_Feed&utm_medium=RSS,Washington Times,"The Washington Times Https, Ryan Lovelace, Https, Www.Washingtontimes.Com Staff Ryan-Lovelace","Ryan Lovelace, The Washington Times Https",https://twt-thumbs.washtimes.com/media/image/2021/03/27/Voting_Legislative_Control_18151.jpg-f6927_c0-234-4928-3108_s1200x700.jpg?6b17b375dec27ffb62a014d602399cf6d5daaca9,"“You don’t need anything else to know that this is nothing but punitive, designed to keep people from voting.”

Election lawyer Marc Elias of the advocacy group Democracy Docket, who represents the groups that brought the lawsuit, said on Twitter that the reason “Georgia criminalized giving food and water to voters stuck in long lines” is because it “disproportionately harms black voters.”

Republican strategist Josh Holmes countered on Twitter that the bill does not criminalize drinking water but prevents political advocates from using Southern hospitality to influence persuadable voters.",United States,Right,Local News Outlet,True,True
174365,2021-06-25,"Colorado Sec. of State Limits Election Audits, While Raging Against 'Voter Suppression Laws' Elsewhere",https://townhall.com/tipsheet/rebeccadowns/2021/06/25/draft-n2591619,Town Hall,"Rebecca Downs, Joseph Chalfant, Dmitri Bolt, Mark Lewis","Dmitri Bolt, Joseph Chalfant, Mark Lewis, Rebecca Downs",https://media.townhall.com/cdn/hodl/2020/310/ba530297-a636-4753-970b-35d76907b1fc.jpg,"In a June 23 piece for Democracy Docket, titled ""The Battle for Democracy is On Your Ballot in 2022,"" Griswold predictably rants about the various election reform laws passed around the country, including in Georgia.",United States,Right,Web Publication,False,True
174426,2024-08-23,Elias Group Tarnishes Watchdog To Keep Bad Voters On NV Rolls,https://thefederalist.com/2024/08/23/marc-elias-footsoldier-tarnishes-watchdog-group-to-keep-illegitimate-voters-on-nevadas-rolls/?utm_source=rss&utm_medium=rss&utm_campaign=marc-elias-footsoldier-tarnishes-watchdog-group-to-keep-illegitimate-voters-on-nevadas-rolls,The Federalist,"Chuck Muth, Chuck Muth Is The President Of The Citizen Outreach Foundation. Pigpen Project Was Launched In January, Is A Project Of The Citizen Outreach Foundation, A C, Non-Profit Organization.","A C, Chuck Muth, Non-Profit Organization.",https://thefederalist.com/wp-content/uploads/2024/08/nejc-soklic-n0zXSVXH5c-unsplash-e1724360343284.jpg,"His Democracy Docket blog and podcast regularly skewer groups and organizations who are working to protect the security and integrity of our elections — including my group, Pigpen Project.",United States,Right,Web Publication,True,True
174409,2021-08-25,"Liberals rip Cheney, Kinzinger for opposing Democrat-backed voting rights bill",https://www.foxnews.com/politics/liberals-rip-cheney-kinzinger-voting-rights-bill,Fox News,Thomas Barrabi,Thomas Barrabi,https://static.foxnews.com/foxnews.com/content/uploads/2021/07/Liz-Cheney-Adam-Kinzinger-1.jpg,"That is a bridge too far for anyone in the GOP,"" said attorney Mark Elias, founder of the progressive voting rights platform Democracy Docket.",United States,Right,Cable TV News,False,True
174400,2024-08-27,You Can't Make This Up: DNC Sues Georgia Election Board for Ensuring Every Vote Reflects the True Will of the People,https://www.thegatewaypundit.com/2024/08/you-cant-make-this-up-dnc-sues-georgia/?utm_source=rss&utm_medium=rss&utm_campaign=you-cant-make-this-up-dnc-sues-georgia,Gateway Pundit,Jim Hᴏft,Jim Hᴏft,https://www.thegatewaypundit.com/wp-content/uploads/2024/02/F776E66B-147D-4FB9-9158-2BA83927CDF6-1-1200x630.jpeg,"According to the far-left Democracy Docket:

The “reasonable inquiry rule” states that a county board can only certify an election “after reasonable inquiry that the tabulation and canvassing of the election are complete and accurate and that the results are a true and accurate accounting of all votes cast in that election.”",United States,Right,Web Publication,False,True
174387,2021-07-08,5th Circuit Keeps Sanctions On Democrat Russia Hoax Lawyer Marc Elias,https://thefederalist.com/2021/07/08/5th-circuit-keeps-sanctions-on-democrat-russia-hoax-lawyer-marc-elias/,The Federalist,"Audrey Unverferth, Audrey Unverferth Is A Senior At The University Of Chicago, Where She Studies Law, Letters, Society, Russian, East European Studies. She Is Also The Co-Founder, Publisher, Editor-In-Chief Of The Chicago Thinker. Follow Her On Twitter","Audrey Unverferth, Letters, Publisher, Russian, Society, Where She Studies Law",https://thefederalist.com/wp-content/uploads/2021/07/Screen-Shot-2021-07-07-at-5.26.19-PM-e1625693511398.png,"Elias ran campaigns to change voting laws and practices to favor Democrats and in 2020 founded Democracy Docket, an organization self-described as “the leading progressive platform dedicated to opinion, advocacy, and information about voting rights, elections, redistricting and democracy.”

Democrats have celebrated Elias and his advocacy, but the 5th U.S. Circuit Court was displeased with him and five of his colleagues at Perkins Coie after they filed a supplemental motion in February that was almost an exact replica of a motion that had been filed and denied in September, “without disclosing the previous denial.”",United States,Right,Web Publication,True,True
174369,2021-06-29,'Progressive Platform' Claims Voter ID Laws 'Disenfranchise' Transgender Voters,https://www.newsbusters.org/blogs/culture/abigail-streetman/2021/06/29/progressive-platform-claims-voter-id-laws-disenfranchise,mrcNewsbusters,"Abigail Streetman, Contributing Writer","Abigail Streetman, Contributing Writer",https://cdn.newsbusters.org/2021-06/dems_0.PNG,"Before we all bid a fond farewell to Pride Month, Democracy Docket, a left-wing platform dedicated to pushing progressive voting policies and reducing election integrity, is addressing one of the most critical issues of the age.",United States,Center,Web Publication,True,True
174355,2024-08-30,California Assembly Passes Bill Banning Local Voter ID Requirements,https://www.breitbart.com/politics/2024/08/30/california-assembly-passes-bill-banning-voter-id-requirements-local-levels/,Breitbart,Elizabeth Weibel,Elizabeth Weibel,https://media.breitbart.com/media/2024/08/filephoto-22-i-voted-sticker-voting-booth-polling-place-ap-640x335.jpg,"The bill’s passage comes after voters in Huntington Beach voted 53.4 percent in support of a ballot initiative that would require residents to show identification in order to vote in elections starting in 2026, according to Democracy Docket.",United States,Right,Web Publication,False,True
174319,2021-04-26,Democratic Pollsters: Here's Why Our 2020 Surveys Were Off...And We Have No Idea How to Fix It,https://townhall.com/tipsheet/mattvespa/2021/04/26/democratic-pollsters-heres-why-our-2020-surveys-were-offand-we-have-no-idea-how-to-fix-it-n2588571,Town Hall,"Matt Vespa, Joseph Chalfant, Dmitri Bolt, Mark Lewis","Dmitri Bolt, Joseph Chalfant, Mark Lewis, Matt Vespa",https://media.townhall.com/cdn/hodl/2018/310/c20550e9-5da8-480e-ab5c-8d0009e9203b.jpg,"In the end, this group of lefty survey takers said the two areas that knocked the polls of kilter was turnout and measurement (via Democracy Docket):",United States,Right,Web Publication,False,True
174306,2021-04-16,BREAKING EXCLUSIVE: Hillary's Attorney Marc Elias Inserts Himself Into the Arizona Senate Audit of Maricopa County,https://www.thegatewaypundit.com/2021/04/breaking-exclusive-hillarys-attorney-marc-elias-inserted-arizona-senate-audit-maricopa-county-using-massive-network-attack/,Gateway Pundit,Joe Hoft,Joe Hoft,https://www.thegatewaypundit.com/wp-content/uploads/Marc-Elias-Twitter-1200x630.jpg,"This demonstrates a smooth, seamless connection between attorney Marc Elias and his Democracy Docket and Four Pillars lawfare operation and its related, Democrat-progressive-co-opted nonprofit empire and Howard Fischer, the far-left, progressive media mouthpiece and his empire in Arizona, Capitol Media Services.",United States,Right,Web Publication,True,True
174098,2021-10-21,'Ingraham Angle' on Biden's war on energy,https://www.foxnews.com/transcript/ingraham-angle-on-bidens-war-on-energy-worsens-economy-and-security,Fox News,,,https://cf-images.us-east-1.prod.boltdns.net/v1/static/694940094001/150b05b8-adb4-4d9f-8f5a-bff0b10ae5c5/0178a95a-f31d-4ca3-9ca8-96250da35d18/1280x720/match/image.jpg,"(BEGIN VIDEO CLIP)



BRIAN STELTER, CNN HOST: How do you handle that intense scrutiny, that coverage, that criticism from right wing media?



MARC ELIAS, FOUNDER, DEMOCRACY DOCKET: I tend to take it head on, because I think that ignoring it.",United States,Right,Cable TV News,True,True
174049,2024-10-14,SPERRY: Trump's Toughest Foe Could Be Harris Lawyer Marc Elias,https://www.thegatewaypundit.com/2024/10/sperry-trumps-toughest-foe-could-be-harris-lawyer/,Gateway Pundit,Cristina Laila,Cristina Laila,https://www.thegatewaypundit.com/wp-content/uploads/Marc-Elias-2.jpg,"So far in this election cycle, the latest FEC filings show the Elias Law Group has received a total of more than $22 million in disbursements from a host of major Democratic and anti-Trump clients.",United States,Right,Web Publication,True,True
174024,2020-12-16,"Marc Elias, Democrat Lawyer Behind Russia 'Dossier,' Involved in Seven Lawsuits over Georgia Senate Runoff",https://www.breitbart.com/politics/2020/12/16/marc-elias-democrat-lawyer-behind-russia-dossier-involved-in-seven-lawsuits-over-georgia-senate-runoff/,Breitbart,Joel B. Pollak,Joel B. Pollak,https://media.breitbart.com/media/2020/12/Marc-Elias-Associated-Press-640x335.jpg,"Marc Elias, the Democrat lawyer behind the Russia “dossier” in 2016, and a slew of lawsuits to expand vote-by-mail in the 2020 presidential election, is involved in seven lawsuits regarding the rules for the Georgia Senate runoff to be held Jan. 5.",United States,Right,Web Publication,True,True
173907,2020-09-28,Wisconsin voters win protection against strict voter ID law,https://www.foxnews.com/politics/wisconsin-voters-protection-voter-id-law,Fox News,Brittany De Lea,Brittany De Lea,https://static.foxnews.com/foxnews.com/content/uploads/2020/09/AP20268016035215.jpg,"A Wisconsin federal court ordered the provision to give greater protections to residents disenfranchised by the state's voter ID law, as first reported by Democracy Docket reporter Mark Elias on Twitter.",United States,Right,Cable TV News,False,True
173659,2020-03-22,"Hillary Clinton moves in on virus crisis, seeks to shake up voting forever",https://www.wnd.com/2020/03/hillary-clinton-uses-coronavirus-crisis-call-make-voting-mail-norm/?utm_source=facebook&utm_medium=wnd&utm_campaign=wjstudio&utm_content=2020-03-22&fbclid=IwAR3nSofU2BBgtmTl6KNLJHZr-KyLn0j63t3mnkfeWL2Vui4pQ9C3pER89NA,World Net Daily,Western Journal,Western Journal,https://www.wnd.com/wp-content/uploads/2015/08/hillary-clinton-newspaper-600-1200x630.jpg,"The former secretary of state and failed presidential candidate shared a tweet Wednesday by Democratic Party attorney Marc Elias, who framed the push for voting by mail as an effort to keep voters safe and elections on track in the wake of the coronavirus pandemic.",United States,Right,Web Publication,True,True
173603,2024-11-21,Dem attorneys general prepare for legal battle with Trump after filing hundreds of challenges last term,https://www.foxnews.com/politics/dem-attorneys-general-prepare-legal-battle-trump-challenges-last-term,Fox News,Charles Creitz,Charles Creitz,https://static.foxnews.com/foxnews.com/content/uploads/2024/11/1397f8c9-trump.jpg,"""Obviously, Trump’s [first] administration turned out to be a train wreck for our country and his efforts to trample on the rights of Americans and Washingtonians on our environment, reproductive freedom; the list goes on,"" Ferguson told Democracy Docket in October.",United States,Right,Cable TV News,False,True
173572,2024-12-10,"Sperry: After 2024 Losses, Hardball Democrat Lawyer Marc Elias Vows to Fight in '26 and '28",https://www.thegatewaypundit.com/2024/12/sperry-after-2024-losses-hardball-democrat-lawyer-marc/,Gateway Pundit,Cristina Laila,Cristina Laila,https://www.thegatewaypundit.com/wp-content/uploads/Marc-Elias-2.jpg,"“They want people who aren’t registered, don’t have IDs, or live out of state to be counted,” he said on X.

After the election, Elias complained he had lost more than 50,000 followers on X. He has used the political platform to plug his digital newsletter, “Democracy Docket,” and attract paid subscribers for the for-profit website, which he started in 2020.",United States,Right,Web Publication,True,True
173540,2022-04-22,New York Appeals Court Finds Absurd Gerrymandered Congressional Maps Are in Violation of State Constitution,https://townhall.com/tipsheet/rebeccadowns/2022/04/22/nys-gerrymandering-court-case-n2606228,Town Hall,"Rebecca Downs, Joseph Chalfant, Matt Vespa, Jeff Charles, Dmitri Bolt","Dmitri Bolt, Jeff Charles, Joseph Chalfant, Matt Vespa, Rebecca Downs",https://media.townhall.com/cdn/hodl/2022/6/f71f8a1d-689d-4c22-8acc-97a1ef36745d.jpg,"NY's highest court, the NYS Court of Appeals, will hear the case next Tuesday at 11AM, according to the AP:https://t.co/1JgKO6b0Yv — RRH Elections (@RRHElections) April 22, 2022

The progressive Democracy Docket chimed in with a tweet about the court's findings, noting that the state lawmakers have until April 30 to redraw the maps.",United States,Right,Web Publication,False,True
171246,2025-05-21,'Multi-pronged assault': Republicans launch new attack on voting rights,https://www.alternet.org/voters-election-gop/,Alternet,Ailia Zehra,Ailia Zehra,https://www.alternet.org/media-library/image.jpg?id=54170748&width=1200&height=600&coordinates=0%2C575%2C0%2C575,"The Supreme Court may soon consider a Republican-led legal challenge that seeks to prevent states from counting mail-in ballots received after Election Day, Democracy Docket reported Wednesday.",United States,Left,Web Publication,False,True
173366,2022-02-16,You Will Never Guess Who's in Charge of the $60 Million in Black Lives Matter Assets,https://pjmedia.com/news-and-politics/rick-moran/2022/02/16/you-will-never-guess-whos-in-charge-of-the-60-million-in-black-lives-matter-assets-n1559825,PJ Media,"Rick Moran, Scott Pinsker, Victoria Taft, Catherine Salgado, Kevin Downey Jr.","Catherine Salgado, Kevin Downey Jr., Rick Moran, Scott Pinsker, Victoria Taft",https://media.townhall.com/townhall/reu/ha/2020/220/73255508-6484-4f76-88f6-2d0cdbc5b9d0.jpg,"“The latest filing’s addition of partisan lawyer Marc Elias confirms the group is more political than charitable,” Scott Walter, the president of the Capital Research Center, a conservative investigative nonprofit group, told the Washington Examiner.",United States,Right,Web Publication,True,True
173290,2022-01-30,Democrat Lawyer Behind Russia Hoax Attacks Press Freedom After NYT Exposé; Deletes Tweets,https://www.breitbart.com/the-media/2022/01/30/democrat-lawyer-behind-russia-hoax-attacks-press-freedom-after-nyt-expose-deletes-tweets/,Breitbart,Joel B. Pollak,Joel B. Pollak,https://media.breitbart.com/media/2021/09/AP_19022611225018-640x335.png,"Democrat lawyer Marc Elias, one of the main players behind the “Russia collusion” hoax in the 2016 election, called for the freedom of the press to be curtailed in response to a New York Times article allegedly exposing his “dark money” sources.",United States,Right,Web Publication,True,True
173152,2025-06-08,Supreme Court Allows Pennsylvania to Count Provisional Ballots by Voters Who Make Mistakes on Their Mail-In Ballots,https://www.thegatewaypundit.com/2025/06/supreme-court-allows-pennsylvania-count-provisional-ballots-voters/,Gateway Pundit,Jim Hoft,Jim Hoft,https://www.thegatewaypundit.com/wp-content/uploads/2024/10/img_8174-scaled.jpeg,"According to the far-left Democracy Docket, “Pennsylvania is among a few states that require individuals who vote by mail to place their ballots in an inner secrecy envelope before then putting them in an outer envelope.",United States,Right,Web Publication,False,True
172865,2025-07-30,Texas Republicans Release New Congressional Map That Could Hand GOP 5 More Seats,https://www.thegatewaypundit.com/2025/07/texas-republicans-release-new-congressional-map-that-could/,Gateway Pundit,Jim Hᴏft,Jim Hᴏft,https://www.thegatewaypundit.com/wp-content/uploads/2025/07/screenshot-2025-07-30-at-2.45.16pm-1200x630.jpg,"Far-left Democracy Docket reported:

The Houston area is drastically redrawn, with most of the change falling on District 9, the seat held by Rep. Al Green (D), and District 18, the seat that has been open since Rep. Sylvester Turner (D) died in March.",United States,Right,Web Publication,False,True
172849,2025-08-04,TEXAS: Arrest Warrants APPROVED For Democrat Lawmakers Who Broke Quorum,https://100percentfedup.com/just-arrest-warrants/?utm_source=rss&utm_medium=rss&utm_campaign=just-arrest-warrants,100 Percent Fed Up,,,https://100percentfedup.com/wp-content/uploads/2025/08/img_4432-1200x630.jpg,"“A warrant issued by the Texas House is not effective out of the state unless another state chooses to domesticate it and enforce it under that state’s laws,” Chad Dunn, a longtime Texas election and voting rights lawyer, told Democracy Docket.",United States,Right,Web Publication,False,True
172836,2025-08-26,Outrageous: Circuit Court Rules that Tossing Away Mail-in Ballots with Missing or Incorrect Dates Violates the Constitution,https://www.thegatewaypundit.com/2025/08/outrageous-circuit-court-rules-that-tossing-away-mail/,Gateway Pundit,Cullen Linebarger,Cullen Linebarger,https://www.thegatewaypundit.com/wp-content/uploads/2024/11/depositphotos_456608330_xl-1200x630.jpg,"As far-left Democracy Docket notes, this lawsuit stems from one in 2022 challenging the state’s orders to county boards of elections not to count a mail-in ballot that was supposedly cast on time but missing a date, or containing the wrong date on the outer return envelopes.",United States,Right,Web Publication,False,True
172835,2025-08-26,Leftist Media Spreads Lies On Trump's Election Integrity Watchdog,https://thefederalist.com/2025/08/26/left-wing-media-spreads-falsehoods-about-trumps-new-election-integrity-watchdog/?utm_source=rss&utm_medium=rss&utm_campaign=left-wing-media-spreads-falsehoods-about-trumps-new-election-integrity-watchdog,The Federalist,"Beth Brelje, Beth Brelje Is An Award-Winning Investigative Journalist With Decades Of Media Experience.",Beth Brelje,https://thefederalist.com/wp-content/uploads/2025/08/Vote-Booth-.png,"Democrat operative Marc Elias, possibly the king of election lawfare, is so threatened by Honey’s new position that he has launched into hyperdrive attacking her on his far-left page, Democracy Docket, where one of his writers, Matt Cohen, has published an inaccurate hit piece smearing Honey.",United States,Right,Web Publication,True,True
172810,2025-11-11,We're Not Making This Up: Watch Jasmine Crockett Warn Trump Could Use Dominion Voting Machines to Rig Election,https://www.westernjournal.com/not-making-watch-jasmine-crockett-warn-trump-use-dominion-voting-machines-rig-election/,The Western Journal,"C. Douglas Golden, Samuel Short, Jack Davis, Michael Schwarz, Randy Desoto, Bryan Chai, Contributor, C. Douglas Golden Is A Writer Who Splits His Time Between The United States, Southeast Asia. Specializing In Political Commentary, World Affairs","Bryan Chai, C. Douglas Golden, Jack Davis, Michael Schwarz, Randy Desoto, Samuel Short, World Affairs",https://www.westernjournal.com/wp-content/uploads/2025/11/Jasmine-Crockett.jpg,"Anyhow, Crockett was appearing on the “Democracy Docket” podcast, hosted by powerful Democratic Party attorney Marc Elias.",United States,Right,Web Publication,True,True
172807,2025-11-12,BOMBSHELL: Christina Bobb Exposes Names of Democrat Dirtbags Behind Alleged $200K Payments For Prosecution of GOP Electors,https://www.thegatewaypundit.com/2025/11/bombshell-christina-bobb-exposes-names-democrat-dirtbags-behind/,Gateway Pundit,Patty Mcmurray,Patty Mcmurray,https://www.thegatewaypundit.com/wp-content/uploads/2025/11/kris-mayes.jpeg,"Bobb makes the case for the Marc Elias connection

The attorney and law firm listed on the organization’s Tax Form 990 is Marc Elias, another prominent Democrat attorney

whose website boasts is “a mission-driven firm committed to helping democrats win, citizens vote, and progressives make change.”",United States,Right,Web Publication,True,True
172780,2026-01-26,DOJ torches Democrats for 'shamelessly lying' about Minnesota voter roll request,https://www.foxnews.com/politics/doj-torches-democrats-shamelessly-lying-about-minnesota-voter-roll-request,Fox News,Ashley Oliver,Ashley Oliver,https://static.foxnews.com/foxnews.com/content/uploads/2025/11/pam-bondi-points-finger.png,"Democratic voting rights lawyer Marc Elias' Democracy Docket claimed Bondi was using the killing of Alex Pretti as ""blackmail"" for voter rolls.",United States,Right,Cable TV News,True,True
172779,2026-01-27,"Three New Rulings, One Goes President Trump's Way",https://www.independentsentinel.com/three-new-rulings-one-goes-president-trumps-way/,Independent Sentinel,"M Dowling, Tim Kuehl, Captain Tripps, Canadian Friend","Canadian Friend, Captain Tripps, M Dowling, Tim Kuehl",https://www.independentsentinel.com/wp-content/uploads/2026/01/shutterstock_645149488-scaled.jpg,"A federal judge in the U.S. District Court for the District of Oregon shot down the administration’s attempts to retrieve the state’s voter rolls, according to a report by Democracy Docket.",United States,Right,Web Publication,False,True
172776,2026-02-07,Pinocchio News Award Goes to the Most Rasically Headline Ever!,https://www.independentsentinel.com/pinocchio-news-award-goes-to-the-most-rasically-headline-ever/,Independent Sentinel,"M Dowling, Rod Martin, Canadian Friend","Canadian Friend, M Dowling, Rod Martin",https://www.independentsentinel.com/wp-content/uploads/2021/11/iStock-1029874134.jpg,"And the award goes to Democracy Docket...

The Democracy Docket is passing off voter security as voter suppression.",United States,Right,Web Publication,False,True
172773,2023-11-21,Radical Appeals Ruling Could End Voting Rights Act,https://crooksandliars.com/2023/11/radical-legal-ruling-could-block,Crooks and Liars,Susie Madrak,Susie Madrak,https://crooksandliars.com/files/embeds/2023/11/58154.jpg,This decision also bars enormously successful groups like Democracy Docket from filing suit.,United States,Left,Web Publication,False,True
172768,2023-11-28,Cheers and Jeers: Tuesday,https://www.dailykos.com/stories/2023/11/28/2207954/-Cheers-and-Jeers-Tuesday?pm_campaign=blog&pm_medium=rss&pm_source=,Daily Kos,,,https://images.dailykos.com/images/1016107/story_image/CheersandJeerssharpedgelogo.jpg?1639234149,"Democracy Docket Marc Elias runs the leading progressive source for information, analysis and opinion about voting rights, elections and democracy, and he spends a lot of time in courtrooms around the country winning cases against the election deniers.",United States,Left,Web Publication,True,True
172760,2023-12-18,Cheers and Jeers: Monday,https://www.dailykos.com/stories/2023/12/18/2211963/-Cheers-and-Jeers-Monday?pm_campaign=blog&pm_medium=rss&pm_source=,Daily Kos,,,https://images.dailykos.com/images/1016107/story_image/CheersandJeerssharpedgelogo.jpg?1639234149,"Friday evening, Saint Marc Elias at Democracy Docket, an organization that's kryptonite to right-wing vote suppressors, delivered a stocking full of good news in his daily email blast.",United States,Left,Web Publication,True,True
172759,2023-12-20,GOP planning 'attack on the courts' in key swing state ahead of 2024 election: attorney,https://www.alternet.org/republicans-courts-2024/,Alternet,Carl Gibson,Carl Gibson,https://www.alternet.org/media-library/image.jpg?id=26425352&width=1200&height=600&coordinates=0%2C160%2C0%2C160,"Marc Elias — the election attorney who represented the Democratic National Committee in court for more than a decade — is warning that Republican state lawmakers are planning to deploy a ""bogus legal theory"" to challenge election results in a must-win battleground state.",United States,Left,Web Publication,True,True
172751,2023-12-29,Democrats target GOP extremists as they look to build power in state legislatures,https://www.dailykos.com/stories/2023/12/29/2214261/-Democrats-target-GOP-extremists-as-they-look-to-build-power-in-state-legislatures?pm_campaign=blogpm_medium=rsspm_source=main,Daily Kos,,,https://images.dailykos.com/images/1259802/story_image/AP23258734726237.jpg?1703800338,"In an article for Democracy Docket, Williams touts 2024 as “the year of the states,” calling state legislative races “the Democrats’ secret weapon” for the upcoming election.",United States,Left,Web Publication,False,True
172744,2024-01-21,'This is what he wants': Lawyer explains 'clear and present danger' of not taking Jan. 6 more 'seriously',https://www.alternet.org/present-danger-jan-6-seriously/,Alternet,Maya Boddie,Maya Boddie,https://www.alternet.org/media-library/image.png?id=51142946&width=1200&height=600&coordinates=0%2C0%2C0%2C126,"During a conversation with MSNBC's The Weekend co-host Symone Sanders Townsend, lawyer and Democracy Docket Founder Marc Elias stressed how critical it is for Americans to recognize that the political issues they stand for and vote on cannot be achieved under a second Donald Trump presidency, because democracy will fall.",United States,Left,Web Publication,True,True
172732,2023-12-04,Exclusive: A prominent election rights lawyer is calling out Atlanta’s voter suppression on Cop City referendum,https://www.motherjones.com/politics/2023/12/exclusive-cop-city-voter-suppression-marc-elias-atlanta-city-council-memo-referendum-signature-matching/,Mother Jones,"Eamon Whalen, Nia T. Evans, Arianna Coghill, Dharna Noor, Rob Schenck, Katie Herchenroeder, Sam Van Pykeren, Matthew Taylor, Jeremy Schulman","Arianna Coghill, Dharna Noor, Eamon Whalen, Jeremy Schulman, Katie Herchenroeder, Matthew Taylor, Nia T. Evans, Rob Schenck, Sam Van Pykeren",https://www.motherjones.com/wp-content/uploads/2023/12/12042023_stop-cop-city-lawyer_2000.jpg?w=1200&h=630&crop=1,"“The right to vote is sacrosanct and citizens petitioning their government for direct democracy deserve to have their signatures fairly verified and their voices heard.”

Sharkey, who specializes in ballot referendums, co-authored a report for Democracy Docket—a media project and database from Elias that tracks election and voting-rights-related legal cases—arguing that Republicans are becoming “increasingly hostile” to ballot referendums.",United States,Left,Opinion Journal,True,True
172731,2023-12-04,Cheers and Jeers: Monday,https://www.dailykos.com/story/2023/12/4/2209261/-Cheers-and-Jeers-Monday?pm_campaign=blog&pm_medium=rss&pm_source=,Daily Kos,,,https://images.dailykos.com/images/1016107/story_image/CheersandJeerssharpedgelogo.jpg?1639234149,"I get the weekday evening updates—always at 6 o’clock sharp—from Marc Elias and his defenders of free and fair elections at Democracy Docket, and late last week there were some developments worth passing along to you, my beloved unwashed rabble:

» Georgia Republicans released new proposed congressional and legislative maps.",United States,Left,Web Publication,True,True
172727,2023-11-28,Cheers and Jeers: Tuesday,https://www.dailykos.com/story/2023/11/28/2207954/-Cheers-and-Jeers-Tuesday?pm_campaign=blog&pm_medium=rss&pm_source=,Daily Kos,,,https://images.dailykos.com/images/1016107/story_image/CheersandJeerssharpedgelogo.jpg?1639234149,"Democracy Docket Marc Elias runs the leading progressive source for information, analysis and opinion about voting rights, elections and democracy, and he spends a lot of time in courtrooms around the country winning cases against the election deniers.",United States,Left,Web Publication,True,True
172723,2023-11-23,Cheers and Jeers: Family Dysfunction Awareness Day,https://www.dailykos.com/stories/2023/11/23/2207288/-Cheers-and-Jeers-Family-Dysfunction-Awareness-Day?pm_campaign=blog&pm_medium=rss&pm_source=main,Daily Kos,,,https://images.dailykos.com/images/779599/story_image/CheersandJeerslogo.jpg?1584578032,"The diverse slate of Biden’s 150 federal judges confirmed by the Senate, with many more to come The #5 thing on internet lists that actually SHOCK me

-

Ukraine’s continued humiliation of Russia

-

Ta-Nehisi Coates, Joy Reid, Bishop William Barber, Al Sharpton, Charlie Pierce, Charles Blow, John Nichols, Howard Dean, E.J. Dionne, Eugene Robinson, David K. Johnston, Paul Krugman, Elie Mystal

Marc Elias at Democracy Docket, for winning so many court cases against MAGA lawyers trying to steal elections

The Kagro in the Morning radio show

Naomi Klein, Marcy Wheeler, Rachel Maddow, Chris Hayes, Daniel Dale, David Corn, Lawrence O’Donnell, Nicolle Wallace

Atrios, Digby, Charles M. Blow, Joe Jervis, Michelangelo Signorile, Dan Savage, Leonard Pitts, Lizz Winstead

Media Matters, The Hispanic Federation, The Southern Poverty Law Center, PFAW, PFLAG, 350.org, RAICES, March for Our Lives, Indivisible, Leaders We Deserve, Black Lives Matter, Run For Something, Planned Parenthood, NAACP, IAVA, ACLU, and the many other advocacy organizations that prevent the worst of the MAGA cult’s abuses, often in coordination with each other

Jimmy and Rosalynn (RIP) Carter Bill and Hillary Clinton Barack and Michelle Obama Joe and Jill Biden

-

DRAG QUEENS

-",United States,Left,Web Publication,True,True
172708,2023-10-21,The GOP’s secret to protecting gerrymandered electoral maps? Claim privilege,https://www.dailykos.com/story/2023/10/21/2200444/-The-GOP-s-secret-to-protecting-gerrymandered-electoral-maps-Claim-privilege?pm_campaign=blog&pm_medium=rss&pm_source=,Daily Kos,,,https://images.dailykos.com/images/1238694/story_image/GettyImages-857076608.jpg?1697753558,"The lawsuits are taking so long to resolve that six states conducted their 2022 elections under maps that had been ruled illegal by lower courts, according to a recent analysis by Democracy Docket, a progressive website that tracks redistricting cases.",United States,Left,Web Publication,False,True
172706,2023-10-19,This is the GOP’s secret to protecting gerrymandered electoral maps,https://www.alternet.org/gop-gerrymandering-2666029535/,Alternet,Marilyn W. Thompson,Marilyn W. Thompson,https://www.alternet.org/media-library/image.jpg?id=26792334&width=1200&height=600&coordinates=0%2C18%2C0%2C19,"The lawsuits are taking so long to resolve that six states conducted their 2022 elections under maps that had been ruled illegal by lower courts, according to a recent analysis by Democracy Docket, a progressive website that tracks redistricting cases.",United States,Left,Web Publication,False,True
172689,2023-09-24,NC Politics Still a Tough Play for Millennials and Gen Z,https://indyweek.com/news/nc-politics-still-a-tough-play-for-millennials-and-gen-z/,Indy Week,Grace Vitaglione,Grace Vitaglione,https://indyweek.com/wp-content/uploads/2023/09/Dem-leaders.jpg,"North Carolina has been known as one of the most gerrymandered states in the country since the 1990s, an analysis by Democracy Docket found.",United States,Center,Local News Outlet,False,True
172684,2023-09-11,'It’s getting worse': Legal experts brace for what 'desperate' Trump will 'do to stay free',https://www.alternet.org/trump-do-to-stay-free/,Alternet,Maya Boddie,Maya Boddie,https://www.alternet.org/media-library/image.jpg?id=38334207&width=1200&height=600&coordinates=0%2C0%2C0%2C167,"Democracy Docket founder Marc Elias is ""really worried"" about what ex-President Donald Trump might do next.",United States,Left,Web Publication,True,True
172671,2024-02-20,The long era of Republican gerrymandering in Wisconsin may finally be over,https://www.motherjones.com/politics/2024/02/republican-gerrymandering-new-maps-wisconsin-tony-evers/,Mother Jones,"Ari Berman, Katie Herchenroeder, Matthew Taylor, Rob Schenck, Sam Van Pykeren, Jeremy Schulman, Kathiann M. Kowalski, National Voting Rights Correspondent","Ari Berman, Jeremy Schulman, Kathiann M. Kowalski, Katie Herchenroeder, Matthew Taylor, National Voting Rights Correspondent, Rob Schenck, Sam Van Pykeren",https://www.motherjones.com/wp-content/uploads/2024/02/AP24050581585655.jpg?w=1200&h=630&crop=1,"“If we get these new maps, the governor’s maps, signed by the Republicans, it’s more than likely that there’ll be a challenge in the 7th Circuit Court,” Wisconsin Democratic Congressman Mark Pocan told Democracy Docket.",United States,Left,Opinion Journal,False,True
172665,2023-08-21,Cheers and Jeers: Monday,https://www.dailykos.com/story/2023/8/21/2188087/-Cheers-and-Jeers-Monday?pm_campaign=blog&pm_medium=rss&pm_source=,Daily Kos,,,https://images.dailykos.com/images/1016107/story_image/CheersandJeerssharpedgelogo.jpg?1639234149,"Over to you, Democracy Docket...

One of the now-blocked provisions required election officials to reject a voter’s absentee ballot if the birth date written on an outer ballot envelope did not match the birth date listed in a voter’s registration record.",United States,Left,Web Publication,False,True
172656,2023-08-17,What Fani Willis has up her sleeve,https://www.palmerreport.com/analysis/what-fani-willis-has-up-her-sleeve/51635/,Palmer Report,Shirley Kennedy,Shirley Kennedy,https://www.palmerreport.com/wp-content/uploads/2019/06/donald-trump-6.jpg,"Democracy Docket tweeted (or whatever you call it now) late yesterday afternoon that Willis has requested a March 4, 2024, trial date, but UPI News went into greater detail.",United States,Left,Web Publication,False,True
172653,2023-08-14,Cheers and Jeers: Monday,https://www.dailykos.com/stories/2023/8/14/2186688/-Cheers-and-Jeers-Monday?pm_campaign=blog&pm_medium=rss&pm_source=main,Daily Kos,,,https://images.dailykos.com/images/1016107/story_image/CheersandJeerssharpedgelogo.jpg?1639234149,"Marc Elias ✔ The federal judge in Washington, D.C overseeing the election subversion case against former President Donald Trump ruled that Trump is prohibited from publicly discussing sensitive materials, which she said can include witness testimony and recordings.",United States,Left,Web Publication,True,True
172647,2023-08-01,Cheers and Jeers: Tuesday,https://www.dailykos.com/story/2023/8/1/2184243/-Cheers-and-Jeers-Tuesday?pm_campaign=blog&pm_medium=rss&pm_source=,Daily Kos,,,https://images.dailykos.com/images/1016107/story_image/CheersandJeerssharpedgelogo.jpg?1639234149,"Weeks 'til the Ohio special election to decide if it should now take 60 percent of the vote to pass a citizens referendum instead of 50 percent: 1

Days 'til the 28th annual Clam Festival in Highlands, New Jersey: 3

Number of lawsuits challenging congressional maps in 12 states, according to Democracy Docket: 27

Number of U.S. House districts that could be impacted by the outcome of those lawsuits: 40

Percent of Maine's energy needs that will be delivered via offshore wind by 2040: 50%

Drop in Exxon Mobil's profits during the 2nd quarter: -56%

Richter Scale reading of seismic activity caused recently by Taylor Swift Fans at a concert in Seattle: 2.3

-

Puppy Pic of the Day:",United States,Left,Web Publication,False,True
172643,2023-07-15,"From the classroom to the ballot box, the party of Trump has launched a war on young voters",https://www.dailykos.com/story/2023/7/15/2170679/-From-the-classroom-to-the-ballot-box-the-party-of-Trump-has-launched-a-war-on-young-voters?pm_campaign=blog&pm_medium=rss&pm_source=,Daily Kos,,,https://images.dailykos.com/images/314037/story_image/getty.png?1476809041,"🧵 https://t.co/piHK85c43A — Democracy Docket (@DemocracyDocket) April 20, 2023

Democratic election attorney Marc Elias made a compelling point to The Washington Post about Mitchell’s slanderous remarks: “Imagine if in every place in this presentation where she references campuses, she talked about African Americans.",United States,Left,Web Publication,True,True
172634,2023-06-29,Cheers and Jeers: Thursday,https://www.dailykos.com/story/2023/6/29/2178037/-Cheers-and-Jeers-Thursday?pm_campaign=blog&pm_medium=rss&pm_source=,Daily Kos,,,https://images.dailykos.com/images/1016107/story_image/CheersandJeerssharpedgelogo.jpg?1639234149,"As with all things voting-related, I turn to Democracy Docket's Marc Elias for perspective, since he lives to protect voting and election rights in courtrooms across the country.",United States,Left,Web Publication,True,True
172614,2023-06-08,How The Supreme Court’s Alabama Decisions Affected The 2022 Election — And Could Shape 2024,https://talkingpointsmemo.com/news/supreme-court-alabama-2022-2024-election,Talking Points Memo,"Kate Riga, Is A D.C. Reporter For Tpm, Cohost Of The Josh Marshall Podcast., Updated, .Wp-Block-Co-Authors-Plus-Coauthors.Is-Layout-Flow, Class, Wp-Block-Co-Authors-Plus, Display Inline, .Wp-Block-Co-Authors-Plus-Avatar, Where Img","Cohost Of The Josh Marshall Podcast., Is A D.C. Reporter For Tpm, Kate Riga",https://talkingpointsmemo.com/wp-content/uploads/2023/06/full-scotus.jpg?w=804,"Democracy Docket, a Democratic-aligned website that tracks redistricting cases, found that Thursday’s decision will affect redistricting cases in Alabama, Arkansas, Georgia, Kansas, Louisiana, Michigan, Mississippi, North Dakota, Texas and Washington — though the states Spencer tallied plus Alabama will likely have the most direct effect on congressional seats.",United States,Left,Web Publication,False,True
172612,2023-06-08,Why legal experts say SCOTUS 'surprise' voting rights decision could have big implications for Democrats,https://www.alternet.org/scotus-2661137429/,Alternet,"David Badash, The New Civil Rights Movement","David Badash, The New Civil Rights Movement",https://www.alternet.org/media-library/revealed-four-supreme-court-justices-attended-right-wing-gala-further-endangering-scotus-credibility.png?id=32083054&width=1200&height=600&coordinates=0%2C117%2C0%2C118,"This is a HUGE surprise and a major voting rights victory.”

Democracy Docket, the website founded by Marc Elias, the voting rights attorney who won 63 of the 64 court cases Donald Trump and his allies filed to contest the 2020 presidential election, also served up a similar response on social media, calling it “a massive victory for voting rights.”",United States,Left,Web Publication,True,True
172608,2023-06-08,"SCOTUS 'Surprise' Voting Rights Decision Could – and Did – Have Big Implications for Democrats, Legal Experts Say",https://www.thenewcivilrightsmovement.com/2023/06/scotus-surprise-voting-rights-decision-could-and-did-have-big-implications-for-democrats-legal-experts-say/,The New Civil Rights Movement,David Badash,David Badash,http://www.thenewcivilrightsmovement.com/wp-content/uploads/2021/12/supreme-court-scotus-ss-4.jpg,"This is a HUGE surprise and a major voting rights victory.”

Democracy Docket, the website founded by Marc Elias, the voting rights attorney who won 63 of the 64 court cases Donald Trump and his allies filed to contest the 2020 presidential election, also served up a similar response on social media, calling it “a massive victory for voting rights.”",United States,Center,Web Publication,True,True
172607,2023-06-08,Jaws drop as Supreme Court — including Brett Kavanaugh — shoots down racist Alabama congressional map,https://www.alternet.org/supreme-court-2661137183/,Alternet,Alex Henderson,Alex Henderson,https://www.alternet.org/media-library/image.jpg?id=34002975&width=1200&height=600&coordinates=0%2C106%2C0%2C107,"""

Democracy Docket praised the Court's decision as a ""win for voters.""",United States,Left,Web Publication,False,True
172588,2023-05-03,Texas Lege Well Into Annual WTF Season,https://www.wonkette.com/texas-lege-well-into-annual-wtf-season,Wonkette,Doktor Zoom,Doktor Zoom,"https://substackcdn.com/image/fetch/$s_!AC0X!,w_1200,h_675,c_fill,f_jpg,q_auto:good,fl_progressive:steep,g_auto/https%3A%2F%2Fsubstack-post-media.s3.amazonaws.com%2Fpublic%2Fimages%2Fb5e7b328-442a-44fe-a297-76c8ec8e98fb_600x409.jpeg",[ Democracy Docket / Houston Chronicle / Houston Chronicle (gift link)],United States,Left,Web Publication,False,True
172587,2023-05-03,"This Island Is The Hawaii Of Europe! Tabs, Wed., May 3, 2023",https://www.wonkette.com/this-island-is-the-hawaii-of-europe-tabs-wed-may-3-2023,Wonkette,Rebecca Schoenkopf,Rebecca Schoenkopf,"https://substackcdn.com/image/fetch/$s_!d5q3!,w_1200,h_675,c_fill,f_jpg,q_auto:good,fl_progressive:steep,g_auto/https%3A%2F%2Fsubstack-post-media.s3.amazonaws.com%2Fpublic%2Fimages%2Ff2086f69-3d0c-4f50-b39a-28fbc9d14c86_230x153.gif","Nah. — Democracy Docket

Texas Lege passes bill to let Greg Abbott overturn Harris County (Houston) elections any time he wants.",United States,Left,Web Publication,False,True
172583,2023-04-24,"GOP tries to keep abortion rights off ballot after major losses: 'Can’t win, so they cheat'",https://www.alternet.org/abortion-gop-2659902814/,Alternet,"Jake Johnson, Common Dreams","Common Dreams, Jake Johnson",https://www.alternet.org/media-library/image.jpg?id=27640651&width=1200&height=600&coordinates=0%2C81%2C0%2C82,"In January alone, Missouri Republicans introduced a dozen bills aimed at undercutting the ballot initiative process and weakening citizen lawmaking.

Democracy Docket noted that two of the Republican-authored resolutions in Missouri would, like the proposed amendment in Ohio, ""raise the threshold to approve constitutional amendments to 60%.",United States,Left,Web Publication,False,True
172574,2023-04-16,Texas Senate Voted For State Control Over Local Election Officials,https://crooksandliars.com/2023/04/texas-senate-voted-state-control-over,Crooks and Liars,Newshound Ellen,Newshound Ellen,https://crooksandliars.com/files/primary_image/23/04/voting_photo_cl_for_041523.jpg,"Democracy Docket notes, “Senate Bill 1750 would eliminate the position of election administrator in counties with a population of 3.5 million or more (Harris County is the only county with this many people) and Senate Bill 1993 would give the secretary of state the authority to order an election to be rerun in counties with a population of more than 2.7 million (again, only Harris County would qualify) under certain circumstances.”",United States,Left,Web Publication,False,True
172552,2023-02-15,"All The Heated Texts Released From The Royal Family Rift! Tabs, Wed., Feb. 15, 2023",https://www.wonkette.com/all-the-heated-texts-released-from-the-royal-family-rift-tabs-wed-feb-15-2023,Wonkette,Rebecca Schoenkopf,Rebecca Schoenkopf,"https://substackcdn.com/image/fetch/$s_!1cRe!,w_1200,h_675,c_fill,f_jpg,q_auto:good,fl_progressive:steep,g_auto/https%3A%2F%2Fsubstack-post-media.s3.amazonaws.com%2Fpublic%2Fimages%2Fda92029e-1dbd-4197-b4b1-37d54498be30_600x400.gif","(Marc Elias at Democracy Docket)

More on the East Palestine, Ohio, train derailment: The shit flying around the air, the railroad's pathetically small ""inconvenience"" checks, and how they ""spent big"" to successfully lobby against safe brakes for trains carrying hazardous waste, because new brakes would cost more money.",United States,Left,Web Publication,True,True
172531,2023-01-24,Cheers and Jeers: Tuesday,https://www.dailykos.com/story/2023/1/24/2148716/-Cheers-and-Jeers-Tuesday?pm_campaign=blog&pm_medium=rss&pm_source=,Daily Kos,,,https://images.dailykos.com/images/1016107/story_image/CheersandJeerssharpedgelogo.jpg?1639234149,"champion’s clicker thumb in announcing “We’ve just filed papers in court to stop this.”

Continued...

This morning Democracy Docket is in our Energize An Ally spotlight because Manchin and Sinema, along with their Republican cocktail-circuit buddies, stabbed us all so hard in the back on voter rights and election reform that it’s up to individuals like him, and groups like his, to save our asses in the midterms and beyond.",United States,Left,Web Publication,True,True
172529,2023-01-11,Abbreviated Pundit Roundup: Kevin McCarthy's 'problem causing caucus' is just getting warmed up,https://www.dailykos.com/story/2023/1/11/2146427/-Abbreviated-pundit-roundup-Kevin-McCarthy-s-problem-causing-caucus-is-just-getting-warmed-up?pm_campaign=blog&pm_medium=rss&pm_source=,Daily Kos,,,https://images.dailykos.com/images/1150348/story_image/GettyImages-1454652564.jpg?1673036316,A new report by Democracy Docket shows that much of the conventional wisdom about voting and election litigation was similarly wrong.,United States,Left,Web Publication,False,True
172519,2023-01-09,"GOP, Right-Wingers Filed Nearly 100 Anti-Voter Lawsuits in 2022: Report",https://www.commondreams.org/news/republican-party-voter-suppression-lawsuits,Common Dreams,"Kenny Stancil, Kenny Stancil Is Senior Researcher At The Revolving Door Project, A Former Staff Writer For Common Dreams.","A Former Staff Writer For Common Dreams., Kenny Stancil",https://www.commondreams.org/media-library/image.jpg?id=32648613&width=1200&height=600&coordinates=396%2C0%2C396%2C0,"""

Democracy Docket also observed a surge in litigation related to election results, certification, ballot counting, and similar topics in the wake of the midterms, identifying more than two dozen lawsuits filed after November 8.",United States,Left,Web Publication,True,True
172067,2021-03-30,Cheers and Jeers: Tuesday,https://www.dailykos.com/story/2021/3/30/2023318/-Cheers-and-Jeers-Tuesday,Daily Kos,,,https://images.dailykos.com/images/779604/story_image/CheersandJeerssharpedgelogo.jpg?1584579185,"There's an ActBlue page set up to help four organizations—Black Voters Matter Fund, Democracy Docket Action Fund, New Georgia Project Action Fund, and Rise—as they fight the Republican law that does everything except bring back separate water fountains (and that may not be far behind).",United States,Left,Web Publication,True,True
172510,2024-03-19,Trump’s 'astounding' SCOTUS Jan. 6 immunity brief blasted by legal experts,https://www.alternet.org/trump-scotus-immunity/,Alternet,Maya Boddie,Maya Boddie,https://www.alternet.org/media-library/image.jpg?id=51780133&width=1200&height=600&coordinates=0%2C0%2C0%2C171,"""

Democracy Docket founder Marc Elias wrote, ""One notable thing about this brief -- it lacks a serious Supreme Court litigator.",United States,Left,Web Publication,True,True
172509,2024-03-21,'Wrong you idiot': The judge Jonathan Turley claims just 'slammed Michael Cohen' died in 2021,https://www.alternet.org/judge-michael-cohen/,Alternet,Maya Boddie,Maya Boddie,https://www.alternet.org/media-library/image.jpg?id=51795607&width=1200&height=600&coordinates=0%2C119%2C0%2C137,"""

Democracy Docket founder Marc Elias echoed Bharara, noting the judge passed away three years ago, but added, ""So, if he slammed anyone in court today that would be really big news.",United States,Left,Web Publication,True,True
172507,2024-03-29,'Justice Is Delayed' as Judges OK Rigged South Carolina Map for Elections,https://www.commondreams.org/news/south-carolina-gerrymandering-2667629015,Common Dreams,"Brett Wilkins, Brett Wilkins Is A Staff Writer For Common Dreams.",Brett Wilkins,https://www.commondreams.org/media-library/image.jpg?id=32138311&width=1200&height=600&coordinates=0%2C333%2C0%2C333,"As Democracy Docket noted Thursday: ""The parties asked the Supreme Court for a decision by January 1, 2024.",United States,Left,Web Publication,False,True
172498,2024-04-23,Discriminatory' North Carolina Law Criminalizing Felon Voting Struck Down,https://www.commondreams.org/news/north-carolina-felon-disenfranchisement,Common Dreams,"Brett Wilkins, Brett Wilkins Is A Staff Writer For Common Dreams.",Brett Wilkins,https://www.commondreams.org/media-library/image.jpg?id=34785872&width=1200&height=600&coordinates=0%2C98%2C0%2C99,"""

Voting rights tracker Democracy Docket noted that Monday's ruling ""does not have any bearing on North Carolina's strict felony disenfranchisement law, which denies the right to vote for those with felony convictions who remain on probation, parole, or a suspended sentence—often leaving individuals without voting rights for many years after release from incarceration.",United States,Left,Web Publication,False,True
172486,2022-12-26,"The Real Reason McDonald's Cokes Taste So Good! Tabs, Mon., Dec. 26, 2022",https://www.wonkette.com/the-real-reason-mcdonald-s-cokes-taste-so-good-tabs-mon-dec-26-2022,Wonkette,Rebecca Schoenkopf,Rebecca Schoenkopf,"https://substackcdn.com/image/fetch/$s_!xs-M!,w_1200,h_675,c_fill,f_jpg,q_auto:good,fl_progressive:steep,g_auto/https%3A%2F%2Fsubstack-post-media.s3.amazonaws.com%2Fpublic%2Fimages%2Ff8b23ad7-99eb-4b68-b1ff-da86c4cad122_260x173.gif","(Democracy Docket)

Violent protests in Paris after a US-style racist shooting at a Kurdish community center by some US-style asshole.",United States,Left,Web Publication,False,True
172469,2024-04-26,Arizona judge smacks down right-wing group’s bid to ban ballot drop boxes: report,https://www.alternet.org/arizona-ballot-drop-boxes/,Alternet,"Matthew Chapman, Raw Story","Matthew Chapman, Raw Story",https://www.alternet.org/media-library/image.jpg?id=52109045&width=1200&height=600&coordinates=0%2C0%2C0%2C166,"""The lawsuit alleges that because using drop boxes to drop off mail-in ballots has not been authorized by the Arizona Legislature, it is an illegal method of voting under Arizona law,"" explained Democracy Docket, Elias' site keeping track of challenges to election law.",United States,Left,Web Publication,True,True
172461,2022-12-09,Cheers and Jeers: Rum and Georgia Peaches FRIDAY!,https://www.dailykos.com/stories/2022/12/9/2140607/-Cheers-and-Jeers-Rum-and-Georgia-Peaches-FRIDAY?pm_campaign=blog&pm_medium=rss&pm_source=main,Daily Kos,,,https://images.dailykos.com/images/1016107/story_image/CheersandJeerssharpedgelogo.jpg?1639234149,"But Marc Elias at Democracy Docket, who has argued and won a shitload of election-related cases (he had a field day doing it in 2020), offers his opinion, which is worth more than most, based on his experience:

Today’s argument will likely assuage many, but not all, of the concerns raised by supporters of voting rights and fair redistricting.",United States,Left,Web Publication,True,True
172443,2022-11-28,Democracy defenders vow to sue after GOP-led Arizona county refuses to certify election,https://www.alternet.org/2022/11/arizona-gop/,Alternet,"Kenny Stancil, Common Dreams","Common Dreams, Kenny Stancil",https://www.alternet.org/media-library/image.jpg?id=30154988&width=1200&height=600&coordinates=0%2C106%2C0%2C107,"""

Elias, the founder of Democracy Docket, said the county ""will be sued"" for missing Monday's legally mandated deadline to approve the official vote tally.",United States,Left,Web Publication,True,True
172423,2022-11-15,Raffensperger Snarks At Warnock Campaign After Reversing Himself On Early Voting,https://talkingpointsmemo.com/news/raffensperger-warnock-runoff-lawsuit-early-voting,Talking Points Memo,"Kate Riga, Is A D.C. Reporter For Tpm, Cohost Of The Josh Marshall Podcast., .Wp-Block-Co-Authors-Plus-Coauthors.Is-Layout-Flow, Class, Wp-Block-Co-Authors-Plus, Display Inline, .Wp-Block-Co-Authors-Plus-Avatar, Where Img, Height Auto Max-Width","Cohost Of The Josh Marshall Podcast., Is A D.C. Reporter For Tpm, Kate Riga",https://talkingpointsmemo.com/wp-content/uploads/2022/11/GettyImages-1244667841-scaled.jpg?w=804,Read the lawsuit here via Democracy Docket:,United States,Left,Web Publication,False,True
172411,2022-11-08,Court Tosses Garbage Vote Suppression Lawsuit In Michigan Brought By Woman Who Wants To Be In Charge Of Votes,https://www.wonkette.com/court-tosses-garbage-vote-suppression-lawsuit-in-michigan-brought-by-woman-who-wants-to-be-in-charge-of-votes,Wonkette,Liz Dye,Liz Dye,"https://substackcdn.com/image/fetch/$s_!NP9N!,w_1200,h_675,c_fill,f_jpg,q_auto:good,fl_progressive:steep,g_auto/https%3A%2F%2Fsubstack-post-media.s3.amazonaws.com%2Fpublic%2Fimages%2F4dc6fea4-ec84-43c7-9123-22519f966109_600x829.jpeg","[ Karamo v. Winfrey , via Democracy Docket]



Follow Liz Dye on Twitter!

Click the widget to keep your Wonkette ad-free and feisty.",United States,Left,Web Publication,False,True
172405,2022-11-07,GOP filing 'obscene' election lawsuits because 'if everyone was able to vote' they’d lose: top Dem lawyer,https://www.alternet.org/2022/11/voting/,Alternet,"David Badash, The New Civil Rights Movement","David Badash, The New Civil Rights Movement",https://www.alternet.org/media-library/image.jpg?id=27932932&width=1200&height=600&coordinates=0%2C89%2C0%2C89,"🗳



Learn more about this victory for student voters in New York: https://t.co/XLjmoH6Fel pic.twitter.com/wzYcjaPXhU

— Democracy Docket (@DemocracyDocket) November 7, 2022

Noting that Democrats still have “five more cases that I expect to come in,” Elias says, “I’m feeling good about how the courts are handling” the cases.",United States,Left,Web Publication,True,True
172400,2022-11-07,'They're Looking for Every Advantage': GOP Sues to Block Thousands of Ballots in Key States,https://www.commondreams.org/news/2022/11/07/theyre-looking-every-advantage-gop-sues-block-thousands-ballots-key-states,Common Dreams,"Jake Johnson, Jake Johnson Is A Senior Editor, Staff Writer For Common Dreams.","Jake Johnson, Jake Johnson Is A Senior Editor, Staff Writer For Common Dreams.",https://www.commondreams.org/media-library/a-voter-drops-off-their-ballot-in-grand-rapids-michigan.jpg?id=32306606&width=1200&height=600&coordinates=0%2C250%2C0%2C250,"Citing data from Democracy Docket, Bloomberg reported Monday that ""more lawsuits have been filed this year than in all of 2020 by Democrats and Republicans challenging everything from who can vote to where ballots are collected and monitored.",United States,Left,Web Publication,False,True
172392,2022-11-04,Do Not Let Them Win,https://progressive.org/magazine/do-not-let-them-win-comment-stockwell-boddiger-41122/,The Progressive,"David Boddiger, Norman Stockwell","David Boddiger, Norman Stockwell",https://progressive.org/downloads/18183/download/49239839011_30bf9af5b4_o.jpg?cb=8474c8202ab6ef61e853d692df0558a3&w=1200,"Democratic elections lawyer Marc Elias called them a “constellation of anti-voting groups,” and they are some of the same players who invented the Big Lie to overthrow our democracy on January 6, 2021: Mark Meadows, Cleta Mitchell, John Eastman, Bill Barr, Leonard Leo, and others.",United States,Left,Opinion Journal,True,True
172394,2022-11-06,Real estate mogul Steve Wynn’s newest project: Making it harder to vote,https://www.dailykos.com/story/2022/11/6/2133663/-Real-estate-mogul-Steve-Wynn-s-newest-project-Making-it-harder-to-vote?pm_campaign=blog&pm_medium=rss&pm_source=,Daily Kos,,,https://images.dailykos.com/images/500470/story_image/GettyImages-802099656.jpg?1516989123,"The organization’s launch came just as other Republican-affiliated groups were stepping up their efforts to restrict voting, according to a recently released report by Democracy Docket, a group led by Democratic elections attorney Marc Elias.",United States,Left,Web Publication,True,True
172393,2022-11-06,Real estate mogul Steve Wynn’s newest project: Making it harder to vote,https://www.dailykos.com/stories/2022/11/6/2133663/-Real-estate-mogul-Steve-Wynn-s-newest-project-Making-it-harder-to-vote?pm_campaign=blog&pm_medium=rss&pm_source=main,Daily Kos,,,https://images.dailykos.com/images/500470/story_image/GettyImages-802099656.jpg?1516989123,"The organization’s launch came just as other Republican-affiliated groups were stepping up their efforts to restrict voting, according to a recently released report by Democracy Docket, a group led by Democratic elections attorney Marc Elias.",United States,Left,Web Publication,True,True
172384,2022-10-27,'Cold Hard Threat to Democracy': GOP Sowing Chaos at Polls Even Before Election Day,https://www.commondreams.org/news/2022/10/27/cold-hard-threat-democracy-gop-sowing-chaos-polls-even-election-day,Common Dreams,"Julia Conley, Julia Conley Is A Staff Writer For Common Dreams.",Julia Conley,https://www.commondreams.org/media-library/voters-wait-in-line.jpg?id=32306735&width=1200&height=600&coordinates=0%2C0%2C0%2C666,"Twenty-two of the challenges sought to limit mail-in voting, four centered on limiting voter registration, and 12 focused on election administration, including ""conspiracy-led challenges against voting machines,"" according to Democracy Docket.",United States,Left,Web Publication,False,True
172348,2022-09-08,"25+ Internet Liars Who Wish They Could Take It All Back! Tabs, Thurs., Sept. 8, 2022",https://www.wonkette.com/25-internet-liars-who-wish-they-could-take-it-all-back-tabs-thurs-sept-8-2022,Wonkette,Rebecca Schoenkopf,Rebecca Schoenkopf,"https://substackcdn.com/image/fetch/$s_!NhkZ!,w_1200,h_675,c_fill,f_jpg,q_auto:good,fl_progressive:steep,g_auto/https%3A%2F%2Fsubstack-post-media.s3.amazonaws.com%2Fpublic%2Fimages%2F5fa00980-cfff-4136-b437-7399808d2f1b_230x153.gif","— Democracy Docket

Eight million children worldwide are grieving a parent lost to COVID — a quarter million in America.",United States,Left,Web Publication,False,True
172270,2022-07-19,Republican election officials in Pennsylvania show the lengths to which they’ll go to steal power,https://www.dailykos.com/stories/2022/7/19/2111375/-Lawless-Republican-election-officials-in-Pennsylvania-preview-the-election-threats-to-come?pm_campaign=blog&pm_medium=rss&pm_source=main,Daily Kos,Daily Kos Staff,Daily Kos Staff,https://images.dailykos.com/images/1091444/story_image/GettyImages-1240722045.jpg?1657732757,"Marc Elias of Democracy Docket details the core of the threat:

Most importantly, these counties did not refuse to submit any election results at all.",United States,Left,Web Publication,True,True
172247,2022-06-15,"Musicians Who Were Also Murderers! Tabs, Wed., June 15, 2022",https://www.wonkette.com/musicians-who-were-also-murderers-tabs-wed-june-15-2022,Wonkette,Rebecca Schoenkopf,Rebecca Schoenkopf,"https://substackcdn.com/image/fetch/$s_!Vd-r!,w_1200,h_675,c_fill,f_jpg,q_auto:good,fl_progressive:steep,g_auto/https%3A%2F%2Fsubstack-post-media.s3.amazonaws.com%2Fpublic%2Fimages%2Fc109bd27-5724-418c-aeca-a9e8cd220883_270x180.gif","— Democracy Docket

Ryan Grim at The Intercept on call-out culture and how it's paralyzing nonprofit and activist spaces.",United States,Left,Web Publication,False,True
172232,2024-05-08,McCarthy Gives Gaetz An Unforgivable (For Republicans) Nickname,https://talkingpointsmemo.com/where-things-stand/mccarthy-gives-gaetz-an-unforgivable-for-republicans-nickname,Talking Points Memo,"Nicole Lafond, Is Tpm S Deputy Editor For News, Based In New York. She Has Also Worked As The Special Projects Editor, As A Senior Newswriter For Tpm. She Has A Master S Degree In Journalism Columbia University, Previously Covered Education In Central Illinois., .Wp-Block-Co-Authors-Plus-Coauthors.Is-Layout-Flow, Class, Wp-Block-Co-Authors-Plus, Display Inline, .Wp-Block-Co-Authors-Plus-Avatar","Is Tpm S Deputy Editor For News, Nicole Lafond",https://talkingpointsmemo.com/wp-content/uploads/2024/05/GettyImages-1454250970.jpg?w=804,"The Best Of TPM Today

New from Khaya Himmelman on Trump and his allies’ efforts to set themselves up to challenge the election if Trump doesn’t win in the fall: GOPers Desperate To Pin Blame For Potential Trump 2024 Loss On Non-Citizen Voters ‘Wherever They Are’

Yesterday’s Most Read Story

Trump Loses Bid For Mistrial Before Cross-Examination Of Stormy Daniels Begins — Josh Kovensky

What We Are Reading

When Trump Attacks Our Elections, We Will Have No Excuse — Democracy Docket

RFK Jr.’s new hire who downplayed Jan. 6 appears to have been at the Capitol during the attack — NBC News

World’s top climate scientists expect global heating to blast past 1.5C target — The Guardian",United States,Left,Web Publication,False,True
172208,2024-06-17,"From the Border to Bump Stocks, the MAGA Lie Machine Is Heating Up",https://newrepublic.com/article/182799/border-bump-stocks-republicans-election,New Republic,"Thom Hartmann, Hafiz Rashid, Timothy Noah, Jason Linkins, Monica Potts, Michael Tomasky","Hafiz Rashid, Jason Linkins, Michael Tomasky, Monica Potts, Thom Hartmann, Timothy Noah",https://images.newrepublic.com/120011db21704cc5b89d2fee04f178e200f64498.jpeg?w=1200&h=630&crop=faces&fit=crop&fm=jpg,"As Marc Elias writes for his brilliant Democracy Docket newsletter: “Over the last month, you can feel that something important has happened.",United States,Center Left,Opinion Journal,True,True
172214,2024-05-15,RNC Brings Trump’s Non-Citizen Voting Fixation To Arizona Courts,https://talkingpointsmemo.com/news/rnc-brings-trumps-non-citizen-voting-fixation-to-arizona-courts,Talking Points Memo,"Khaya Himmelman, Is A Reporter At Tpm, Based In New York. She Previously Covered Politics, Misinformation For The Messenger, Grid, The Dispatch., .Wp-Block-Co-Authors-Plus-Coauthors.Is-Layout-Flow, Class, Wp-Block-Co-Authors-Plus, Display Inline","Grid, Is A Reporter At Tpm, Khaya Himmelman, Misinformation For The Messenger, The Dispatch.",https://talkingpointsmemo.com/wp-content/uploads/2024/05/GettyImages-2061691982.jpg?w=804,"In September 2022, as reported by Democracy Docket, a federal district court, while keeping certain provisions in place, temporarily blocked the implementation of the voter registration cancellation law.",United States,Left,Web Publication,False,True
172203,2024-06-21,The shocking truth behind the GOP's MAGA lie machine,https://www.alternet.org/maga-lie-machine/,Alternet,Thom Hartmann,Thom Hartmann,https://www.alternet.org/media-library/image.jpg?id=31954230&width=1200&height=600&coordinates=0%2C106%2C0%2C107,"As Marc Elias writes for is brilliant Democracy Docket newsletter:



“Over the last month, you can feel that something important has happened.",United States,Left,Web Publication,True,True
172202,2024-06-26,'Horrible scenarios': Report details MAGA scheme to block election results in 5 key swing states,https://www.alternet.org/washington-post-election-results-maga/,Alternet,Alex Henderson,Alex Henderson,https://www.alternet.org/media-library/image.jpg?id=52505635&width=1200&height=600&coordinates=0%2C0%2C0%2C213,"Many legal experts, including election lawyer and Democracy Docket publisher Marc Elias, have been warning that if Donald Trump loses the 2024 election to President Joe Biden, his MAGA allies will do everything they can to overturn the election results —only this time, they will be better prepared than they were in 2020.",United States,Left,Web Publication,True,True
172201,2024-06-27,Deja Vu: TN Uses Classic Intimidation Tactics To Scare Voters,https://crooksandliars.com/2024/06/deja-vu-tn-uses-classic-intimidation,Crooks and Liars,Susie Madrak,Susie Madrak,https://crooksandliars.com/files/embeds/2024/06/60977.jpg,Via Democracy Docket:,United States,Left,Web Publication,False,True
172198,2024-06-30,Project 2025 Resources,https://crooksandliars.com/2024/06/project-2025-resources,Crooks and Liars,,,https://crooksandliars.com/files/embeds/2024/07/61122.jpg,"pic.twitter.com/TljvyPMFLO — Angry Staffer 🌻 (@Angry_Staffer) July 7, 2024

In-Depth Overviews of Project 2025

Democracy Docket - What is Project 2025 and Why Is It Alarming?

Why Project 2025 is the Most Dangerous Agenda in Politics (Video)

Bad Faith: Documentary On Christian Nationalism

Watch this to understand the dangerous extremism coming from within our country.",United States,Left,Web Publication,False,True
172196,2024-07-08,"The Top 2025 Projects For Hurting America! Tabs, Mon., July 8, 2024",https://www.wonkette.com/p/the-top-2025-projects-for-hurting,Wonkette,Rebecca Schoenkopf,Rebecca Schoenkopf,"https://substackcdn.com/image/fetch/$s_!q0pW!,w_1200,h_675,c_fill,f_jpg,q_auto:good,fl_progressive:steep,g_auto/https%3A%2F%2Fsubstack-post-media.s3.amazonaws.com%2Fpublic%2Fimages%2F6ff1debb-0943-4018-9b67-fd53fcd8bc8b_256x144.gif","(Democracy Docket)

My friend Mary Beth Williams sends a tip:

The bill is HR 8281, or the “Safeguard American Voter Eligibility Act.”",United States,Left,Web Publication,True,True
172190,2024-07-13,"MSNBC's The Weekend discusses Project 2025 with Angelo Carusone: ""Project 2025 is going to staff the Trump administration""",https://www.mediamatters.org/project-2025/msnbcs-weekend-discusses-project-2025-angelo-carusone-project-2025-going-staff-trump,Media Matters,Written By,Written By,https://cloudfront.mediamatters.org/static/D8Image/2024/07/13/mnbchd_the-weekend_2024-07-13-09_00_01-am.jpg,"Trump is still trying to distance himself from the Heritage Foundation's ultra-conservative, maybe a little radical agenda for a second Trump term, but dozens of former administration officials, they have ties to Project 2025.

...

SANDERS-TOWNSEND: Joining us at the table, the founder of Democracy Docket, Marc Elias.",United States,Left,Web Publication,True,True
172175,2024-07-23,These 9 high-profile GOP candidates all have ties to group behind Project 2025: report,https://www.alternet.org/gop-candidates-project-2025/,Alternet,Carl Gibson,Carl Gibson,https://www.alternet.org/media-library/image.jpg?id=51274813&width=1200&height=600&coordinates=0%2C106%2C0%2C107,"Rep. Jim Banks (R-Indiana)

READ MORE: Anti-Trump group posts video of him praising Project 2025 authors after latest denial

Democracy Docket reported that as chairman of the Republican Study Committee, Banks published a budget blueprint that was praised by Heritage Foundation President Kevin Roberts.",United States,Left,Web Publication,True,True
172159,2022-01-14,"A Good News, Anti-Gerrymandering, Republican-Dick-Kicking, Ohio Supreme Court Opinion? We'll Take Two!",https://www.wonkette.com/ohio-supreme-court-tosses-gerrymander-kicks-gop-in-the-d-ck-again,Wonkette,Liz Dye,Liz Dye,"https://substackcdn.com/image/fetch/$s_!Z98v!,w_1200,h_675,c_fill,f_jpg,q_auto:good,fl_progressive:steep,g_auto/https%3A%2F%2Fsubstack-post-media.s3.amazonaws.com%2Fpublic%2Fimages%2Fe193907d-848d-4181-a80e-91149c671d5d_480x350.gif","v. DEWINE, GOVERNOR, ET AL. / Docket at Democracy Docket]



Follow Liz Dye on Twitter!",United States,Left,Web Publication,False,True
172142,2022-01-03,'Sad day’: Georgia GOP pushes through virtual ode to gerrymandering in new redistricting plan,https://www.dailykos.com/story/2022/1/3/2072437/--Sad-day-Georgia-GOP-pushes-through-virtual-ode-to-gerrymandering-in-new-redistricting-plan,Daily Kos,Daily Kos Staff,Daily Kos Staff,https://images.dailykos.com/images/901286/story_image/GettyImages-1294458351.jpg?1609785609,"Marc Elias, founder of the progressive site Democracy Docket, tweeted a list of states to watch for ""new voting rights, redistricting and pro-democracy litigation (in order of likelihood).""",United States,Left,Web Publication,True,True
172130,2024-08-06,Marc Elias: MAGAs Who Refused To Certify Elections Were Indicted,https://crooksandliars.com/2024/08/marc-elias-reminds-us-magas-who-refused,Crooks and Liars,,,https://crooksandliars.com/files/primary_image/24/08/msnbc-marc-elias-080524.png,"Democracy Docket's Marc Elias reminds all of us that there is a way to fight back against these MAGA extremist election deniers that Republicans have installed across the country that are hoping to steal the presidential election for Trump.

MSNBC's Rachel Maddow's hair has been on fire about this, almost to the point where it's been suppressive with the doom and gloom that there's nothing Democrats can do about Republicans and Trump once again trying to cheat.",United States,Left,Web Publication,True,True
172127,2024-08-07,GA Election Officials Take More Steps To Cheat For Trump,https://crooksandliars.com/2024/08/ga-election-officials-take-more-steps-make,Crooks and Liars,Susie Madrak,Susie Madrak,https://crooksandliars.com/files/mediaposters/2024/08/55350.jpg,"Via Democracy Docket:

The rule states that the board can only certify an election “after reasonable inquiry that the tabulation and canvassing of the election are complete and accurate and that the results are a true and accurate accounting of all votes cast in that election.”",United States,Left,Web Publication,False,True
172125,2024-08-07,'Easier to cheat': Georgia GOP leaders urged to sue officials plotting interference,https://www.alternet.org/georgia-election-interference/,Alternet,Maya Boddie,Maya Boddie,https://www.alternet.org/media-library/image.jpg?id=53136861&width=1200&height=600&coordinates=0%2C85%2C0%2C86,Democratic election lawyer Marc Elias on Wednesday urged Georgia's Republican leaders — the ones who adamantly refused Donald Trump's request for them to overturn the 2020 election — to take further action to prevent the same ploy in November.,United States,Left,Web Publication,True,True
172107,2020-12-14,"Time for Optimism, or More Despair? We Still Don’t Know.",https://www.thenation.com/article/politics/biden-covid-vaccine/,The Nation,"Joan Walsh, Sasha Abramsky, Zachary Clifton, David Futrelle, Jeet Heer, February, Rhian Sasseen, John Nichols, Elie Mystal, Steve Brodner","David Futrelle, Elie Mystal, Jeet Heer, Joan Walsh, John Nichols, Rhian Sasseen, Sasha Abramsky, Steve Brodner, Zachary Clifton",https://www.thenation.com/wp-content/uploads/2020/12/covid-vaccine-rollout-ap-img.jpg,"(Bless you, Mark Elias and the Democracy Docket and all the teams of lawyers spread around the country; at last count, Trump is down 1-59 in the ludicrous cases he’s brought.)",United States,Left,Opinion Journal,False,True
172101,2021-01-05,"Another Day, Another Judge Kicks Trump In The D*ck",https://www.wonkette.com/another-day-another-judge-kicks-trump-in-the-d-ck,Wonkette,Liz Dye,Liz Dye,"https://substackcdn.com/image/fetch/$s_!nm4s!,w_1200,h_675,c_fill,f_jpg,q_auto:good,fl_progressive:steep,g_auto/https%3A%2F%2Fsubstack-post-media.s3.amazonaws.com%2Fpublic%2Fimages%2F28e7f5d1-b544-49e1-83ce-b6213ff9e272_480x360.gif","[ Federal Docket / State Docket via Democracy Docket]

Follow Liz Dye on Twitter",United States,Left,Web Publication,False,True
172099,2021-02-28,253 bills in 43 states: How Republicans are using Trump's 'big lie' to enact a 'tidal wave of voter suppression',https://www.alternet.org/2021/02/brian-kemp/,Alternet,Igor Derysh,Igor Derysh,https://www.alternet.org/media-library/image.jpg?id=23474358&width=1200&height=600&coordinates=0%2C60%2C0%2C60,"""We are about to be hit with a tidal wave of voter suppression legislation by Republican legislatures throughout the country,"" warned Marc Elias, a prominent Democratic attorney and founder of the voting rights advocacy group Democracy Docket, who batted back many of the election lawsuits filed by Trump and his supporters.",United States,Left,Web Publication,True,True
172089,2021-02-16,How To Kill 'The Big Lie',https://crooksandliars.com/2021/02/beating-big-lie,Crooks and Liars,Alan Neff,Alan Neff,https://crooksandliars.com/files/primary_image/21/02/stopthesteal.png,"See, e.g., the very successful 2020 litigation by state attorneys general and allies like Democracy Docket.",United States,Left,Web Publication,False,True
172085,2024-08-19,"If you’re going to ask me about 2024 election overthrow antics, I only have one answer for you",https://www.palmerreport.com/analysis/if-youre-going-to-ask-me-about-2024-election-overthrow-antics-i-only-have-one-answer-for-you/57785/,Palmer Report,Bill Palmer,Bill Palmer,https://www.palmerreport.com/wp-content/uploads/2016/12/supreme-court-e1482190987506.jpg,"If you are worried about 2024 election overthrow antics, you should follow and support election super-lawyer Marc Elias and his outfit Democracy Docket.",United States,Left,Web Publication,True,True
172083,2024-08-20,"Desperate Republicans Try Even More Voter Suppression in GA, AZ",https://www.wonkette.com/p/desperate-republicans-try-even-more,Wonkette,Marcie Jones,Marcie Jones,"https://substackcdn.com/image/fetch/$s_!Rp9Y!,w_1200,h_675,c_fill,f_jpg,q_auto:good,fl_progressive:steep,g_auto/https%3A%2F%2Fsubstack-post-media.s3.amazonaws.com%2Fpublic%2Fimages%2F42959bc9-e25b-477d-98da-54302d3181c0_869x733.webp","Kamala Harris has assembled a large and formidable anti-election-fuckerooney team of hundreds of lawyers, 10 times the size it was in 2020, including Democracy Docket’s Marc Elias.",United States,Left,Web Publication,True,True
172025,2020-10-03,Everything But The Election Is a Distraction: Saturday's Good News,https://www.dailykos.com/stories/2020/10/3/1982940/-Everything-But-The-Election-Is-a-Distraction-Saturday-s-Good-News#comment_78772509,Daily Kos,This Content Is Not Subject To Review Daily Kos Staff Prior To Publication.,,https://images.dailykos.com/images/852115/story_image/snow-drops.jpg?1599234804,"Two ideas:

donating to Democracy Docket which is already planning a legal fight

and/or you can volunteer with Beto's organization which has been working to turn Texas blue",United States,Left,Web Publication,False,True
172009,2024-08-26,Lawyers gear up for 'nasty legal battle' if Trump loses election: report,https://www.alternet.org/trump-election-denial-business-insider/,Alternet,Alex Henderson,Alex Henderson,https://www.alternet.org/media-library/image.jpg?id=53550309&width=1200&height=600&coordinates=0%2C16%2C0%2C197,"A variety of election law experts, from Democracy Docket founder Marc Elias to UCLA law professor Rick L. Hasen, have been warning that if Donald Trump loses the 2024 presidential election to Democratic nominee Kamala Harris, he is certain to fight the election results.",United States,Left,Web Publication,True,True
171987,2021-07-08,"Ex-Burglars Spill Their Tricks To Help People Avoid Getting Robbed! Tabs, Thurs., July 8, 2021",https://www.wonkette.com/ex-burglars-spill-their-tricks-to-help-people-avoid-getting-robbed-tabs-thurs-july-8-2021,Wonkette,Rebecca Schoenkopf,Rebecca Schoenkopf,"https://substackcdn.com/image/fetch/$s_!DrDe!,w_1200,h_675,c_fill,f_jpg,q_auto:good,fl_progressive:steep,g_auto/https%3A%2F%2Fsubstack-post-media.s3.amazonaws.com%2Fpublic%2Fimages%2F5bbd704b-adbe-4f69-a674-aba6b4413560_600x400.gif","(Democracy Docket)

Oh fuck, QAnon is running for schoolboard.",United States,Left,Web Publication,False,True
171984,2021-07-03,Marc Elias comes out swinging on voting rights laws,https://www.palmerreport.com/analysis/marc-elias-comes-out-swinging-on-voting-rights-laws/39940/,Palmer Report,Bill Palmer,Bill Palmer,https://www.palmerreport.com/wp-content/uploads/2021/02/america.jpg,"Donate $25 now

Many of you remember Marc Elias as the lawyer who led the way in fighting against Donald Trump’s attempts at getting the 2020 election overturned in court, and defeating Trump in dozens of cases.",United States,Left,Web Publication,True,True
171974,2021-06-22,Georgia GOP quickly moving to oust Democrats from local election posts,https://www.alternet.org/2021/06/georgia-gop/,Alternet,"Kerry Eleveld, Daily Kos","Daily Kos, Kerry Eleveld",https://www.alternet.org/media-library/image.jpg?id=25922374&width=1200&height=600&coordinates=0%2C39%2C0%2C39,"""

As election law expert and founder of Democracy Docket Marc Elias tweeted, ""This is not normal.",United States,Left,Web Publication,True,True
171973,2021-06-21,"Georgia GOP quickly moving to oust Democrats from local election posts, foreshadowing times to come",http://www.dailykos.com/stories/2036394,Daily Kos,Daily Kos Staff,Daily Kos Staff,https://images.dailykos.com/images/930872/story_image/Kempsigning.jpeg?1616776293,"As election law expert and founder of Democracy Docket Marc Elias tweeted, ""This is not normal.",United States,Left,Web Publication,True,True
171972,2021-06-21,"Georgia GOP quickly moving to oust Democrats from local election posts, foreshadowing times to come",https://www.dailykos.com/story/2021/6/21/2036394/-Georgia-Republicans-already-using-power-grabs-to-oust-Democrats-from-local-election-posts,Daily Kos,Daily Kos Staff,Daily Kos Staff,https://images.dailykos.com/images/930872/story_image/Kempsigning.jpeg?1616776293,"As election law expert and founder of Democracy Docket Marc Elias tweeted, ""This is not normal.",United States,Left,Web Publication,True,True
171963,2021-06-04,Voting rights lawyer explains why GOP's voter suppression bills and bogus election 'audits' are so dangerous,https://www.alternet.org/2021/06/voting-rights/,Alternet,Alex Henderson,Alex Henderson,https://www.alternet.org/media-library/image.jpg?id=26582346&width=1200&height=600&coordinates=0%2C0%2C0%2C213,"But when Elias, the founder of Democracy Docket, appeared on MSNBC's ""The Rachel Maddow Show"" on Thursday night, June 3, he warned that lawsuits alone are not going to be enough to defend voting rights in the United States.",United States,Left,Web Publication,True,True
171951,2021-05-19,Vote suppression laws in Arkansas draw lawsuit today,https://arktimes.com/arkansas-blog/2021/05/19/vote-suppression-laws-in-arkansas-draw-lawsuits-today,Arkansas Times,"Max Brantley, More Max Brantley","Max Brantley, More Max Brantley",https://i0.wp.com/arktimes.com/wp-content/uploads/2020/08/vote-1319435_1920.png?fit=1920%2C1884&ssl=1,"Targeting absentee & provisional ballots, the groups claim the laws will disproportionately affect Black, elderly, & disabled voters.https://t.co/gfQcJJnGKX — Democracy Docket (@DemocracyDocket) May 19, 2021

The League of Women Voters and Arkansas United continue their fight to provide the vote to as many people as possible following a legislative session in which the Republican majority did all it could to make it harder to vote.",United States,Center,Local News Outlet,True,True
171941,2021-05-12,Arizona Gov. Ducey waits just one hour to sign big voter purge bill,https://www.alternet.org/2021/05/arizona-voter-law/,Alternet,"David Badash, The New Civil Rights Movement","David Badash, The New Civil Rights Movement",https://www.alternet.org/media-library/image.jpg?id=26100583&width=1200&height=600&coordinates=0%2C106%2C0%2C107,"The new law changes the Permanent Early Voting List (PEVL) ""to a new name: the 'Active Early Voting List,' which would require voters to vote early at least once over two election cycles (four years) in order to stay on it,"" Democracy Docket explains.",United States,Left,Web Publication,False,True
171940,2021-05-11,"Arizona GOP Gov. Ducey Waits Just One Hour to Sign Voter Suppression Bill That Will Purge 140,000 People From List",https://www.thenewcivilrightsmovement.com/2021/05/arizona-gop-gov-ducey-waits-just-one-hour-to-sign-voter-suppression-bill-that-will-purge-140000-people-from-list/,The New Civil Rights Movement,David Badash,David Badash,https://www.thenewcivilrightsmovement.com/wp-content/uploads/2021/05/ducey-ss-4.jpg,"The new law changes the Permanent Early Voting List (PEVL) “to a new name: the ‘Active Early Voting List,’ which would require voters to vote early at least once over two election cycles (four years) in order to stay on it,” Democracy Docket explains.",United States,Center,Web Publication,False,True
171928,2021-04-28,Columnist explains why the GOP's voter suppression attempts could backfire,https://www.alternet.org/2021/04/gop-voter-suppression/,Alternet,Alex Henderson,Alex Henderson,https://www.alternet.org/media-library/image.jpg?id=26109807&width=1200&height=600&coordinates=0%2C160%2C0%2C160,"""

Rubin points out what Democratic attorney and Democracy Docket founder Mark E. Elias has had to say about the 2020 U.S. Census Results:

To illustrate Elias' point about districts, consider Texas — a light red state that Biden lost to Trump by 6% in 2020.",United States,Left,Web Publication,False,True
171921,2021-04-24,Marc Elias is hitting it out of the park for American justice,https://www.palmerreport.com/analysis/marc-elias-is-hitting-it-out-of-the-park-for-american-justice/38439/,Palmer Report,Shirley Kennedy,Shirley Kennedy,https://www.palmerreport.com/wp-content/uploads/2021/02/america.jpg,"Donate $25 now

Marc Elias is a partner at Perkins Coie, where he serves as Chair of the firm’s Political Law Group.",United States,Left,Web Publication,True,True
171913,2021-04-20,Midterms shaping up to be test of American democracy as GOP fixates on locking in minority rule,https://www.dailykos.com/story/2021/4/20/2026769/-Midterms-shaping-up-to-be-test-of-American-democracy-as-GOP-fixates-on-locking-in-minority-rule,Daily Kos,Daily Kos Staff,Daily Kos Staff,https://images.dailykos.com/images/878109/story_image/GettyImages-1229436137.jpg?1604416679,Editor’s Note: Marc Elias will be joining Markos Moulitsas and Kerry Eleveld on The Brief Tuesday at 1:30 p.m. PT/4:30 p.m. ET.,United States,Left,Web Publication,True,True
171856,2021-09-16,Cheers and Jeers: Thursday,https://www.dailykos.com/story/2021/9/16/2052257/-Cheers-and-Jeers-Thursday,Daily Kos,,,https://images.dailykos.com/images/779604/story_image/CheersandJeerssharpedgelogo.jpg?1584579185,"A snip of his review at Democracy Docket, which is an endorphin rush for those of us who have watched Republicans brazenly rig the game in their favor for next year’s midterms and beyond:

It expands voter registration, requires a minimum number of days and hours for early voting and creates a nationwide right to vote by mail.",United States,Left,Web Publication,True,True
171854,2021-09-15,"At 66, This Is Kevin Costner's Partner! Tabs, Wed., Sept. 15, 2021",https://www.wonkette.com/at-66-this-is-kevin-costner-s-partner-tabs-wed-sept-15-2021,Wonkette,Rebecca Schoenkopf,Rebecca Schoenkopf,"https://substackcdn.com/image/fetch/$s_!q40F!,w_1200,h_675,c_fill,f_jpg,q_auto:good,fl_progressive:steep,g_auto/https%3A%2F%2Fsubstack-post-media.s3.amazonaws.com%2Fpublic%2Fimages%2F4febbb49-6895-432b-a489-78acb1ad3e70_250x167.gif","Marc Elias says Joe Manchin's voting rights ""compromise"" bill is ... excellent, actually.",United States,Left,Web Publication,True,True
171666,2020-11-15,'Terrifying people': Experts explain how Trump's 'specious' lawsuits will never work,https://www.alternet.org/2020/11/trump-threatens-lawsuit-recount/,Alternet,Bill Moyers,Bill Moyers,https://www.alternet.org/media-library/giuliani-is-dismantling-donald-trump-campaign-s-legal-plans-to-contest-election-results.jpg?id=24630542&width=1200&height=600&coordinates=0%2C60%2C0%2C60,"If your listeners want to, go to the website of Democracy Docket and you will see that, of all the cases that have been filed– the case where they’re asking to shut down the certification in Pennsylvania, one of the things that you’ll find is that they drew a judge who was appointed by Barack Obama and he’s got an excellent, scholarly past.",United States,Left,Web Publication,False,True
171665,2020-11-15,'There's a potential for blood in the streets': Here's what 2 top election lawyers think of Trump's lawsuits,https://www.alternet.org/2020/11/trump-lawsuit-2648925757/,Alternet,,,https://www.alternet.org/media-library/eyJhbGciOiJIUzI1NiIsInR5cCI6IkpXVCJ9.eyJpbWFnZSI6Imh0dHBzOi8vYXNzZXRzLnJibC5tcy8yMzU1MTQ4MC9vcmlnaW4uanBnIiwiZXhwaXJlc19hdCI6MTgxNTI1NzI4MX0.NLa0oNgACic3glFS0R7a8_ZlsNCdTiuvRm3rG3IAoKg/image.jpg?width=210,"If your listeners want to, go to the website of Democracy Docket and you will see that, of all the cases that have been filed– the case where they're asking to shut down the certification in Pennsylvania, one of the things that you'll find is that they drew a judge who was appointed by Barack Obama and he's got an excellent, scholarly past.",United States,Left,Web Publication,False,True
171799,2024-09-13,Over 30 lawmakers sign bipartisan pledge to uphold 2024 election results — including 6 Republicans,https://www.alternet.org/bacon-election-results-trump/,Alternet,Alex Henderson,Alex Henderson,https://www.alternet.org/media-library/image.jpg?id=53624841&width=1200&height=600&coordinates=0%2C0%2C0%2C213,"Democratic election lawyer Marc Elias, publisher of Democracy Docket, has been warning that if Vice President Kamala Harris defeats former President Donald Trump in November, far-right MAGA Republicans will try everything they can to overturn the election results.",United States,Left,Web Publication,True,True
171774,2024-10-01,DOJ Sues Alabama For Rolling Tide Of Legal Voter Registrations Into The Garbage,https://www.wonkette.com/p/doj-sues-alabama-for-rolling-tide,Wonkette,Marcie Jones,Marcie Jones,"https://substackcdn.com/image/fetch/$s_!VuDZ!,w_1200,h_675,c_fill,f_jpg,q_auto:good,fl_progressive:steep,g_auto/https%3A%2F%2Fsubstack-post-media.s3.amazonaws.com%2Fpublic%2Fimages%2F3d6418f0-27e4-497a-96c0-f57f1c74f9e4_846x600.jpeg","See also Nevada, Pennsylvania, Georgia, North Carolina, Michigan, Illinois ... Marc Elias reports that his law firm currently has 170 voting and election cases pending in 36 states.",United States,Left,Web Publication,True,True
171750,2020-12-25,Crookie Good Guy Of The Year Award: Marc Elias And His Team Of 'Kraken Busters',https://crooksandliars.com/2020/12/crookie-award-marc-elias-and-his-team,Crooks and Liars,Karoli Kuns,Karoli Kuns,https://crooksandliars.com/files/mediaposters/2020/12/46607.jpg,"If there is one clear hero of the 2020 election season, it's Marc Elias, the DNC attorney who headed up the team which fought all of the Kraken lawsuits Donald Trump and Republicans filed to try and steal the election.",United States,Left,Web Publication,True,True
171733,2020-12-14,"Morning Digest: We've found our first Republican in a Biden district, but he won't be the last",https://www.dailykos.com/story/2020/12/14/2001768/-Morning-Digest-We-ve-found-our-first-Republican-in-a-Biden-district-but-he-won-t-be-the-last,Daily Kos,Daily Kos Staff,Daily Kos Staff,https://images.dailykos.com/images/893798/story_image/GettyImages-1215851173.jpg?1607903467,"In an email, Marc Elias' Democracy Docket explains them all:

The first lawsuit, filed by the RNC and Georgia GOP, challenges the use of ballot drop boxes and attempts to increase poll watching.",United States,Left,Web Publication,True,True
171732,2020-12-14,"Morning Digest: We've found our first Republican in a Biden district, but he won't be the last",http://www.dailykos.com/stories/2001768,Daily Kos,Daily Kos Staff,Daily Kos Staff,https://images.dailykos.com/images/893798/story_image/GettyImages-1215851173.jpg?1607903467,"In an email, Marc Elias' Democracy Docket explains them all:

The first lawsuit, filed by the RNC and Georgia GOP, challenges the use of ballot drop boxes and attempts to increase poll watching.",United States,Left,Web Publication,True,True
171712,2020-12-06,"Coronavirus today: 1,542 new case; 40 more deaths, and Rudy Giuliani is hospitalized with COVID. The line is open.",https://arktimes.com/arkansas-blog/2020/12/06/coronavirus-today-1542-new-case-40-more-deaths-and-rudy-giuliani-is-hospitalized-with-covid-the-line-is-open,Arkansas Times,"Max Brantley, More Max Brantley, Partner Content","Max Brantley, More Max Brantley, Partner Content",https://i0.wp.com/arktimes.com/wp-content/uploads/2020/12/Screen-Shot-2020-12-06-at-3.54.20-PM.png?fit=420%2C258&ssl=1,"The Democracy Docket, which is tracking the legal battle from the Democratic side, has a new dashboard, too:

The line is open.",United States,Center,Local News Outlet,False,True
171650,2020-10-29,Why We Must Be Ready To Protect The Results,https://talkingpointsmemo.com/cafe/why-we-must-be-ready-protect-results-election-trump,Talking Points Memo,"Leah Greenberg, Sean Eldridge, .Wp-Block-Co-Authors-Plus-Coauthors.Is-Layout-Flow, Class, Wp-Block-Co-Authors-Plus, Display Inline, .Wp-Block-Co-Authors-Plus-Avatar, Where Img, Height Auto Max-Width, Vertical-Align Bottom .Wp-Block-Co-Authors-Plus-Coauthors.Is-Layout-Flow .Wp-Block-Co-Authors-Plus-Avatar","Leah Greenberg, Sean Eldridge",https://talkingpointsmemo.com/wp-content/uploads/2020/10/GettyImages-1282769533.jpg?w=804,"There are tireless legal organizations like Marc Elias’ Democracy Docket fighting to preserve voting access across the country and ensure every vote is counted, and groups like the National Task Force on Election Crises who are putting forward recommendations for elected officials, civil society leaders, and the press to ensure a free and fair election.",United States,Left,Web Publication,True,True
171642,2024-10-20,Marc Elias: warrior for democracy,https://www.palmerreport.com/analysis/marc-elias-warrior-for-democracy/58646/,Palmer Report,Robert Harrington,Robert Harrington,https://www.palmerreport.com/wp-content/uploads/2021/02/america.jpg,"Along with defending democracy with a flaming sword, Elias publishes Democracy Docket, a leading progressive platform for information, analysis and opinion about voting rights, elections and democracy.",United States,Left,Web Publication,True,True
171623,2024-10-23,Georgia Supreme Court Rejects GOP Push for Hand Count of Votes,https://www.commondreams.org/news/georgia-elections-2024,Common Dreams,"Jessica Corbett, Jessica Corbett Is A Senior Editor, Staff Writer For Common Dreams.","Jessica Corbett, Jessica Corbett Is A Senior Editor, Staff Writer For Common Dreams.",https://www.commondreams.org/media-library/image.jpg?id=53846715&width=1200&height=600&coordinates=0%2C85%2C0%2C86,"""

Although Republican attacks on voting rights in the state persist, advocates still celebrated what Democracy Docket called ""a win for voters.",United States,Left,Web Publication,False,True
171619,2024-10-23,Trump’s current campaign manager shared statements blaming him for J6 'insurrection',https://www.alternet.org/chris-lacivita-trump-jan-6/,Alternet,David Badash,David Badash,https://www.alternet.org/media-library/image.jpg?id=53850466&width=1200&height=600&coordinates=0%2C60%2C0%2C60,"In that indictment, prosecutors say, Trump “pursued unlawful means of discounting legitimate votes and subverting the election results,” and “perpetrated three criminal conspiracies,” according to Democracy Docket.",United States,Left,Web Publication,False,True
171611,2024-10-23,Heritage Foundation’s Hans von Spakovsky defends voter purges weeks before Election Day,https://www.mediamatters.org/voter-fraud-and-suppression/heritage-foundations-hans-von-spakovsky-defends-voter-purges-weeks,Media Matters,Written By,Written By,https://cloudfront.mediamatters.org/static/D8Image/2024/04/18/heritage_foundation_migrant_voters.png,"Similarly, Democracy Docket — which tracks right-wing attacks on voting rights — wrote that the NVRA “mandates that states must complete their voter roll maintenance program (which entails systemic removals of voters) no later than 90 days before an election, though there are certain exceptions such as if a person has died or requested their removal.”",United States,Left,Web Publication,False,True
171591,2024-10-24,'Within Two Seconds': Trump Vows to Fire Special Counsel Jack Smith if Elected President,https://www.thenewcivilrightsmovement.com/2024/10/within-two-seconds-trump-vows-to-fire-special-counsel-jack-smith-if-elected-president/,The New Civil Rights Movement,David Badash,David Badash,http://www.thenewcivilrightsmovement.com/wp-content/uploads/2024/07/trump-interview-ss-4.jpg,"In that indictment, prosecutors say, Trump “pursued unlawful means of discounting legitimate votes and subverting the election results,” and “perpetrated three criminal conspiracies,” according to Democracy Docket.",United States,Center,Web Publication,False,True
171586,2021-12-22,"As Dems Debate Voting Rights, GOPers Push For Election Control",http://crooksandliars.com/2021/12/dems-pivot-voting-rights-gopers-push,Crooks and Liars,Susie Madrak,Susie Madrak,https://crooksandliars.com/files/embeds/2021/12/48500.jpg,"While you're making year-end donations, don't forget to support the many good voting rights groups like the ACLU's voting rights project, the NAACP Legal Defense Fund, Fair Fight Action (founded by Stacey Abrams), Common Cause, and Marc Elias's Democracy Docket with your donations.",United States,Left,Web Publication,True,True
171585,2024-10-26,The GOP is gaming the system for another Trump term — here’s how they plan to pull it off,https://www.alternet.org/alternet-exclusives/2nd-trump-term/,Alternet,Thom Hartmann,Thom Hartmann,https://www.alternet.org/media-library/donald-trump-shutterstock.jpg?id=23476275&width=1200&height=600&coordinates=0%2C15%2C0%2C15,"To that end, they’re preparing a variety of lawsuits (check out Marc Elias’ site, Democracy Docket) in swing states.",United States,Left,Web Publication,True,True
171583,2024-10-29,How Dems are 'preparing' for MAGA's 'election subversion war machine',https://www.alternet.org/msn-uk/trump-harris-stoddard-elias/,Alternet,Alex Henderson,Alex Henderson,https://www.alternet.org/media-library/image.jpg?id=54018628&width=1200&height=600&coordinates=0%2C160%2C0%2C160,"Many pollsters consider the race a toss-up, and Democratic lawyers — including Democracy Docket publisher Marc Elias — have been warning that if Harris wins, Republicans are almost certain to fight the election results.",United States,Left,Web Publication,True,True
171579,2024-10-30,"5th Circuit Says Ef Your Mail-In Ballots, Mississippi! Other Judges In Other States Say Ef You *Less So*!",https://www.wonkette.com/p/5th-circuit-says-ef-your-mail-in,Wonkette,Marcie Jones,Marcie Jones,"https://substackcdn.com/image/fetch/$s_!E8ns!,w_1200,h_675,c_fill,f_jpg,q_auto:good,fl_progressive:steep,g_auto/https%3A%2F%2Fsubstack-post-media.s3.amazonaws.com%2Fpublic%2Fimages%2Fd2547420-6a92-45f6-a332-86cfcaa95b86_900x600.webp",Follow Democracy Docket if you want to stay on top of it all!,United States,Left,Web Publication,False,True
171566,2024-11-02,BIG Victory for PA Voters': US Supreme Court Denies GOP Bid to Block Thousands of Ballots,https://www.commondreams.org/news/pennsylvania-election-2024,Common Dreams,"Jessica Corbett, Jessica Corbett Is A Senior Editor, Staff Writer For Common Dreams.","Jessica Corbett, Jessica Corbett Is A Senior Editor, Staff Writer For Common Dreams.",https://www.commondreams.org/media-library/image.jpg?id=54150110&width=1200&height=600&coordinates=0%2C85%2C0%2C86,"Democratic elections lawyer and Democracy Docket founder Mark Elias called the decision ""a BIG victory for PA voters.",United States,Left,Web Publication,False,True
171550,2021-11-30,Cheers and Jeers: Tuesday,https://www.dailykos.com/story/2021/11/30/2066576/-Cheers-and-Jeers-Tuesday,Daily Kos,,,https://images.dailykos.com/images/779604/story_image/CheersandJeerssharpedgelogo.jpg?1584579185,"Democracy Docket is the leading progressive media platform dedicated to providing information, opinion and analysis about voting rights, elections & democracy.",United States,Left,Web Publication,True,True
171530,2024-11-05,Ex-federal prosecutor details ways Dems have prepared for MAGA’s 'Stop the Steal 2.0',https://www.alternet.org/wehle-stop-the-steal-20/,Alternet,Alex Henderson,Alex Henderson,https://www.alternet.org/media-library/image.jpg?id=54195201&width=1200&height=600&coordinates=0%2C106%2C0%2C107,"Democratic election lawyer and Democracy Docket publisher Marc Elias has been warning that if Harris wins, Trump and his MAGA allies will not accept defeat gracefully.",United States,Left,Web Publication,True,True
171496,2024-11-12,Georgia election board set to resume next week after court setbacks delayed Trump’s agenda,https://www.alternet.org/georgia-election-board-set-to-resume-next-week-after-court-setbacks-delayed-trumps-agenda/,Alternet,"Stanley Dunlap And Jill Nolin, Georgia Recorder","Georgia Recorder, Stanley Dunlap And Jill Nolin",https://www.alternet.org/media-library/janelle-king-right-a-conservative-georgia-state-election-board-member-expressed-disappointment-about-a-fulton-county-judge-ru.jpg?id=54189520&width=1200&height=600&coordinates=0%2C67%2C0%2C67,"Ellis wrote in an online blog that despite the “chilling realization” of Trump’s impending victory, Harris’s speech resonated reinforced their advocacy to protect democracy that began with Hillary Clinton’s concession speech to Trump in the 2016 presidential election

“Hillary’s concession speech helped guide me to a worldview that has served me well ever since, Elias wrote Nov. 7 on Democracy Docket.",United States,Left,Web Publication,True,True
171443,2024-11-30,Judge Strikes Four Provisions Of Missouri Voting Laws,https://crooksandliars.com/2024/11/judge-strikes-four-provisions-missouri,Crooks and Liars,Susie Madrak,Susie Madrak,https://crooksandliars.com/files/embeds/2024/11/63286.jpg,"Via Democracy Docket:

In a 75-page ruling issued Wednesday, Missouri Judge Jon E. Beetem determined that H.B. 1878’s restrictions on voter engagement are overly vague and violate the fundamental rights to free speech, expression, association and due process under the state constitution.",United States,Left,Web Publication,False,True
171399,2022-04-04,"Your Guide To Finding All Hidden Waddle Dees In Evergreen Coast! Tabs, Mon., April 4, 2022",https://www.wonkette.com/tabs-mon-april-4-2022,Wonkette,Rebecca Schoenkopf,Rebecca Schoenkopf,"https://substackcdn.com/image/fetch/$s_!L6wU!,w_1200,h_675,c_fill,f_jpg,q_auto:good,fl_progressive:steep,g_auto/https%3A%2F%2Fsubstack-post-media.s3.amazonaws.com%2Fpublic%2Fimages%2F72567ed2-b0bd-48b8-8c4e-2e3e2ca10453_600x400.gif","— Democracy Docket

Manafort and dirty dealings in Ukraine?",United States,Left,Web Publication,True,True
171389,2024-12-20,Loser North Carolina Republican Judge Candidate Still Trying To Coup The State Supreme Court!,https://www.wonkette.com/p/loser-north-carolina-republican-judge,Wonkette,Marcie Jones,Marcie Jones,"https://substackcdn.com/image/fetch/$s_!I85p!,w_1200,h_675,c_fill,f_jpg,q_auto:good,fl_progressive:steep,g_auto/https%3A%2F%2Fsubstack-post-media.s3.amazonaws.com%2Fpublic%2Fimages%2F9bcb4bb5-f4f6-4c8a-b136-544534b80ce3_1654x1052.jpeg","[Democracy Docket/ AP/ WRAL]

Follow me on Bluesky!",United States,Left,Web Publication,False,True
171382,2022-03-23,SCOTUS Delivers For Republicans In Wisconsin,https://talkingpointsmemo.com/news/scotus-sidelines-wisconsin-supreme-court-on-redistricting-delivers-for-republicans,Talking Points Memo,"Matt Shuham, Is A Reporter In Tpm S New York Office. Prior To Joining Tpm, He Was Associate Editor Of The National Memo, An Editorial Intern At Rolling Stone., .Wp-Block-Co-Authors-Plus-Coauthors.Is-Layout-Flow, Class, Wp-Block-Co-Authors-Plus, Display Inline, .Wp-Block-Co-Authors-Plus-Avatar, Where Img","An Editorial Intern At Rolling Stone., Matt Shuham",https://talkingpointsmemo.com/wp-content/uploads/2022/03/GettyImages-1235661787-scaled.jpg?w=804,"The decision Wednesday was the first time this year that the high Court used its “shadow docket” — that is, decisions made on an emergency basis, rather than after hearing oral arguments from both sides — to throw out a redistricting map based on a Voting Rights Act argument, Democracy Docket noted.",United States,Left,Web Publication,False,True
171340,2022-02-15,Cheers and Jeers: Tuesday,https://www.dailykos.com/story/2022/2/15/2080192/-Cheers-and-Jeers-Tuesday,Daily Kos,,,https://images.dailykos.com/images/1016107/story_image/CheersandJeerssharpedgelogo.jpg?1639234149,"champion’s clicker thumb in announcing “We’ve just filed papers in court to stop this.”

Continued...

This morning Democracy Docket is in our Energize An Ally spotlight because You-Know-Who and You-Know-Who stabbed us all so hard in the back on voter rights and election reform that it’s up to individuals like him, and groups like his, to save our asses in the midterms and beyond.",United States,Left,Web Publication,True,True
171327,2024-12-30,Trump Is Coming: Ways To Prepare For The Onslaught,https://crooksandliars.com/2024/12/trump-coming-ways-prepare-authoritarian,Crooks and Liars,,,https://crooksandliars.com/files/primary_image/24/12/mueller-she-wrote.jpeg,"Mueller She Wrote's MSW Media, Democracy Docket and more.",United States,Left,Web Publication,False,True
171319,2022-01-26,'Deeply flawed': Legal experts warn of potential for McConnell obstruction over Breyer's SCOTUS seat,https://www.alternet.org/2022/01/twitter-users-are-already-giving-mcconnell-gop-lawmakers-the-sideawy-amid-stephen-beyer-s-scotus-retirement/,Alternet,Meaghan Ellis,Meaghan Ellis,https://www.alternet.org/media-library/image.jpg?id=29170563&width=1200&height=600&coordinates=0%2C0%2C0%2C17,"Marc Elias, an attorney and founder of the Democracy Docket, tweeted, ""Justice Breyer is retiring from the Supreme Court.",United States,Left,Web Publication,True,True
171317,2024-12-31,2024 Crookie GOOD GUY,https://crooksandliars.com/2024/12/2024-crookie-good-guy-marc-elias-and,Crooks and Liars,,,https://crooksandliars.com/files/mediaposters/2024/08/55337.jpg,"Elias has been outspoken about CNN ""sanewashing"" Trump, and ABC's capitulation to adjudicated rapist Donald Trump, and at his blog, Democracy Docket, he has discussed what he and his team have fought against this year, in what he describes as The Most Litigated Election Ever:

As we approached the 2024 election, the stage was set for an unprecedented wave of voting and election litigation to sweep across the country.",United States,Left,Web Publication,True,True
171310,2025-02-04,Trump DOJ says 'ambiguous' federal court order doesn’t invalidate funding freeze,https://www.alternet.org/trump-doj-funding-freeze/,Alternet,Alex Henderson,Alex Henderson,https://www.alternet.org/media-library/image.jpg?id=56166594&width=1200&height=600&coordinates=0%2C107%2C0%2C107,"""

Cohn notes, ""The DOJ asked the court to 'notify Defendants if they have misunderstood the intended scope of the Court's Order,' and said federal agencies that aren't defendants in the case don't have to comply with the court's halting of the federal funding freeze.""

READ MORE: Donald Trump’s tariff wallop demonstrates the brute power of an imperial presidency

Read Democracy Docket's full article at this link.",United States,Left,Web Publication,False,True
171271,2025-04-07,Second Time a Charm: Judicial Panel Also Demands Trump Kidnapped Return Legal Resident,https://www.alternet.org/trump-perfect-lawlessness/,Alternet,Adam Lynch,Adam Lynch,https://www.alternet.org/media-library/image.jpg?id=59811094&width=1200&height=600&coordinates=0%2C51%2C0%2C51,"According to Democracy Docket, the court described Abrego Garcia as an El Salvadoran national who has been lawfully present in the United States since 2019, when he was granted status against ""removal to El Salvador.”",United States,Left,Web Publication,False,True
171269,2025-04-08,The Democrats’ Lost Millions,https://www.thenation.com/article/politics/democratic-turnout-2024-analysis/,The Nation,"Kali Holloway, David Futrelle, Sasha Abramsky, Zachary Clifton, Elie Mystal, Steve Brodner, Peter De Wit, Toni Aguilar Rosenthal, Eric Baker, Rhian Sasseen","David Futrelle, Elie Mystal, Eric Baker, Kali Holloway, Peter De Wit, Rhian Sasseen, Sasha Abramsky, Steve Brodner, Toni Aguilar Rosenthal, Zachary Clifton",https://www.thenation.com/wp-content/uploads/2025/04/Holloway-When_we_vote-getty.jpg,"As Abrams wrote in a Democracy Docket article, citing figures from the data firm TargetSmart, “Turnout among black voters increased by about 20 percent; Hispanic voter participation soared by 72 percent; Asian-American turnout nearly doubled when compared to the 2016 election; and turnout among voters under the age of 30 also increased sharply, growing from about 14 percent of ballots cast to about 16 percent.”",United States,Left,Opinion Journal,False,True
171259,2025-04-17,Failing To Rise To The Constitutional Crisis,https://popularresistance.org/failing-to-rise-to-the-constitutional-crisis/,Popular Resistance,,,https://popularresistance-uploads.s3.amazonaws.com/uploads/2025/04/2025417-1.jpg,"The White House is not complying (Democracy Docket, 4/14/25).",United States,Left,Web Publication,False,True
171251,2025-05-08,Time to Start Thinking About the Midterms,https://www.truthdig.com/articles/time-to-start-thinking-about-the-midterms/?utm_source=rss&utm_medium=rss&utm_campaign=time-to-start-thinking-about-the-midterms,TruthDig,Bill Blum,Bill Blum,https://www.truthdig.com/wp-content/uploads/2025/05/GOPSAVEAct.png,"In an article posted after the House approved the act, Democracy Docket, the digital election news platform founded by attorney Marc Elias, featured the views of a group of distinguished historians and voting experts on the act.",United States,Left,Web Publication,True,True
171249,2025-05-10,'Destroy American democracy as we know it': Inside the GOP plot to attack your right to vote,https://www.alternet.org/destroy-american-democracy-as-we-know-it-inside-the-gop-plot-to-attack-your-right-to-vote/,Alternet,Bill Blum,Bill Blum,https://www.alternet.org/media-library/image.jpg?id=60163035&width=1200&height=600&coordinates=0%2C314%2C0%2C315,"In an article posted after the House approved the act, Democracy Docket, the digital election news platform founded by attorney Marc Elias, featured the views of a group of distinguished historians and voting experts on the act.",United States,Left,Web Publication,True,True
171243,2025-05-29,Trump is 'getting crushed in the lower courts': analysis,https://www.alternet.org/trump-lower-courts/,Alternet,Ailia Zehra,Ailia Zehra,https://www.alternet.org/media-library/image.png?id=59896315&width=1200&height=600&coordinates=0%2C60%2C0%2C60,"In a piece published Thursday, Democracy Docket, a platform supporting voting rights, highlighted analysis by Stanford political science professor Adam Bonica which indicates that federal district courts have ruled against the Trump administration in 96% of cases in May.",United States,Left,Web Publication,False,True
171241,2025-06-03,Trump White House Hires Harvard Law Review ‘Whistleblower’,https://talkingpointsmemo.com/morning-memo/trump-white-house-hires-harvard-law-review-whistleblower,Talking Points Memo,"David Kurtz, Is Tpm'S Editor At Large., .Wp-Block-Co-Authors-Plus-Coauthors.Is-Layout-Flow, Class, Wp-Block-Co-Authors-Plus, Display Inline, .Wp-Block-Co-Authors-Plus-Avatar, Where Img, Height Auto Max-Width, Vertical-Align Bottom .Wp-Block-Co-Authors-Plus-Coauthors.Is-Layout-Flow .Wp-Block-Co-Authors-Plus-Avatar","David Kurtz, Is Tpm'S Editor At Large.",https://talkingpointsmemo.com/wp-content/uploads/2025/06/GettyImages-2214264559.jpg?w=804,"Oh Boy ...

The new acting chief of the Trump DOJ’s voting section is Maureen Riordan, who until recently was a lawyer for the Public Interest Legal Foundation, Democracy Docket reports.",United States,Left,Web Publication,False,True
171239,2025-06-08,A license to crime is not enough for Trump,https://www.alternet.org/alternet-exclusives/trump-law-firms-2672330476/,Alternet,"Sabrina Haake, Raw Story","Raw Story, Sabrina Haake",https://www.alternet.org/media-library/image.jpg?id=60655480&width=1200&height=600&coordinates=0%2C505%2C0%2C506,"During May, as reported in Democracy Docket , federal judges dealt Trump an embarrassing 96% loss rate, agreeing with plaintiffs who challenged his overreach in 26 of 27 cases.",United States,Left,Web Publication,False,True
171194,2025-07-11,Inside the Corrupt Inner Workings of the Trump DOJ,https://talkingpointsmemo.com/morning-memo/inside-the-corrupt-inner-workings-of-the-trump-doj,Talking Points Memo,"David Kurtz, Is Tpm'S Editor At Large., .Wp-Block-Co-Authors-Plus-Coauthors.Is-Layout-Flow, Class, Wp-Block-Co-Authors-Plus, Display Inline, .Wp-Block-Co-Authors-Plus-Avatar, Where Img, Height Auto Max-Width, Vertical-Align Bottom .Wp-Block-Co-Authors-Plus-Coauthors.Is-Layout-Flow .Wp-Block-Co-Authors-Plus-Avatar","David Kurtz, Is Tpm'S Editor At Large.",https://talkingpointsmemo.com/wp-content/uploads/2025/07/GettyImages-2222118828.jpg?w=804,"The Trump DOJ’s Big Lurch Against Voting Rights

The Democracy Docket has compiled a timeline of the key steps in the Trump DOJ’s sharp anti-voting shift.",United States,Left,Web Publication,False,True
171189,2025-07-15,More Corruption and Abuse' on the Way as Bondi Fires DOJ Ethics Chief,https://www.commondreams.org/news/pam-bondi-doj,Common Dreams,"Jessica Corbett, Jessica Corbett Is A Senior Editor, Staff Writer For Common Dreams.","Jessica Corbett, Jessica Corbett Is A Senior Editor, Staff Writer For Common Dreams.",https://www.commondreams.org/media-library/image.jpg?id=61228084&width=1200&height=600&coordinates=0%2C85%2C0%2C86,"It states that ""pursuant to Article II of the United States Constitution and the laws of the United States, your employment with the Department of Justice is hereby terminated, and you are removed from federal service effective immediately.""

Democracy Docket reporter Jacob Knutson noted that ""Trump officials have repeatedly referenced Article II to make broad assertions of presidential authority and to justify dismissing federal workers who traditionally have been shielded by civil service protections.",United States,Left,Web Publication,False,True
171174,2025-07-22,Florida Supreme Court Backs DeSantis in Diluting Black Voter Power,https://newsone.com/6325716/florida-supreme-court-backs-desantis-maps-diluting-black-power/,NewsOne,"Anoa Changa-Peck, Zack Linly, Dr. Stacey Patton","Anoa Changa-Peck, Dr. Stacey Patton, Zack Linly","https://newsone.com/wp-content/uploads/sites/22/2025/07/17532094219039.jpg?quality=80&strip=all&w=1024&crop=0,0,100,683px","The Democracy Docket specifically called attention to the “non-diminishment” clause in Florida’s Fair Districts Amendment, which prohibits the state from creating districts that prevent racial or language minorities from having “equal opportunity to participate in the political process and elect representatives of their choice.”",United States,Left,Web Publication,False,True
171167,2025-07-29,State elections chief shuts down Trump request for voter data with brutal 7-word response,https://www.alternet.org/maine-elections-trump/,Alternet,Ailia Zehra,Ailia Zehra,https://www.alternet.org/media-library/image.png?id=61174471&width=1200&height=600&coordinates=0%2C100%2C0%2C100,"Democracy Docket reported that at a Tuesday afternoon press briefing in Augusta, Bellows quipped, “The Gulf of Maine is awfully cold, but maybe that’s what the DOJ needs to cool down,” then added: “So here’s my answer to Trump’s DOJ today:",United States,Left,Web Publication,False,True
171162,2025-08-01,‘Dangerous and Corrupt’: Critics Slam Trump for Firing Labor Stats Chief Over Jobs Report,https://www.thenewcivilrightsmovement.com/2025/08/dangerous-and-corrupt-critics-slam-trump-for-firing-labor-stats-chief-over-jobs-report/,The New Civil Rights Movement,David Badash,David Badash,http://www.thenewcivilrightsmovement.com/wp-content/uploads/2025/06/trump-thumb-reuters-2025-06-09T163558Z_63372842_RC24ZEA0FWI2_RTRMADP_3_USA-TRUMP.jpg,"READ MORE: White House Pushes for Trump to Be Awarded Nobel Peace Prize—and One for Economics

Democracy Docket reported that McEntarfer’s “firing raises the threat of political interference in U.S. economic data, which economists warn would undermine confidence in the economy.”",United States,Center,Web Publication,False,True
171154,2025-08-06,Voting Rights Act 'On Life Support' Amid Right-Wing Attacks,https://www.commondreams.org/news/voting-rights-act-60th-anniversary,Common Dreams,"Brett Wilkins, Brett Wilkins Is A Staff Writer For Common Dreams.",Brett Wilkins,https://www.commondreams.org/media-library/image.png?id=61436398&width=1200&height=600&coordinates=0%2C115%2C0%2C115,"""Instead of anniversary toasts, election law experts are preparing eulogies for the landmark legislation, which conservative lawyers have attacked on multiple fronts in recent years, after the U.S. Supreme Court took square aim at the statute's constitutionality last week,"" Jim Saksa wrote Tuesday for Democracy Docket.",United States,Left,Web Publication,False,True
171145,2025-08-13,"Invasion Of DC (Again). Tabs, Wed., Aug. 13, 2025",https://www.wonkette.com/p/invasion-of-dc-again-tabs-wed-aug,Wonkette,Rebecca Schoenkopf,Rebecca Schoenkopf,"https://substackcdn.com/image/fetch/$s_!5-7-!,w_1200,h_675,c_fill,f_jpg,q_auto:good,fl_progressive:steep,g_auto/https%3A%2F%2Fsubstack-post-media.s3.amazonaws.com%2Fpublic%2Fimages%2Ff29e65f9-0a83-494a-9939-e9ff2ab5f6e3_400x330.gif","(Democracy Docket)

Hey, do these benefits cuts to 400,000 really-low-income, severely disabled adults and children count as “cutting Social Security and Medicaid”?",United States,Left,Web Publication,False,True
171142,2025-08-15,"HE AIN'T AFRAID OF NO GOONS. Tabs, Fri., Aug. 15, 2025",https://www.wonkette.com/p/he-aint-afraid-of-no-goons-tabs-fri,Wonkette,Rebecca Schoenkopf,Rebecca Schoenkopf,"https://substackcdn.com/image/fetch/$s_!_xeI!,w_1200,h_675,c_fill,f_jpg,q_auto:good,fl_progressive:steep,g_auto/https%3A%2F%2Fsubstack-post-media.s3.amazonaws.com%2Fpublic%2Fimages%2Fa4439cf6-e2c7-4cd8-afe2-7b7cfff48d75_420x420.gif","(Democracy Docket) “We’re here to make Los Angeles a safer place,” smarms the goon sector chief showing up with his armed posse outside the Japanese American National Museum where the duly elected leader of the state is publicly disagreeing with the fascist president.",United States,Left,Web Publication,False,True
171136,2025-08-18,Trump Vow to 'Get Rid of Mail-In Ballots' for 2026 Blasted as 'Unconstitutional',https://www.commondreams.org/news/trump-mail-in-voting-ban,Common Dreams,"Jon Queally, Jon Queally Is Managing Editor Of Common Dreams.",Jon Queally,https://www.commondreams.org/media-library/image.jpg?id=61482359&width=1200&height=600&coordinates=0%2C80%2C0%2C80,"""

Marc Elias, founder of Democracy Docket, which tracks voting rights and issues related to ballot access, said any executive order by Trump to end mail-in voting or forbid provenly safe and accurate voting machines ahead of the midterms would be ""unconstitutional and illegal.",United States,Left,Web Publication,True,True
171129,2025-08-22,GOP Seeks To Imprison Dems For Protecting Election Integrity,https://newsone.com/6402564/gop-seeks-to-imprison-dems-for-protecting-election-integrity/,NewsOne,"Monique Judge, Tiffany Hamilton, Zack Linly, Dr. Stacey Patton","Dr. Stacey Patton, Monique Judge, Tiffany Hamilton, Zack Linly","https://newsone.com/wp-content/uploads/sites/22/2025/08/1755876241576.jpg?quality=80&strip=all&w=1024&crop=0,0,100,683px","“I think it is outrageous for them to ask for jail time and criminal charges, given the fact that there is a law in Georgia that no elected official can be compelled to vote in any particular way,” Barrett told Democracy Docket.",United States,Left,Web Publication,False,True
171124,2025-08-26,Daddy Wouldn't Hit California If It Didn't Make Him So Mad,https://www.wonkette.com/p/daddy-wouldnt-hit-california-if-it,Wonkette,Marcie Jones,Marcie Jones,"https://substackcdn.com/image/fetch/$s_!uO7L!,w_1200,h_675,c_fill,f_jpg,q_auto:good,fl_progressive:steep,g_auto/https%3A%2F%2Fsubstack-post-media.s3.amazonaws.com%2Fpublic%2Fimages%2F320a4845-a565-41de-beef-70d1cefd30ea_720x698.jpeg","[CNBC / Democracy Docket / State Court Report]

Follow me on Bluesky!

Follow the whole gang!",United States,Left,Web Publication,False,True
171116,2025-09-02,Oh So Now It's ILLEGAL For The Military To Invade US Cities Against Their Will?,https://www.wonkette.com/p/oh-so-now-its-illegal-for-the-military,Wonkette,Marcie Jones,Marcie Jones,"https://substackcdn.com/image/fetch/$s_!7Cb6!,w_1200,h_675,c_fill,f_jpg,q_auto:good,fl_progressive:steep,g_auto/https%3A%2F%2Fsubstack-post-media.s3.amazonaws.com%2Fpublic%2Fimages%2Fc6c6e002-80ba-49a3-a513-125a98ff79fb_1564x876.jpeg","[Democracy Docket / Gavin Newsom v. Donald Trump / Politico ]

Follow me on Bluesky!

Follow the whole gang!",United States,Left,Web Publication,False,True
171114,2025-09-04,Legal expert warns Trump saving this 'big heavy gun' for 'when all hell has broken loose',https://www.alternet.org/trump-military-deployment/,Alternet,Ailia Zehra,Ailia Zehra,https://www.alternet.org/media-library/image.jpg?id=61105022&width=1200&height=600&coordinates=0%2C106%2C0%2C107,"In an article for Democracy Docket published Thursday, journalist Jim Saksa argued that President Donald Trump is systematically expanding his authority to deploy military force within U.S. cities, and that the lack of sufficient legal or legislative pushback risks making such aggressive domestic deployments routine.",United States,Left,Web Publication,False,True
171112,2025-09-09,Missouri House Advances Gerrymandered Map for Trump,https://talkingpointsmemo.com/where-things-stand/missouri-house-advances-gerrymandered-map-for-trump,Talking Points Memo,"Nicole Lafond, Is Tpm S Deputy Editor For News, Based In New York. She Has Also Worked As The Special Projects Editor, As A Senior Newswriter For Tpm. She Has A Master S Degree In Journalism Columbia University, Previously Covered Education In Central Illinois., .Wp-Block-Co-Authors-Plus-Coauthors.Is-Layout-Flow, Class, Wp-Block-Co-Authors-Plus, Display Inline, .Wp-Block-Co-Authors-Plus-Avatar","Is Tpm S Deputy Editor For News, Nicole Lafond",https://talkingpointsmemo.com/wp-content/uploads/2025/09/GettyImages-2234205934.jpg?w=804,"Per Democracy Docket:

The map doesn’t have unanimous support from Missouri House Republicans.",United States,Left,Web Publication,False,True
171110,2025-09-16,'Orwellian': Election attorney warns Trump deputizing 'thought police' to 'punish critics',https://www.alternet.org/trump-election-democracy/,Alternet,Ailia Zehra,Ailia Zehra,https://www.alternet.org/media-library/image.png?id=61174471&width=1200&height=600&coordinates=0%2C100%2C0%2C100,"In an article for Democracy Docket published Tuesday, election attorney Marc Elias argued that President Donald Trump has begun using the machinery of the federal government to target his political opponents, and that these actions threaten democratic norms.",United States,Left,Web Publication,True,True
171108,2025-09-18,These MAGA loons are even further gone than we thought,https://www.palmerreport.com/politics/these-maga-loons-are-even-further-gone-than-we-thought-22/61635/,Palmer Report,Shirley Kennedy,Shirley Kennedy,https://www.palmerreport.com/wp-content/uploads/2019/06/donald-trump-4.jpg,Democracy Docket reported that Trump’s anti-left measures include revoking tax-exempt status for nonprofits and using federal agencies and anticorruption statutes to go after any organization Trump deems hostile.,United States,Left,Web Publication,False,True
171107,2025-09-24,'Break-glass moment': Election lawyer sounds the alarm over Trump’s threat to US democracy,https://www.alternet.org/trump-lawyer-2674028281/,Alternet,Lesley Abravanel,Lesley Abravanel,https://www.alternet.org/media-library/image.png?id=53853020&width=1200&height=600&coordinates=0%2C99%2C0%2C99,"Elections attorney and Democracy Docket founder Marc Elias is sounding the alarm on President Donald Trump's administration, saying in an interview with The Guardian that the U.S. is at a breaking point.",United States,Left,Web Publication,True,True
171099,2025-10-14,"Texas GOP Reveals Who Drew Map, DOJ Order In Redistricting Lawsuit",https://newsone.com/6534409/texas-gop-reveals-who-drew-map-redistricting-lawsuit/,NewsOne,"Newsone Staff, Joe Jurado, Zack Linly, Dr. Stacey Patton","Dr. Stacey Patton, Joe Jurado, Newsone Staff, Zack Linly","https://newsone.com/wp-content/uploads/sites/22/2025/10/17604655516278.jpg?quality=80&strip=all&w=1024&crop=0,0,100,769px","Its ham-fisted legal conclusions notwithstanding, the DOJ Letter apparently sought to provide political cover for Texas to engage in partisan redistricting.”

Democracy Docket also reports that more information about Texas’ hasty redistricting effort has been revealed over the last week during the federal hearing before a three-judge panel.",United States,Left,Web Publication,False,True
171086,2025-10-31,Judge Rules Democrats Can Continue Virginia Redistricting Effort,https://newsone.com/6576074/judge-democrats-continue-virginia-redistricting-effort/,NewsOne,"Newsone Staff, Joe Jurado, Zack Linly, Dr. Stacey Patton","Dr. Stacey Patton, Joe Jurado, Newsone Staff, Zack Linly","https://newsone.com/wp-content/uploads/sites/22/2025/10/17619190512482.jpg?quality=80&strip=all&w=1567&crop=0,0,100,960px","According to Democracy Docket, Virginia Republicans filed a lawsuit on Tuesday, requesting an immediate block to a constitutional amendment that Democrats introduced in the General Assembly on Monday.",United States,Left,Web Publication,False,True
171070,2025-12-08,"Regular Animals: Tabs, Mon., Dec. 8, 2025",https://www.wonkette.com/p/regular-animals-tabs-mon-dec-8-2025,Wonkette,Marcie Jones,Marcie Jones,"https://substackcdn.com/image/fetch/$s_!BTWe!,w_1200,h_675,c_fill,f_jpg,q_auto:good,fl_progressive:steep,g_auto/https%3A%2F%2Fsubstack-post-media.s3.amazonaws.com%2Fpublic%2Fimages%2F92826a3f-d5eb-46b3-87e7-c46d47b71ec0_400x277.gif",(Democracy Docket / Newsweek),United States,Left,Web Publication,False,True
171069,2025-12-08,Supreme Court Not Even Trying Anymore To Pretend It's Not Full Of Bigoted Hacks,https://www.wonkette.com/p/supreme-court-not-even-trying-anymore,Wonkette,Gary Legum,Gary Legum,"https://substackcdn.com/image/fetch/$s_!NN9b!,w_1200,h_675,c_fill,f_jpg,q_auto:good,fl_progressive:steep,g_auto/https%3A%2F%2Fsubstack-post-media.s3.amazonaws.com%2Fpublic%2Fimages%2F5b7929d8-a5b3-4182-9143-a6e7facd0f48_2000x1333.jpeg","[Courthouse News / SCOTUS / Democracy Docket]

World peace is right out, so is there a better holiday gift you could give the world than donating to keep Wonkette going?",United States,Left,Web Publication,False,True
171066,2025-12-10,"Roman Holiday! Tabs, Wed., Dec. 10, 2025",https://www.wonkette.com/p/roman-holiday-tabs-wed-dec-10-2025,Wonkette,Rebecca Schoenkopf,Rebecca Schoenkopf,"https://substackcdn.com/image/fetch/$s_!PqQa!,w_1200,h_675,c_fill,f_jpg,q_auto:good,fl_progressive:steep,g_auto/https%3A%2F%2Fsubstack-post-media.s3.amazonaws.com%2Fpublic%2Fimages%2Ff4b13307-1142-47e5-809b-390e845ebebc_420x403.gif","(Democracy Docket)

Here’s some Democrats who might help Congress pass the very terrible defense authorization bill, to pay for the boat murders and the National Guard blue state invasions and the extra trans hate and some other stuff too.",United States,Left,Web Publication,False,True
171065,2025-12-11,"‘Total Amateur Hour’: FBI Official Says Antifa Is #1 Threat in US—But Can’t Say Where, Who, or What It Is",https://www.commondreams.org/news/trump-fbi-official-antifa,Common Dreams,"Brad Reed, Brad Reed Is A Staff Writer For Common Dreams.",Brad Reed,https://www.commondreams.org/media-library/image.jpg?id=62309439&width=1200&height=600&coordinates=0%2C85%2C0%2C86,"""Total amateur hour in US law enforcement,"" remarked Democracy Docket news editor Matthew Kupfer, ""where the No. 1 terror threat is an organization that does not formally exist and a career FBI official is dancing around before a congressional committee trying to make the Trump strategy sound legit.",United States,Left,Web Publication,False,True
171061,2025-12-12,Trump’s DOJ Sues Fulton County and Four States to Seize Voter Ballots,https://newrepublic.com/post/204366/trump-justice-department-sues-fulton-county-four-states-voter-ballots,New Republic,"Ellie Quinlan Houghtaling, Edith Olmsted","Edith Olmsted, Ellie Quinlan Houghtaling",https://images.newrepublic.com/437eb97afd8f6f53ff80a4ca0ef696acba352222.jpeg?w=1200&h=630&crop=faces&fit=crop&fm=jpg,A pro-voting group described the initiative to Democracy Docket as a “terrible overstep of power.”,United States,Center Left,Opinion Journal,False,True
171059,2025-12-12,'Political Vendetta': DOJ Blasted for Suing Fulton County Amid Debunked Fraud Claims,https://www.thenewcivilrightsmovement.com/2025/12/political-vendetta-doj-blasted-for-suing-fulton-county-amid-debunked-fraud-claims/,The New Civil Rights Movement,David Badash,David Badash,http://www.thenewcivilrightsmovement.com/wp-content/uploads/2025/04/pam-bondi-reuters-2025-04-22T182134Z_756167557_RC263EA18Z9D_RTRMADP_3_USA-TRUMP-JUSTICE-RELIGION.jpg,"The case ultimately was recently dismissed after setbacks and that Trump, having since become a sitting president, could not be indicted.

Democracy Docket, which covers voting rights, elections, and the courts, called the move “a major escalation in the Trump administration’s dangerous effort to revive President Donald Trump’s fraudulent claims that the election was stolen.”",United States,Center,Web Publication,False,True
171041,2026-01-25,Pam Bondi just showed Donald Trump's hand,https://www.palmerreport.com/politics/pam-bondi-just-showed-donald-trumps-hand/62252/,Palmer Report,Bill Palmer,Bill Palmer,https://www.palmerreport.com/wp-content/uploads/2024/11/pam-bondi.jpg,"Marc Elias, the attorney behind Democracy Docket who has fought and won so many voting rights battles for us over the past decade, says that the Trump regime is making a play to steal the 2026 midterms by using ICE’s terrorist behavior as leverage.",United States,Left,Web Publication,True,True
171036,2026-01-28,FBI Raids Georgia Election Hub at Center of Trump's 2020 Fraud Conspiracies,https://www.commondreams.org/news/fbi-raids-georgia-election-hub,Common Dreams,"Stephen Prager, Stephen Prager Is A Staff Writer For Common Dreams.",Stephen Prager,https://www.commondreams.org/media-library/image.jpg?id=63515701&width=1200&height=600&coordinates=0%2C166%2C0%2C167,"The US Department of Justice (DOJ) had already sued Fulton County in December for access to its ballots and other records from the 2020 presidential vote, a lawsuit Democracy Docket said ""came after far-right members of the state’s GOP-controlled election board asked the department for assistance in obtaining 2020 ballots and voting records.""",United States,Left,Web Publication,False,True
171033,2026-01-30,"Afflict The Comfortable. Comfort The Afflicted. Tabs, Fri., Jan. 30, 2026",https://www.wonkette.com/p/afflict-the-comfortable-comfort-the,Wonkette,Rebecca Schoenkopf,Rebecca Schoenkopf,"https://substackcdn.com/image/fetch/$s_!qKJ4!,w_1200,h_675,c_fill,f_jpg,q_auto:good,fl_progressive:steep,g_auto/https%3A%2F%2Fsubstack-post-media.s3.amazonaws.com%2Fpublic%2Fimages%2F55828396-9c07-44fc-adf3-d9389704a04c_360x203.gif","(Democracy Docket)

Is there any violent incident ICE hasn’t lied about?",United States,Left,Web Publication,False,True
171032,2026-01-31,Missouri AG's Latest Ploy To Help Trump Rig Elections,https://crooksandliars.com/2026/01/missouri-ags-latest-ploy-help-trump-rig,Crooks and Liars,,,https://crooksandliars.com/files/primary_image/26/01/ksdk_01-30-2026_17.04.19.png,Here's more from Democracy Docket on what they're doing: New GOP scheme to rig presidential elections: Missouri sues to exclude undocumented from census :,United States,Left,Web Publication,False,True
171026,2026-02-06,A letter from Trump’s attorney general just killed DOJ’s own case in court,https://www.alternet.org/voter-rolls-justice-department/,Alternet,Sarah K. Burris,Sarah K. Burris,https://www.alternet.org/media-library/image.jpg?id=61529563&width=1200&height=600&coordinates=0%2C310%2C0%2C310,"But the most notable portion of the ruling, wrote Democracy Docket's Yunior Rivas, came not from the loss but in his condemnation of the DOJ's ""public conduct.""",United States,Left,Web Publication,True,True
171021,2026-02-10,Why MAGA’s threat to 'surround the polls' persists despite being illegal: experts,https://www.alternet.org/marc-elias-steve-bannon/,Alternet,Alex Henderson,Alex Henderson,https://www.alternet.org/media-library/image.jpg?id=64078060&width=1200&height=600&coordinates=0%2C166%2C0%2C167,But elections lawyer and Democracy Docket founder Marc Elias is warning that it's a mistake to not to take such threats from Bannon and other MAGA Republicans seriously.,United States,Left,Web Publication,True,True
171016,2026-02-13,The way to put an end to a Republican hoax,https://www.alternet.org/alternet-exclusives/gop-voter-fraud/,Alternet,Thom Hartmann,Thom Hartmann,https://www.alternet.org/media-library/image.jpg?id=61333586&width=1200&height=600&coordinates=0%2C453%2C0%2C453,"Claiming widespread non-citizen “voter fraud” is the GOP’s primary go-to strategy to prevent people from voting or even registering to vote and every day it seems they come up with new ways to exploit it, as Crystal Hill pointed out at Democracy Docket:

“Texas Attorney General Ken Paxton (R) sued one of the state’s most populous counties to block its plan to mail out over 200,000 voter registration forms to residents, claiming the move will ‘facilitate [voter] fraud.’",United States,Left,Web Publication,False,True
171014,2026-02-13,SAVE And MEGA Acts Could Help Trump Take Over Our Elections,https://newsone.com/6842988/save-mega-acts-help-trump-take-over-elections/,NewsOne,Anoa Changa-Peck,Anoa Changa-Peck,"https://newsone.com/wp-content/uploads/sites/22/2024/08/17248449056027.jpg?quality=80&strip=all&w=724&crop=0,0,100,483px","A Democracy Docket breakdown outlined issues with the MEGA Act, including how it could undo major advancements, such as the National Voter Registration Act of 1993 (NVRA), also known as the “Motor Voter” law.",United States,Left,Web Publication,False,True
170965,2023-11-05,GOP aims to stay in power by stalling courts in cases of racist voter maps,http://lasvegassun.com//news/2023/nov/05/gop-aims-to-stay-in-power-by-stalling-courts-in-ca/,Las Vegas Sun,,,https://media.lasvegassun.com/media/img/croppedphotos/2022/11/09/votedcrop_t1200.jpg?a58a258a4dac404905303588401680fdf3ee23e4,"According to an analysis by Democracy Docket, a progressive website that tracks redistricting challenges, six states conducted their 2022 elections under maps that were already struck down by courts but in which rulings were handed down too close to elections to change the maps.",United States,Center,Local News Outlet,False,True
170862,2023-04-12,Everytown adds former Brady attorney,https://www.politico.com/newsletters/politico-influence/2023/04/12/everytown-adds-former-brady-attorney-00091777,Politico,,,https://static.politico.com/3d/ee/f4d549cf4e548af6712990ce5b9e/politico-cms-shared-graphic-1120x629.jpg,"And Elias counts a slew of senators and members as clients.”

— Elias, who spun off from Perkins Coie several years ago to launch his firm, runs what he calls the “Democracy Docket,” which tracks and challenges voting rights and election laws nationwide.",United States,Center,Web Publication,True,True
170848,2023-03-14,New Mexico voting rights bill heads to governor for signature,https://ktvz.com/politics/cnn-us-politics/2023/03/14/new-mexico-voting-rights-bill-heads-to-governor-for-signature/,KTVZ,Cnn Newsource,Cnn Newsource,https://ktvz.b-cdn.net/2025/02/KTVZ-Default-image-860x484.jpg,"The New Mexico bill is one of nearly 70 introduced around the country that would restore voting rights for ex-felons, according to Democracy Docket.",United States,Unspecified,Local Broadcast News,False,True
170847,2023-03-14,New Mexico voting rights bill heads to governor for signature,https://www.cnn.com/2023/03/14/politics/new-mexico-voting-rights-bill/index.html,CNN,Shania Shelton,Shania Shelton,"https://media.cnn.com/api/v1/images/stellar/prod/230314165107-michelle-lujan-grisham-file-031423.jpg?c=16x9&q=w_800,c_fill","The New Mexico bill is one of nearly 70 introduced around the country that would restore voting rights for ex-felons, according to Democracy Docket.",United States,Center Left,Cable TV News,False,True
170684,2022-11-25,Election deniers faced defeat but election denialism is still swirling in Arizona,https://www.mercurynews.com/2022/11/25/election-deniers-faced-defeat-but-election-denialism-is-still-swirling-in-arizona/,Mercury News,Cnn.Com Wire Service,Cnn.Com Wire Service,https://www.mercurynews.com/wp-content/uploads/2022/11/OPED-MCMANUS-COLUMN-GET-4.jpg?w=1024&h=740,"Marc Elias, an attorney specializing in election litigation who has taken a central role in pushing back against GOP efforts to restrict ballot access, noted in a post on his Democracy Docket website that Lake’s complaints about “voter suppression” were ironic given Republican’s efforts to limit voting access in recent years.",United States,Center,Local News Outlet,True,True
170667,2022-11-06,Voting lawsuits from Illinois to Arizona soar ahead of midterms,http://www.spokesman.com/stories/2022/nov/06/voting-lawsuits-from-illinois-to-arizona-soar-ahea/,Spokesman-Review,,,https://thumb.spokesman.com/rP9V0om1Kr7_2jtuBua1J8GbUP0=/1200x630/smart/media.spokesman.com/photos/2022/11/06/6367f89f5134f.hires.jpg,"“We are in an era where we are going to see more litigation around elections and election results than we have in the past,” said Marc Elias, a lawyer who runs Democracy Docket and has ties to the Democratic Party.",United States,Center,Local News Outlet,True,True
170390,2024-07-02,Should Joe Biden Step Down?,https://www.huffpost.com/entry/opinion-joe-biden-step-down_n_66831fa0e4b05d5a5eb2f509,Huffpost,,,https://img.huffingtonpost.com/asset/6683240025000031007c1e69.jpeg?cache=ew5dhbjQSI&ops=1200_630,Litigation is now so much a part of the election process that each party has created its own state-by-state litigation trackers: Democracy Docket on the left and Protect the Vote on the right.,United States,Center Left,Web Publication,False,True
170370,2021-12-27,"Utah in review: A pandemic and an insurrection, protests and police, and the Rose Bowl",https://www.sltrib.com/news/2021/12/27/utah-review-pandemic-an/,Salt Lake Tribune,,,https://www.sltrib.com/resizer/v2/https%3A%2F%2Fcloudfront-us-east-1.images.arcpublishing.com%2Fsltrib%2FO3BZT3URWFC4RAUBEDEGYEDBAY.jpg?auth=79f0d0ee31c9c1dd643deb9faea8da68e9d9b50688abb0b8e619f15c7db46bc0&width=1200,"Marc Elias, founder of the progressive voting-rights group Democracy Docket, excoriated the Utah Legislature’s dismissal of the commission’s redistricting work, saying on MSNBC: “Never engage in any political process that requires Republican politicians to act in good faith.”",United States,Center,Local News Outlet,True,True
170306,2021-02-27,Lawmaker wants to make universal mail-in voting permanent in Nevada,https://lasvegassun.com//news/2021/feb/27/lawmaker-wants-to-make-universal-mail-in-voting-pe/,Las Vegas Sun,,,https://media.lasvegassun.com/media/img/photos/2020/10/29/1029_AP_CountingBallots02_t1200.JPG?a58a258a4dac404905303588401680fdf3ee23e4,"On Wednesday, the progressive voter rights website Democracy Docket published a piece by Frierson in which he said the state made “historic gains in the fight against voter suppression”

“We will continue to make ‘good trouble’ here in Nevada by ensuring all eligible Nevadans have many safe, convenient and secure options to cast their ballot,” he said.",United States,Center,Local News Outlet,False,True
170258,2021-03-27,Calls for economic boycott grow after Georgia adopts voter restrictions,https://www.nbcnews.com/news/us-news/calls-economic-boycott-grow-after-georgia-adopts-voter-restrictions-n1262241,NBC News,"Https, Media-Cldnry.S-Nbcnews.Com Image Upload Newscms Dennis-Romero-Circle-Byline-Template.Jpg, Dennis Romero, Dennis Romero Is A Breaking News Reporter For Nbc News Digital.",Dennis Romero,"https://media-cldnry.s-nbcnews.com/image/upload/t_nbcnews-fp-1200-630,f_auto,q_auto:best/newscms/2021_12/3460163/210326-coca-cola-atlanta-ew-946p.jpg","""

Voting rights platform Democracy Docket said in a statement Friday that Aflac, Delta Air Lines, Home Depot and UPS are among the companies being pressured to speak out against the law.",United States,Center,Network TV News,False,True
170089,2021-08-12,US Census Bureau release 2020 census: How to understand the data,http://rssfeeds.azcentral.com/~/662118884/0/phoenix/nation~Census-US-sees-unprecedented-multiracial-growth-decline-in-the-white-population-for-first-time-in-history/,AZCentral.com,,,"https://www.usatoday.com/gcdn/presto/2021/08/12/USAT/bb3b60d5-022f-46cd-a4ec-7c53575fbb28-XXX__JC25599.JPG?crop=2999,1687,x0,y152&width=2999&height=1687&format=pjpg&auto=webp","Cases in Pennsylvania, Minnesota and Louisiana claim the census data released in April shows population shifts that render districts instantly unconstitutional.

Democracy Docket alleges Republican lawmakers often pass “unfair and unconstitutional maps,” and “some of the best protection voters have against disenfranchisement is through the courts.”",United States,Center,Local News Outlet,True,True
169899,2021-10-17,More reporting:' How journalists should cover threats to democracy,https://www.cnn.com/2021/10/17/media/reliable-sources-covering-democracy/index.html,CNN,Ramishah Maruf,Ramishah Maruf,"https://media.cnn.com/api/v1/images/stellar/prod/211017130539-us-capitol-washington-dc-10-16-2021.jpg?q=x_4,y_128,h_2021,w_3592,c_crop/w_800","“My main critique is that is that the goalposts have been moved for everything other than the press coverage of press freedoms,” Marc Elias, the founder of Democracy Docket, said on “Reliable Sources” Sunday.",United States,Center Left,Cable TV News,True,True
169892,2024-09-20,Attempts to purge voter rolls increase as election nears,https://www.cnn.com/2024/09/20/politics/attempts-to-purge-voter-rolls-increase-as-election-nears/index.html,CNN,Devan Cole,Devan Cole,"https://media.cnn.com/api/v1/images/stellar/prod/gettyimages-1244606037.jpg?c=16x9&q=w_800,c_fill","As of Tuesday, at least three dozen cases related to voter rolls and their maintenance are pending in 19 states, according to the liberal-leaning Democracy Docket, which tracks election litigation.",United States,Center Left,Cable TV News,False,True
169880,2024-10-12,Chris Hayes Warns Trump Is Already Ginning Up a 'Slow Motion Insurrection': 'Same Playbook From Last Time,https://www.thewrap.com/chris-hayes-trump-slow-motion-insurrection-msnbc/,The Wrap,"Ross A. Lincoln, Ross Joined Thewrap As A News Editor In, He Was Previously Associate Editor At Deadline, Before That Comics Editor At The Escapist, Features Editor At Game Front., .Wp-Block-Post-Author Box-Sizing Border-Box Display Flex Flex-Wrap Wrap .Wp-Block-Post-Author__Byline Font-Size Margin-Bottom Margin-Top Width, .Wp-Block-Post-Author__Avatar Margin-Right .Wp-Block-Post-Author__Bio Font-Size Margin-Bottom .Wp-Block-Post-Author__Content Flex-Basis Flex-Grow .Wp-Block-Post-Author__Name Margin, .Wp-Block-The-Wrap-Author-Bios__Entry Align-Items Center Display Flex Flex-Wrap Wrap Gap .Wp-Block-The-Wrap-Author-Bios__Entry .Wp-Block-The-Wrap-Author-Bios__Entry Margin-Top .Wp-Block-The-Wrap-Author-Bios__Entry-Excerpt Flex-Basis, .Wp-Block-The-Wrap-Author-Bios Border-Top Solid, Margin-Block Padding-Top .Wp-Block-The-Wrap-Author-Bios__Entry-Avatar Display Var --Display-No-Mobile","Features Editor At Game Front., Ross A. Lincoln, Ross Joined Thewrap As A News Editor In",https://i0.wp.com/www.thewrap.com/wp-content/uploads/2024/10/Chris-Hayes-Trump-slow-motion-insurrection.jpg?fit=1200%2C675&quality=89&ssl=1,"According to democracy docket, voting rights news platform that tracks election litigation, the Republican Party has been involved in 97 lawsuits so far this election cycle.",United States,Center,Web Publication,False,True
169772,2020-11-07,Bush-Gore battle vet: Dem strategy taps courts to pick winners,https://www.bostonherald.com/2020/11/07/bush-gore-battle-vet-dem-strategy-taps-courts-to-pick-winners/,Boston Herald,Margaret Menge,Margaret Menge,https://www.bostonherald.com/wp-content/uploads/2020/11/AP20311641823643.jpg?w=1024&h=683,"Elias, Hillary Clinton’s 2016 campaign attorney, is the founder of Democracy Docket, which describes itself as “the leading platform for progressive advocacy and information about voting rights, elections, redistricting and democracy.”",United States,Center,Local News Outlet,True,True
169752,2024-10-20,Republicans and Democrats are both preparing for long legal battles over the 2024 election results,https://www.courant.com/2024/10/20/republicans-and-democrats-are-both-preparing-for-long-legal-battles-over-the-2024-election-results/,Hartford Currant,The Associated Press,,https://www.courant.com/wp-content/uploads/2024/10/Election_2024_Trump_23187_bc06f9.jpg?w=1024&h=684,"With a little over two weeks before Election Day, about 180 voting and election cases have been filed so far this year, according to Democratic lawyer Marc Elias, who founded the election litigation tracking group Democracy Docket.",United States,Center,Local News Outlet,True,True
169740,2024-10-20,Republicans and Democrats are both preparing for long legal battles over the 2024 election results,https://www.bangordailynews.com/2024/10/20/nation/republicans-and-democrats-are-both-preparing-for-long-legal-battles-over-the-2024-election-results/,Bangor Daily News,The Associated Press,,https://bdn-data.s3.amazonaws.com/uploads/2024/10/preview-319.jpg,"With a little over two weeks before Election Day, about 180 voting and election cases have been filed so far this year, according to Democratic lawyer Marc Elias, who founded the election litigation tracking group Democracy Docket.",United States,Center,Local News Outlet,True,True
169452,2021-11-30,Their view: Redistricting doesn’t give us fair representation. Here’s what will,https://www.timesleader.com/opinion/op-ed/1526630/their-view-redistricting-doesnt-give-us-fair-representation-heres-what-will,Times LEader,Carlos Ochoa Guest Columnist,Carlos Ochoa Guest Columnist,https://www.timesleader.com/wp-content/uploads/2023/01/tl-115-favicon.webp,The Democracy Docket suggests the Republican-controlled Legislature is using race as a factor when drawing new district maps.,United States,Center,Local News Outlet,False,True
169422,2020-08-25,Leonardo DiCaprio Fighting Voter Suppression,https://www.mediaite.com/entertainment/leonardo-dicaprio-voter-suppression/,Mediaite,Andrew Shuster,Andrew Shuster,https://www.mediaite.com/wp-content/uploads/2020/08/Leonardo-DiCaprio.jpg,"On Tuesday, DiCaprio shared a link to an article posted on the website Democracy Docket, which details different ways to cast a ballot prior to Election Day, either in person or by mail.",United States,Center Left,Web Publication,False,True
169391,2020-08-17,The Empty Threats Behind Trump’s Mail-In Voting Mischief,https://www.politico.com/news/magazine/2020/08/17/the-empty-threats-behind-trumps-mail-in-voting-mischief-397204,Politico,,,https://www.politico.com/dims4/default/resize/1200/quality/90/format/jpg?url=https%3A%2F%2Fstatic.politico.com%2F3e%2Fbf%2F5b68a6514820b43f42cdcb86ed4d%2Fap20230641251296-773.jpg,"The progressives at Democracy Docket recommend that in addition to using special drop boxes, you avoid the Election Day crowds by taking part in the early, in-person voting offered in 41 states.",United States,Center,Web Publication,False,True
169128,2022-01-22,What's next for voting rights?,https://www.cnet.com/culture/voting-rights-whats-next/,CNET,"See Full Bio, Dan Avery, Dan Was A Writer On Cnet'S How-To, Thought Leadership Teams. His Byline Has Appeared In The New York Times, Newsweek, Nbc News, Architectural Digest, Elsewhere. He Is A Crossword Junkie, Is Interested In The Intersection Of Tech, Marginalized Communities.","Architectural Digest, Dan Avery, Dan Was A Writer On Cnet'S How-To, Elsewhere. He Is A Crossword Junkie, Marginalized Communities., Newsweek, See Full Bio",https://www.cnet.com/a/img/resize/cdddd11d67da2196ce031e086466e286a8fb3123/hub/2020/11/03/3080afc7-e104-4a35-a042-49666f11e0e6/i-voted-ballots-elections-election-2020-1928.jpg?auto=webp&fit=crop&height=675&width=1200,"Republicans have used the tool to block much of Democrats' recent legislation: There have been over 2,000 filibusters in the past century, according to Democracy Docket, but half occurred in the last 12 years.",United States,Center,Web Publication,False,True
169058,2022-01-29,Democrats decried dark money. Then they won with it in 2020.,https://www.staradvertiser.com/2022/01/29/breaking-news/democrats-decried-dark-money-then-they-won-with-it-in-2020/,Honolulu Star Advertiser,"New York Times, Kenneth P. Vogel, Shane Goldmacher","Kenneth P. Vogel, New York Times, Shane Goldmacher",https://www.staradvertiser.com/wp-content/uploads/2022/01/web1_20220129-web-election.jpg,Hopewell also sponsored a project called Democracy Docket Legal Fund that filed lawsuits to block Republican-backed voting restrictions enacted across the country.,United States,Center,Web Publication,False,True
174474,2024-08-21,Judge delivers GOP election integrity victory in PA over curing of ‘naked ballots’,https://www.bizpacreview.com/2024/08/21/judge-delivers-gop-election-integrity-victory-in-pa-over-curing-of-naked-ballots-1481541/,BizPac Review,"Frieda Powers, Steve Hecht, Michael Matteo, Michael Busler, Michael Letts, Ben Shapiro, Larry Elder, Stephen Moore, Dave Scott","Ben Shapiro, Dave Scott, Frieda Powers, Larry Elder, Michael Busler, Michael Letts, Michael Matteo, Stephen Moore, Steve Hecht",https://www.bizpacreview.com/wp-content/uploads/2023/08/RF-Pexels-Ballots-1200x630-1.jpg,"Ballots submitted without an inner secrecy envelope are considered naked ballots and are subsequently invalid,” Democracy Docket explained.",United States,Right,Web Publication,False,True
175098,2022-11-08,"Pennsylvania court rules against GOP, will allow ballots with with incorrect dates",https://www.bizpacreview.com/2022/11/08/pennsylvania-court-rules-against-gop-will-allow-ballots-with-with-incorrect-dates-1306091/,BizPac Review,"Forrest Arnold, Steve Hecht, Michael Matteo, Michael Busler, Michael Letts, Ben Shapiro, Larry Elder, Stephen Moore, Dave Scott","Ben Shapiro, Dave Scott, Forrest Arnold, Larry Elder, Michael Busler, Michael Letts, Michael Matteo, Stephen Moore, Steve Hecht",https://www.bizpacreview.com/wp-content/uploads/2022/11/pexels-election-scaled-e1667913264393.jpeg,"Democracy Docket reported that 14,00o mail-in and absentee ballots have already been received by Monroe County, 70% percent of which have been returned by registered Democrats.",United States,Right,Web Publication,False,True
175173,2022-12-26,Dem-linked dark money network is quietly funding the ‘misinformation’ research industry,https://www.bizpacreview.com/2022/12/26/dem-linked-dark-money-network-is-quietly-funding-the-misinformation-research-industry-1319939/,BizPac Review,"Ailan Evans, Steve Hecht, Michael Matteo, Michael Busler, Michael Letts, Ben Shapiro, Larry Elder, Stephen Moore, Dave Scott","Ailan Evans, Ben Shapiro, Dave Scott, Larry Elder, Michael Busler, Michael Letts, Michael Matteo, Stephen Moore, Steve Hecht",https://www.bizpacreview.com/wp-content/uploads/2022/12/SG-arabella-advisors.jpg,"The Hopewell Fund sponsored both the Voter Participation Center and the Center for Voter Information, the NYT reported, which spent almost $150 million together preceding the 2020 election in “get-out-the-vote” efforts targeting demographics that lean Democratic; the fund also bankrolled a Democrat-aligned legal group, Democracy Docket Legal Fund, led by Democratic Party election lawyer Marc Elias.",United States,Right,Web Publication,True,True
169052,2025-02-26,"First we fund the lawyers, enforce the law",https://www.durangoherald.com/articles/first-we-fund-the-lawyers-enforce-the-law/,Durango Herald,,,https://imengine.public.prod.dur.navigacloud.com/?uuid=444be12e-8a22-5663-a3c7-8a0120a780ac&function=fit&type=preview,"If you have any money left after buying eggs, consider contributing to groups that are fighting in court to protect our rights, such as Democracy Docket or the American Civil Liberties Union.",United States,Center,Local News Outlet,False,True
168840,2025-04-16,What happens if a president and the federal government fail to follow a judge's orders?,https://www.nbcnews.com/politics/politics-news/president-defies-judges-orders-contempt-rcna201455,NBC News,"Https, Media-Cldnry.S-Nbcnews.Com Image Upload Newscms, Lawrence Hurley, Ken Dilanian, Lawrence Hurley Is A Senior Supreme Court Reporter For Nbc News., Ken Dilanian Is The Justice, Intelligence Correspondent For Msnbc.","Intelligence Correspondent For Msnbc., Ken Dilanian, Ken Dilanian Is The Justice, Lawrence Hurley","https://media-cldnry.s-nbcnews.com/image/upload/t_nbcnews-fp-1200-630,f_auto,q_auto:best/rockcms/2025-04/250403-Kilmar-Abrego-Garcia-vl-804a-5734af.jpg","David Noll, a professor at Rutgers Law School, noted in a recent Democracy Docket article that federal rules appear to allow judges, if needed, to bypass the marshals and hire other parties to enforce their contempt rulings.",United States,Center,Network TV News,False,True
168838,2025-04-16,What happens if a president and the federal government fail to follow a judge's orders?,https://www.nbcsandiego.com/news/national-international/what-happens-if-a-president-and-the-federal-government-fail-to-follow-a-judges-orders/3805114/,NBC 7 San Diago,"Lawrence Hurley, Ken Dilanian, Nbc News","Ken Dilanian, Lawrence Hurley",https://media.nbcsandiego.com/2025/04/AP25104732273908.jpg?quality=85&strip=all&crop=0px%2C0px%2C4898px%2C2755px&resize=1200%2C675,"David Noll, a professor at Rutgers Law School, noted in a recent Democracy Docket article that federal rules appear to allow judges, if needed, to bypass the marshals and hire other parties to enforce their contempt rulings.",United States,Center,Local Broadcast News,False,True
168832,2025-04-28,MAGA women might be hurt most by Trump’s latest voting obsession,https://www.nj.com/politics/2025/04/maga-women-might-be-hurt-most-by-trumps-latest-voting-obsession.html,NJ.com,"Matt Arco, Marco Njadvancemedia.Com, Nj Advance Media For Nj.Com","Marco Njadvancemedia.Com, Matt Arco, Nj Advance Media For Nj.Com",https://www.nj.com/resizer/v2/EPAMEM4JVRDVRIHQKEYDKC4MYU.jpg?auth=5a1a6ac8d9f832a9587e9304224227c04bbfbc584a6fdfef0687d3cd3f406ac1&width=1280&smart=true&quality=90,"From the liberal-leaning Democracy Docket:

In an interesting wrinkle for the GOP, the women most likely to change their names after getting married lean conservative.",United States,Center,Web Publication,False,True
168743,2025-06-02,Law firms who bowed to Trump are paying a steep price,https://www.nj.com/politics/2025/06/law-firms-who-bowed-to-trump-are-paying-a-steep-price.html,NJ.com,"Rachel Cohen, Tips Njadvancemedia.Com","Rachel Cohen, Tips Njadvancemedia.Com",https://www.nj.com/resizer/v2/IT6BTWGBPZHQTMHPEESDI57WIE.jpg?auth=efc96e6981949f804db9c5521a9f37e89ea61738157acb576b7d5be4ac6d2dc5&width=1280&smart=true&quality=90,"Marc Elias, the founder of the digital news platform Democracy Docket, wrote in a newsletter last week that college classes will eventually devote time to “dissecting the immorality and stupidity” of big law firms “capitulating” to Trump.",United States,Center,Web Publication,True,True
167990,2025-08-14,Illinois judge rejects Texas' request to enforce arrest warrants in map row,https://www.upi.com/Top_News/US/2025/08/14/Illinois-judge-rejects-Texas-arrest-request/5301755145870/,UPI,Darryl Coote,Darryl Coote,https://cdnph.upi.com/sv/ph/og/upi/5301755145870/2025/1/ef3de91f7de70cbfc106427d1c23c190/v1.5/Judge-rejects-Texas-request-to-enforce-arrest-warrants-in-map-row.jpg,"""This Illinois circuit court, under a petition to show cause, does not have the inherent power to direct Illinois law enforcement officers, or to allow the Sergeant-at-Arms of the House of Representatives of the State of Texas, or any officers appointed by her, to execute Texas civil Quorum Warrants upon nonresidents temporarily located in the State of Illinois,"" Larson said in his ruling, which was obtained by Democracy Docket and a portion of which was published on BluSky.",United States,Center,Web Publication,False,True
167987,2025-08-22,Attorney Warns Donald Trump’s Mishandling of Epstein Files Could Lead to Massive Political Fallout,https://www.inquisitr.com/attorney-warns-donald-trumps-mishandling-of-epstein-files-could-lead-to-massive-political-fallout,Inquisitr,"News Writer, Senior Editor","News Writer, Senior Editor",https://www.inquisitr.com/wp-content/uploads/2025/08/The-Epstein-file-contrversy-keeps-getting-messier.jpg,"Speaking on his Democracy Docket podcast, Elias suggested that President Donald Trump’s team is preparing a calculated rollout of documents designed more to protect political interests than to foster transparency.",United States,Center,Web Publication,True,True
167984,2025-08-26,Researcher who has distorted voted data appointed to Homeland Security election integrity role,https://wtop.com/national/2025/08/researcher-who-has-distorted-voted-data-appointed-to-homeland-security-election-integrity-role/,WTOP,News Traffic Weather,News Traffic Weather,https://wtop.com/wp-content/uploads/2025/08/Homeland_Security_Election_Appointment_32619-scaled.jpg,"The political appointment, first reported by Democracy Docket, shows how self-styled election investigators who have thrown themselves into election conspiracy theories since 2020 are now being celebrated by a presidential administration that indulges their false claims.",United States,Center,Local Broadcast News,False,True
167947,2025-09-21,The 2026 Election Hinges On 1 Case That Could Get In Trump’s Way,https://www.huffpost.com/entry/donald-trump-military-elections_n_68cd8f15e4b02387cfebf6c0,Huffpost,Senior Reporter,Senior Reporter,https://img.huffingtonpost.com/asset/68cb29e214000005365c5533.jpg?ops=500_281%2Cscalefit_1200_630,"KAMIL KRZACZYNSKI via Getty Images

“I think maybe the president is thinking that he will exercise some emergency powers to protect the federal elections going forward,” Cleta Mitchell, a conservative lawyer who led the push to overturn the 2020 election result, said on a conservative podcast in August, according to a report by Democracy Docket.",United States,Center Left,Web Publication,False,True
167946,2025-09-23,"'Take this thing apart': with allies backing, Trump to punish foes",https://www.usatoday.com/story/news/politics/2025/09/23/trump-amps-efforts-punish-political-foes/86293686007/,USA Today,,,"https://www.usatoday.com/gcdn/authoring/authoring-images/2025/09/17/USAT/86207831007-20250915-t-215703-z-1102022829-rc-2-lsga-061-qa-rtrmadp-3-usatrump.JPG?crop=5784,3254,x0,y0&width=3200&height=1801&format=pjpg&auto=webp","""After months of denial, it has become undeniable that Donald Trump is weaponizing the government to attack his political opponents, silence his critics and neutralize large institutions that might challenge him,"" Marc Elias, a longtime Democratic election attorney and founder of Democracy Docket, a left-leaning organization focused on election litigation, said in a Sept. 22 newsletter.",United States,Center,Web Publication,True,True
167973,2025-08-26,Researcher who has distorted voter data appointed to Homeland Security election integrity role,https://www.sentinelandenterprise.com/2025/08/26/homeland-security-election-appointment/,Sentinel and Enterprise,Associated Press,,https://www.sentinelandenterprise.com/wp-content/uploads/2025/08/Homeland_Security_Election_Appointment_32619.jpg?w=1024&h=683,"The political appointment, first reported by Democracy Docket, shows how self-styled election investigators who have thrown themselves into election conspiracy theories since 2020 are now being celebrated by a presidential administration that indulges their false claims.",United States,Center,Local News Outlet,False,True
167963,2025-08-26,Researcher who has distorted voter data appointed to Homeland Security election integrity role,https://www.bostonherald.com/2025/08/26/homeland-security-election-appointment/,Boston Herald,Associated Press,,https://www.bostonherald.com/wp-content/uploads/2025/08/Homeland_Security_Election_Appointment_32619.jpg?w=1024&h=683,"The political appointment, first reported by Democracy Docket, shows how self-styled election investigators who have thrown themselves into election conspiracy theories since 2020 are now being celebrated by a presidential administration that indulges their false claims.",United States,Center,Local News Outlet,False,True
167960,2025-08-26,Researcher who has distorted voter data appointed to Homeland Security election integrity role,https://www.trentonian.com/2025/08/26/homeland-security-election-appointment/,The Trentonian,Associated Press,,https://www.trentonian.com/wp-content/uploads/2025/08/Homeland_Security_Election_Appointment_32619.jpg?w=1024&h=683,"The political appointment, first reported by Democracy Docket, shows how self-styled election investigators who have thrown themselves into election conspiracy theories since 2020 are now being celebrated by a presidential administration that indulges their false claims.",United States,Center,Local News Outlet,False,True
167953,2025-08-26,Researcher Who Has Distorted Voter Data Appointed To Homeland Security Election Integrity Role,https://www.huffpost.com/entry/researcher-who-distorted-voter-data-appointed-homeland-security-election-integrity-role_n_68ae13bbe4b04e0994d67e63,Huffpost,Ali Swenson,Ali Swenson,https://img.huffingtonpost.com/asset/68ae146318000090f68c6667.jpeg?cache=Ts44ldWwKT&ops=1200_630,"Advertisement

The political appointment, first reported by Democracy Docket, shows how self-styled election investigators who have thrown themselves into election conspiracy theories since 2020 are now being celebrated by a presidential administration that indulges their false claims.",United States,Center Left,Web Publication,False,True
167952,2025-08-27,Jen Psaki Makes Ominous Warning About Trump: ‘Let That Sink In For A Second’,https://www.huffpost.com/entry/jen-psaki-warning-trump-election-interference_n_68aed6dfe4b06cda8b4b508c,Huffpost,Trends Reporter,Trends Reporter,https://img.huffingtonpost.com/asset/68af09f518000097358c6766.jpeg?cache=aC0pSfUyB7&ops=1200_630,"She is now the deputy assistant secretary for election integrity, a position first reported by Democracy Docket on Monday.",United States,Center Left,Web Publication,False,True
167933,2025-11-10,Supreme Courts To Decide U.S. Citizens' Mail-In Ballots Fate: Are Late Votes Going To Count?,https://www.inquisitr.com/supreme-courts-to-decide-u-s-citizens-mail-in-ballots-fate-are-late-votes-going-to-count,Inquisitr,News Writer,News Writer,https://www.inquisitr.com/wp-content/uploads/2025/11/Ballot_in_the_box.jpg,"Democracy Docket reported that the official federal Election Administration and Voting Survey 2024 Comprehensive Report revealed that over 100,000 ballots were rejected for arriving too late.",United States,Center,Web Publication,False,True
167894,2025-11-25,Michigan GOP Launches Attack On Overseas Voters Before Midterm Elections,https://www.huffpost.com/entry/michigan-gop-launches-attack-on-overseas-voters-before-midterm-elections_n_6925d147e4b0774c10d478fb,Huffpost,Reporter,Reporter,https://img.huffingtonpost.com/asset/6925d229220000521560bb16.jpeg?ops=1200_630,"Advertisement

The complaint was filed on Friday by the Republican National Committee and Michigan Republican Party, according to Democracy Docket, a progressive news site dedicated to voting rights.",United States,Center Left,Web Publication,False,True
173944,2020-11-01,"Late ballots, mismatched signatures, drop boxes",https://www.bizpacreview.com/2020/11/01/late-ballots-mismatched-signatures-drop-boxes-heres-how-hundreds-of-lawsuits-could-affect-the-elections-outcome-991498,BizPac Review,"Bpr Wire, Steve Hecht, Michael Matteo, Michael Busler, Michael Letts, Ben Shapiro, Larry Elder, Stephen Moore, Dave Scott","Ben Shapiro, Bpr Wire, Dave Scott, Larry Elder, Michael Busler, Michael Letts, Michael Matteo, Stephen Moore, Steve Hecht",https://www.bizpacreview.com/wp-content/uploads/2020/11/GettyImages-1158250877-scaled-1200x630.jpg,"Elias and his team have been involved in more than 60 cases, 18 of which are active, according to Democracy Docket, a website Elias created to “spotlight” voter suppression.",United States,Right,Web Publication,True,True
173399,2022-02-21,"Willis: Glenn Beck's dark money assessment is spot on, so what next?",https://www.bizpacreview.com/2022/02/21/willis-glenn-becks-dark-money-assessment-is-spot-on-so-what-next-1202926/,BizPac Review,"Jeff Willis, Steve Hecht, Michael Matteo, Michael Busler, Michael Letts, Ben Shapiro, Larry Elder, Stephen Moore, Dave Scott","Ben Shapiro, Dave Scott, Jeff Willis, Larry Elder, Michael Busler, Michael Letts, Michael Matteo, Stephen Moore, Steve Hecht",https://www.bizpacreview.com/wp-content/uploads/2022/02/SG-Glenn-Beck.jpg,"From Arabella, Acronym, Democracy Docket, Hopewell, Good Information, Virgina Dogwood to Copper Courrier, he explained the 1630 non-profits, and how they were utilized, effectively and efficiently.",United States,Right,Web Publication,False,True
175274,2024-03-28,Red state allowed to use gerrymandered map thanks to Supreme Court delay,https://www.bizpacreview.com/2024/03/28/red-state-allowed-to-use-gerrymandered-map-thanks-to-supreme-court-delay-1448750/,BizPac Review,"Katelynn Richardson, Steve Hecht, Michael Matteo, Michael Busler, Michael Letts, Ben Shapiro, Larry Elder, Stephen Moore, Dave Scott","Ben Shapiro, Dave Scott, Katelynn Richardson, Larry Elder, Michael Busler, Michael Letts, Michael Matteo, Stephen Moore, Steve Hecht",https://www.bizpacreview.com/wp-content/uploads/2023/10/RF-Getty-Gavel-Supreme-Court-1024x557-1-1200x630-1.jpg,"The lower court previously ruled Rep. Nancy Mace’s (R) district is racially gerrymandered.https://t.co/SC7Mb0J0gp — Democracy Docket (@DemocracyDocket) March 28, 2024",United States,Right,Web Publication,False,True
178329,2026-02-16,"I Didn't Come Here For Art. Tabs, Mon., February 16, 2026",https://www.wonkette.com/p/i-didnt-come-here-for-art-tabs-mon,Wonkette,Marcie Jones,Marcie Jones,"https://substackcdn.com/image/fetch/$s_!-AJA!,w_1200,h_675,c_fill,f_jpg,q_auto:good,fl_progressive:steep,g_auto/https%3A%2F%2Fsubstack-post-media.s3.amazonaws.com%2Fpublic%2Fimages%2Fd65453fb-3f9c-441a-b9bd-0a5ec271560e_300x169.gif","(Democracy Docket)

Heartbreaking story about Minnesota’s Columbia Heights Academy’s efforts to protect, feed and shelter their students from ICE monsters.",United States,Left,Web Publication,False,True
167956,2025-08-26,Researcher who has distorted voter data appointed to Homeland Security election integrity role,https://www.sandiegouniontribune.com/2025/08/26/homeland-security-election-appointment/,San Diego Union-Tribune,Associated Press,,https://www.sandiegouniontribune.com/wp-content/uploads/2025/08/Homeland_Security_Election_Appointment_32619.jpg?w=1024&h=683,"The political appointment, first reported by Democracy Docket, shows how self-styled election investigators who have thrown themselves into election conspiracy theories since 2020 are now being celebrated by a presidential administration that indulges their false claims.",United States,Center,Web Publication,False,True
167991,2025-08-06,Can the Out-of-State Texas Dems Be Arrested?,https://time.com/7307814/texas-democrats-redistricting-quorum-fbi-locate-arrest-abbott-paxton-trump/,Time,Chad De Guzman,Chad De Guzman,https://api.time.com/wp-content/uploads/2025/08/texas-democrats.jpg?quality=85&w=1024&h=628&crop=1,"Chad Dunn, a Texas election and voting rights lawyer, told election news outlet Democracy Docket that a warrant issued by the Texas House “is not effective out of the state unless another state chooses to domesticate it and enforce it under that state’s laws.”",United States,Center,National News Outlet,False,True
170813,2023-02-02,At the Races: Cash course,https://www.rollcall.com/2023/02/02/at-the-races-cash-course/,Roll Call,"Daniela Altimari, Mary Ellen Mcintire, Kate Ackley, Posted February","Daniela Altimari, Kate Ackley, Mary Ellen Mcintire, Posted February",https://www.rollcall.com/?p=725570,"A new survey by the Democracy Docket, a progressive voting rights site founded by Democratic elections lawyer Marc Elias, counted 46 lawsuits filed in 22 states seeking to overturn congressional maps crafted in 2021 and 2022.",United States,Center,Opinion Journal,True,True
171077,2025-11-19,'I want to fight these mothers': George Conway promises to hound Trump admin if elected,https://www.alternet.org/george-conway-fight-trump/,Alternet,Carl Gibson,Carl Gibson,https://www.alternet.org/media-library/image.png?id=54503018&width=1200&height=600&coordinates=0%2C88%2C0%2C89,"During an event organized by liberal group Democracy Docket, Conway promised that he would use his time in elected office to hold Trump administration officials legally accountable — particularly those within the Department of Justice (DOJ).",United States,Left,Web Publication,False,True
171372,2022-03-10,Texas Mail-In Ballot Rejection Rate Skyrockets Under GOP Voter Suppression Law,https://www.commondreams.org/news/2022/03/10/texas-mail-ballot-rejection-rate-skyrockets-under-gop-voter-suppression-law,Common Dreams,"Kenny Stancil, Kenny Stancil Is Senior Researcher At The Revolving Door Project, A Former Staff Writer For Common Dreams.","A Former Staff Writer For Common Dreams., Kenny Stancil",https://www.commondreams.org/media-library/voters-protest-in-austin.jpg?id=32137061&width=1200&height=600&coordinates=0%2C97%2C0%2C236,"Marc Elias, the founder of Democracy Docket, called the law's results--long predicted but now coming into clear view--""shameful.",United States,Left,Web Publication,True,True
171554,2021-12-01,'What voter suppression looks like': Rejected ballot requests up 400% after new Georgia voting law,https://www.alternet.org/2021/12/georgia-voter-suppression/,Alternet,Igor Derysh,Igor Derysh,https://www.alternet.org/media-library/image.jpg?id=28139674&width=1200&height=600&coordinates=0%2C0%2C0%2C62,"""

""This law wasn't designed for 'election integrity' as Republicans have claimed — it was designed to make it harder for voters to reach the ballot box,"" Elias' voting advocacy group, Democracy Docket, said in a statement.",United States,Left,Web Publication,True,True
172117,2024-08-13,'Nervous Senate Republican' tries boosting reelection campaign with over $1M of his own money,https://www.alternet.org/rick-scott-campaign/,Alternet,Maya Boddie,Maya Boddie,https://www.alternet.org/media-library/eyJhbGciOiJIUzI1NiIsInR5cCI6IkpXVCJ9.eyJpbWFnZSI6Imh0dHBzOi8vYXNzZXRzLnJibC5tcy8yMzU1MTQ4MC9vcmlnaW4uanBnIiwiZXhwaXJlc19hdCI6MTgxNTI1NzI4MX0.NLa0oNgACic3glFS0R7a8_ZlsNCdTiuvRm3rG3IAoKg/image.jpg?width=210,"""

Election lawyer and Democracy Docket founder Marc Elias wrote: ""Looks like a nervous Senate Republican who won his last reelection by .1%""

Bulwark national political reporter Marc Caputo said: ""Add this to the $149.5m from his previous three [campaigns]...""

READ MORE: 'Morally and ethically bankrupt': Republican mayor endorsing Harris rips 'out of touch' GOP

Caputo noted in 2018: ""Rick Scott has spent at least $149.5 million of his own money to win the governor's mansion twice (2010 and 2014) and the U.S. Senate (2018).""",United States,Left,Web Publication,True,True
172238,2022-06-08,Election subversion is replacing voter suppression as new GOP threat,https://www.nationofchange.org/2022/06/08/election-subversion-is-replacing-voter-suppression-as-new-gop-threat/,Nation of Change,,,https://i0.wp.com/s3.us-east-2.amazonaws.com/media.nationofchange.org/wp-content/uploads/2017/08/26160336/votersuppression.jpg?fit=800%2C450&ssl=1,"One day after Georgia’s May 24 primary, where candidates who denied the 2020 presidential election’s results lost GOP nominations for governor and secretary of state, Marc Elias, the Democratic Party’s top election lawyer, wrote a post on his website Democracy Docket titled, “Election Subversion Is the New Voter Suppression.”",United States,Left,Web Publication,True,True
172698,2023-10-18,Lawsuit alleging Trump 'tried to disenfranchise Black voters' handed to Judge Chutkan: report,https://www.alternet.org/trump-black-voters-judge-chutkan/,Alternet,Maya Boddie,Maya Boddie,https://www.alternet.org/media-library/image.jpg?id=49845853&width=1200&height=600&coordinates=0%2C133%2C0%2C134,"Democracy Docket announced reassignment of the case filed in 2020 via X (formerly Twitter), writing, ""NEW: A lawsuit alleging that Donald Trump, his campaign and the RNC tried to disenfranchise Black voters during the 2020 election has been reassigned to Judge Tanya Chutkan, the same judge in Trump's DC election subversion case.",United States,Left,Web Publication,False,True
172693,2023-10-05,"After Leaving Green Party, Cornel West Faces ‘Major Strategic Hurdle’ Getting On Presidential Ballot",https://blackamericaweb.com/2023/10/05/cornel-west-green-party-presidential-ballot/,Black America Web,"Blackamericaweb Staff, Bruce C.T. Wright, Sammy Approved, Davonta Herring, D.L. Chandler, Keenan Higgins","Blackamericaweb Staff, Bruce C.T. Wright, Davonta Herring, D.L. Chandler, Keenan Higgins, Sammy Approved","https://newsone.com/wp-content/uploads/sites/22/2023/10/16965415346508.jpg?quality=80&strip=all&w=1024&crop=0,0,100,683px","Daou added: “Our Constitution provides for Independent candidates to gain ballot access in all states, and Dr. West has begun seeking ballot access as an Independent, unaffiliated with any political party.”

The way to get on all ballots is to file with each state prior to their deadline and have a certain number of signatures on petitions, according to guidelines established and enforced by each state’s secretary of state.

Democracy Docket, a website that provides information about voting rights and elections, warned that the “required number of signatures [for petitions] is usually higher for independent or unaffiliated candidates than the number required to make it onto a political primary ballot.”

Jill Stein, the 2016 Green Party presidential nominee, said West’s decision to run as an independent candidate will lose him access to the Green Party’s resources.",United States,Center,Local News Outlet,False,True
172790,2026-01-02,A Lot Has Gone Terribly Wrong...,https://www.zerohedge.com/geopolitical/lot-has-gone-terribly-wrong,ZeroHedge,Tyler Durden,Tyler Durden,https://assets.zerohedge.com/s3fs-public/styles/16_9_max_700/public/2026-01/httpssubstack-post-media.s3.amaz%20%2833%29.jpg?itok=GUwA65L0,"Norm Eisen and Marc Elias, along with their lawfare cohorts Mary McCord, Andrew Weissmann, and Ben Wittes should be subject to prosecution under federal criminal statutes for their wide-ranging activities, including: 18 U.S.C. § 241 (Conspiracy Against Rights); 18 U.S.C. § 1001 (False Statements); 18 U.S.C. § 594 (Intimidation of Voters).",United States,Right,Web Publication,True,True
175092,2022-11-08,Both right and left have forces lined up to challenge election results,https://www.wnd.com/2022/11/right-left-forces-lined-challenge-election-results/,World Net Daily,Around The Web,Around The Web,https://www.wnd.com/wp-content/uploads/2014/04/gavel-american-flag-600-1200x630.jpg,"In an August post on Democracy Docket, an Elias-founded progressive media platform, the lawyer declared that a “constellation of well-funded, right-wing groups,” ranging from “mere vote suppressors to full-on election deniers,” was working to “make voting more difficult and free and fair elections less likely.”",United States,Right,Web Publication,True,True
175245,2024-04-19,‘Very scary’: Hillary Clinton suggests ‘what Trump really wants’ is to ‘kill his opposition’,https://www.bizpacreview.com/2024/04/19/very-scary-hillary-clinton-suggests-what-trump-really-wants-is-to-kill-his-opposition-1453747/,BizPac Review,"Jason Cohen, Steve Hecht, Michael Matteo, Michael Busler, Michael Letts, Ben Shapiro, Larry Elder, Stephen Moore, Dave Scott","Ben Shapiro, Dave Scott, Jason Cohen, Larry Elder, Michael Busler, Michael Letts, Michael Matteo, Stephen Moore, Steve Hecht",https://www.bizpacreview.com/wp-content/uploads/2024/02/SG-SG-Donald-Trump-Hillary-Clinton-split-768x402-1.jpg,"Clinton, on the “Democracy Docket” podcast, accused Trump of modeling himself after Russian President Vladimir Putin and other global dictators, suggesting her former opponent wants to commit heinous acts against those who oppose him.",United States,Right,Web Publication,True,True
173513,2024-12-16,FREAKOUT: ABC News Employees and Media Figures Lose Their Minds After Trump Scores Massive $16 Million Legal Victory Over the Network and George Stephanopoulos,https://www.thegatewaypundit.com/2024/12/freakout-abc-news-employees-media-figures-lose-their/,Gateway Pundit,Cullen Linebarger,Cullen Linebarger,https://www.thegatewaypundit.com/wp-content/uploads/trump-laughing.jpg,"Their anger primarily stems from the fact that they have faced repeated budget and compensation cuts in recent years, experienced layoffs, and yet the network —... https://t.co/m5RJCmR6Su — Yashar Ali (@yashar) December 15, 2024

The freakout has also extended to prominent media organizations and figures, including National Public Radio (NPR) and lead Democrat henchman and attorney Marc Elias.",United States,Right,Web Publication,True,True
173675,2020-03-24,Hillary Clinton Uses Coronavirus Crisis in Call To Make ‘Voting by Mail the Norm’,https://www.westernjournal.com/hillary-clinton-uses-coronavirus-crisis-call-make-voting-mail-norm/?utm_source=facebook&utm_medium=rightalertspolls&utm_campaign=lminetwork&utm_content=2020-03-24,The Western Journal,"Jack Davis, C. Douglas Golden, Samuel Short, Michael Schwarz, Randy Desoto, Bryan Chai, Contributor, Jack Davis Is A Freelance Writer Who Joined The Western Journal In July, Chronicled The Campaign That Saw President Donald Trump Elected. Since Then, He Has Written Extensively For The Western Journal On The Trump Administration As Well As Foreign Policy","Bryan Chai, C. Douglas Golden, Jack Davis, Michael Schwarz, Randy Desoto, Samuel Short",https://www.westernjournal.com/wp-content/uploads/2020/03/Hillary-Clinton.jpg,"The former secretary of state and failed presidential candidate shared a tweet Wednesday by Democratic Party attorney Marc Elias, who framed the push for voting by mail as an effort to keep voters safe and elections on track in the wake of the coronavirus pandemic.",United States,Right,Web Publication,True,True
176106,2024-11-05,The Poynter and PolitiFact guide to reliable news and information on election night,https://www.poynter.org/reporting-editing/2024/where-to-find-election-news/,Poynter,"Louis Jacobson, Louis Jacobson Has Been With Politifact Since, Currently As Chief Correspondent. Previously, He Served As Senior Correspondent, Deputy Editor. Before Joining Politifact, He, .Wp-Block-Co-Authors-Plus-Coauthors.Is-Layout-Flow, Class, Wp-Block-Co-Authors-Plus, Display Inline","Deputy Editor. Before Joining Politifact, He Served As Senior Correspondent, Louis Jacobson",https://www.poynter.org/wp-content/uploads/2024/11/AP24310521705948.jpg,"Nate Persily, Stanford University law professor (@persily)

Jessica Huseman, Votebeat (@JessicaHuseman)

Chris Stirewalt, American Enterprise Institute (@ChrisStirewalt)

Marc Elias, Democracy Docket (@marceelias)

Amy Sherman, PolitiFact (@AmySherman1).",United States,Center,Research Organization,True,True
176356,2021-10-20,The Freedom to Vote Act is almost certainly doomed,https://www.vox.com/22736509/freedom-to-vote-act,Vox,Fabiola Cineas,Fabiola Cineas,https://platform.vox.com/wp-content/uploads/sites/2/chorus/uploads/chorus_asset/file/22942581/1233356103.jpg?quality=90&strip=all&crop=0%2C19.117814545289%2C100%2C78.525595058321&w=1200,"And while the Freedom to Vote Act does require nonpartisan rules for redistricting, it no longer calls for states to use independent commissions when drawing new congressional districts, according to Democracy Docket.",United States,Center Left,Web Publication,False,True
175638,2025-10-22,Trump’s ‘Election Integrity’ Chief Freaks Out Officials,https://www.thedailybeast.com/trumps-election-integrity-chief-freaks-out-officials-on-maga-call/,Daily Beast,"Isabel Van Brugen, Freelance Writer, William Vaillancourt, Got A Tip, Send It To The Daily Beast, Wiktoria Gucia, Josh Fiallo, Olivia Ralph, Tom Sykes","Freelance Writer, Got A Tip, Isabel Van Brugen, Josh Fiallo, Olivia Ralph, Send It To The Daily Beast, Tom Sykes, Wiktoria Gucia, William Vaillancourt",https://www.thedailybeast.com/resizer/v2/7QECGFSAJFBFDGJRXM5C25DVKM.jpg?smart=true&auth=f1019b77902f0690dd175b0a8b53a654538f5185a65088697007459a416ced05&width=1200&height=630,"On the day of the Capitol riots on Jan. 6, 2021, Trump pushed a false claim that appeared to have come from Honey herself, Democracy Docket reported, “In Pennsylvania, you had 205,000 more votes than you had voters.”",United States,Left,Web Publication,False,True
176531,2020-11-19,Trump campaign is 1-29 in post-election lawsuits after latest defeat,https://www.newsweek.com/trump-campaign-1-29-post-election-lawsuits-after-latest-defeat-1548791?utm_term=Autofeed&utm_medium=Social&utm_source=Twitter#Echobox=1605814414,Newsweek,"Meghan Roos, Live Blog Writer","Live Blog Writer, Meghan Roos",https://assets.newsweek.com/wp-content/uploads/2025/08/1673066-president-donald-trump.jpg?w=1200crop=1,"According to Marc Elias, the founder of the voting rights group Democracy Docket, Trump's campaign and the GOP were involved in at least 22 active election-related cases as of Thursday morning, before Trump's campaign dismissed a lawsuit filed in Michigan.",United States,Center Right,National News Outlet,True,True
176860,2023-11-17,Jenna Ellis's war with MAGA hits a boiling point,https://www.newsweek.com/jennis-ellis-war-maga-hits-boiling-point-1844775,Newsweek,"Rachel Dobkin, Weekend Reporter","Rachel Dobkin, Weekend Reporter",https://assets.newsweek.com/wp-content/uploads/2025/08/2311026-jenna-ellis.jpg?w=1200crop=1,"Marc E. Elias, the founder of Democracy Docket, a progressive news outlet, replied to Ellis' post: ""I was with you for the first three and then you lost me at the end...""

Ellis pleaded guilty in late October to one felony count of aiding and abetting false statements and writings and agreed to five years of probation, a $5,000 fine, and to perform 100 hours of community service.",United States,Center Right,National News Outlet,False,True
176423,2021-05-09,Anti-Democratic Florida GOP Rotten to the Core,https://www.opednews.com/articles/Anti-Democratic-Florida-GO-by-Steve-Schneider-Anti-democratic_Florida-Politics_Freedom_Future-210509-500.html,OpEd News ,Steve,Steve,https://www.opednews.com/populum/visuals/2026/02/2026-02-514356-320-YouTubeVideos-vi_1s9y3TzZ7ss_mqdefault.jpg,"You can learn about the Constitutional offenses the new law commits by reading the lawsuit online, for free, compliments of Democracy Docket.",United States,Left,Web Publication,False,True
177945,2024-02-15,What the new Wisconsin maps mean for Republicans ahead of pivotal November,https://www.washingtonexaminer.com/news/2857779/what-new-wisconsin-maps-mean-republicans-pivotal-november/,Washington Examiner,Eden Villalovas,Eden Villalovas,"https://www.washingtonexaminer.com/wp-content/uploads/2024/01/AP24017582635854-scaled.jpg?resize=1200,683","Republicans could find a voter to argue the maps are unlawfully racially gerrymanders, which would be reviewed by a three-judge panel, two of which would be picked by the conservative chief judge of the 7th U.S. Circuit Court of Appeals, Democracy Docket reported.",United States,Center Right,National News Outlet,False,True
177921,2023-06-21,Report: Near-record number of restrictive voting laws enacted in 2023,https://www.kjrh.com/report-near-record-number-of-restrictive-voting-laws-enacted-in-2023,KJRH,Chloe Nordquist,Chloe Nordquist,https://ewscripps.brightspotcdn.com/dims4/default/b16a0d8/2147483647/strip/true/crop/960x504+0+108/resize/1200x630!/quality/90/?url=https%3A%2F%2Fcdn.scrippsnews.com%2Fimages%2Fvideos%2Fz%2F1687361697_erqMjQ.jpg,"There are currently 31 other active federal cases that are similar to the Alabama case and involve redistricting, according to the Democracy Docket, a progressive platform for voting rights that tracks election litigation.

SEE MORE: Supreme Court rules for Black voters in Alabama in redistricting case

Trending stories at Scrippsnews.com",United States,Center,Local Broadcast News,False,True
177908,2023-03-14,New Mexico voting rights bill heads to governor for signature,https://krdo.com/news/2023/03/14/new-mexico-voting-rights-bill-heads-to-governor-for-signature/,KDRO,Cnn Newssource,,https://krdo.b-cdn.net/2025/01/Untitled-design-2024-02-27T104337.412.webp,"The New Mexico bill is one of nearly 70 introduced around the country that would restore voting rights for ex-felons, according to Democracy Docket.",United States,Unspecified,Local Broadcast News,False,True
177889,2024-03-15,Marc Elias using ‘fringe’ theories to sow 2024 chaos: Election expert,https://www.washingtonexaminer.com/news/justice/2919881/marc-elias-using-fringe-theories-sow-2024-chaos-election-expert/,Washington Examiner,Kaelan Deese,Kaelan Deese,"https://www.washingtonexaminer.com/wp-content/uploads/2024/03/AP081204036255.jpg?resize=1200,683","Meanwhile, the Elias-founded election blog Democracy Docket is working overtime to punch back at a new lawsuit filed Thursday in Pennsylvania that also takes aim at mail-in ballot drop-off locations in Allegheny County, which covers Pittsburgh, the area where Biden defeated Trump by his widest margin, by more than 150,000 votes in 2020.",United States,Center Right,National News Outlet,True,True
177755,2024-05-24,Judgment Day: New election laws set to shape how millions vote in November,https://www.washingtonexaminer.com/news/campaigns/3013233/new-election-laws-shape-millions-vote-november/,Washington Examiner,"Hailey Bullis, Mabinty Quarshie","Hailey Bullis, Mabinty Quarshie","https://www.washingtonexaminer.com/wp-content/uploads/2024/05/maricopa-county-election.jpg?resize=1200,683","David Fox, a partner at Elias Law Group who argued that the Wisconsin decision should be overturned in front of the high court, told the Washington Examiner that the elimination of ballot boxes creates a higher risk that a ballot will be received too late to be counted.",United States,Center Right,National News Outlet,True,True
177591,2024-09-19,GOP legal army guards against repeat of Trump's stolen election claims,https://www.washingtonexaminer.com/news/campaigns/presidential/3155588/republicans-2024-legal-army-guards-stolen-election-claims/,Washington Examiner,Mabinty Quarshie,Mabinty Quarshie,"https://www.washingtonexaminer.com/wp-content/uploads/2024/08/AP24206743107136-1-scaled.webp?resize=1200,683","While many are pending up to Election Day, the outlet Democracy Docket, founded by Democratic lawyer Marc Elias, has tracked 20 GOP losses and five wins on mail-in voting cases.",United States,Center Right,National News Outlet,True,True
177581,2020-12-26,The sketchy origins of the FBI’s ‘Trump-Russia’ investigation,https://www.ocregister.com/2020/12/26/the-sketchy-origins-of-the-fbis-trump-russia-investigation/,Orange Count Register,Susan Shelley,Susan Shelley,https://www.ocregister.com/wp-content/uploads/2020/12/Trump_Russia_Probe_Congress_58842-1.jpg?w=1024&h=749,"In the fall of 2019, Marc Elias and Perkins Coie became very active in litigation against states that had strict laws about absentee or mail-in ballots.",United States,Center,Local News Outlet,True,True
177537,2024-10-20,Republicans and Democrats are both preparing for long legal battles over the 2024 election results,https://www.click2houston.com/news/politics/2024/10/20/republicans-and-democrats-are-both-preparing-for-long-legal-battles-over-the-2024-election-results/,Click on Houston,"Alanna Durkin Richer, Colleen Long And Lindsay Whitehurst, Associated Press","Alanna Durkin Richer, Colleen Long And Lindsay Whitehurst","https://res.cloudinary.com/graham-media-group/image/upload/f_auto/q_auto/c_thumb,w_700/v1/media/gmg/BREFNFWOE5D5DIBWUCPGDCTHUY.jpg?_a=DATAg1fkZAA0","With a little over two weeks before Election Day, about 180 voting and election cases have been filed so far this year, according to Democratic lawyer Marc Elias, who founded the election litigation tracking group Democracy Docket.",United States,Center,Local Broadcast News,True,True
177534,2024-10-20,Republicans and Democrats are both preparing for long legal battles over the 2024 election results,https://www.news4jax.com/news/politics/2024/10/20/republicans-and-democrats-are-both-preparing-for-long-legal-battles-over-the-2024-election-results/,NBC 4 Jacksonville,"Alanna Durkin Richer, Colleen Long And Lindsay Whitehurst, Associated Press","Alanna Durkin Richer, Colleen Long And Lindsay Whitehurst","https://res.cloudinary.com/graham-media-group/image/upload/f_auto/q_auto/c_thumb,w_700/v1/media/gmg/BREFNFWOE5D5DIBWUCPGDCTHUY.jpg?_a=DATAg1fkZAA0","With a little over two weeks before Election Day, about 180 voting and election cases have been filed so far this year, according to Democratic lawyer Marc Elias, who founded the election litigation tracking group Democracy Docket.",United States,Center,Local Broadcast News,True,True
177485,2024-10-22,RNC hopes Georgia Supreme Court will undo recent election law defeat,https://www.washingtonexaminer.com/news/campaigns/3197669/rnc-georgia-supreme-court-election-law/,Washington Examiner,Kaelan Deese,Kaelan Deese,"https://www.washingtonexaminer.com/wp-content/uploads/2024/10/Georgia-Oct-15-2024.webp?resize=1200,683","A decision on this request is expected soon, according to Democracy Docket.",United States,Center Right,National News Outlet,False,True
177304,2024-12-16,"Given George Stephanopoulos' carelessness, ABC's defamation settlement with Trump seems prudent",https://reason.com/2024/12/16/given-george-stephanopoulos-carelessness-abcs-defamation-settlement-with-trump-seems-prudent/,Reason,"Jacob Sullum, C. Jarrett Dieterle, Jack Nicastro, Reem Ibrahim, Eric Boehm","C. Jarrett Dieterle, Eric Boehm, Jack Nicastro, Jacob Sullum, Reem Ibrahim",https://d2eehagpk5cl65.cloudfront.net/img/q60/uploads/2024/12/George-Stephanopoulos-4-2-22-Newscom-cropped.jpg,"""

Election lawyer Marc Elias, founder of Democracy Docket, had a stronger take: ""Knee bent.",United States,Right,Opinion Journal,True,True
177275,2022-01-31,Democratic lawyer Marc Elias questions press freedoms after NYT article on 'dark money',https://www.washingtonexaminer.com/news/democratic-lawyer-marc-elias-questions-press-freedoms-after-nyt-article-on-dark-money,Washington Examiner,Jerry Dunleavy,Jerry Dunleavy,"https://www.washingtonexaminer.com/wp-content/uploads/2023/12/ap081204036255.jpg?resize=1200,683","He benefited from “dark money” for years with his Democracy Docket Legal Fund, a “fiscally sponsored project” of the Hopewell Fund, whose board hired a left-wing dark money firm — Arabella Advisors — to manage its fiscal sponsorships.",United States,Center Right,National News Outlet,True,True
176912,2025-08-26,Researcher who has distorted voter data appointed to Homeland Security election integrity role,https://www.clickorlando.com/news/politics/2025/08/26/researcher-who-has-distorted-voted-data-appointed-to-homeland-security-election-integrity-role/,Click on Orlando,"Ali Swenson, Associated Press",Ali Swenson,"https://res.cloudinary.com/graham-media-group/image/upload/f_auto/q_auto/c_thumb,w_700/v1/media/gmg/FBGAEA2V35BOTN7ZUHKWAIDYVE.jpg?_a=DATAg1fkZAA0","Recommended Videos

The political appointment, first reported by Democracy Docket, shows how self-styled election investigators who have thrown themselves into election conspiracy theories since 2020 are now being celebrated by a presidential administration that indulges their false claims.",United States,Center,Local Broadcast News,False,True
176824,2023-10-13,2:00PM Water Cooler 10/13/2023,https://www.nakedcapitalism.com/2023/10/200pm-water-cooler-10-13-2023.html,Naked Capitalism,"Yves Smith, Lambert Strether, View All Posts Lambert Strether, Morgan Everett, Es S Ce Tera","Es S Ce Tera, Lambert Strether, Morgan Everett, View All Posts Lambert Strether, Yves Smith",https://www.nakedcapitalism.com/wp-content/uploads/2023/10/wadi_gaza.png,* * “Wisconsin Republicans Walk Back Efforts to Impeach Newly Elected State Supreme Court Justice Protasiewicz” [Democracy Docket]. ”,United States,Left,Web Publication,False,True
176862,2026-02-09,House set to vote on election rule changes that could limit access for millions,https://www.fox13now.com/politics/elections/house-set-to-vote-on-election-rule-changes-that-could-limit-access-for-millions,Fox 13 News,Joe St. George,Joe St. George,https://ewscripps.brightspotcdn.com/dims4/default/1eb588c/2147483647/strip/true/crop/1024x538+0+73/resize/1200x630!/quality/90/?url=https%3A%2F%2Fewscripps.brightspotcdn.com%2F0b%2F01%2F5f2e68574ea3826176699a475566%2Fap25251758060957.jpg,Democracy Docket reports that at least 21.3 million voters — about 9% of American citizens of voting age — lack access to documents required under the bill.,United States,Center,Local News Outlet,False,True
176763,2023-02-03,Trump Does Complete 180 on Election Issue,https://www.newsweek.com/trump-complete-180-election-issue-1778871,Newsweek,"Nick Mordowanec, Staff Writer",Nick Mordowanec,https://assets.newsweek.com/wp-content/uploads/2025/08/2190333-donald-trump-support-ballot-boxes.jpg?w=1200crop=1,"What Are Ballot Drop Boxes and Where Are They?

Democracy Docket, a self-defined progressive platform that informs citizens about voting rights and elections, wrote in January 2022 that ballot drop boxes were popularized due to the COVID-19 pandemic and the avoidance of in-person voting.",United States,Center Right,National News Outlet,False,True
176826,2023-10-16,Kari Lake handed another legal loss,https://www.newsweek.com/kari-lake-handed-another-legal-loss-1835131,Newsweek,Matthew Impelli,Matthew Impelli,https://assets.newsweek.com/wp-content/uploads/2025/08/2295200-kari-lake.jpg?w=1200crop=1,"""

SCOTTSDALE, ARIZONA - OCTOBER 10: Former Arizona Republican gubernatorial candidate Kari Lake greets supporters after announcing her bid for the seat ... Read More | Getty Images/Rebecca Noble/Getty Images

According to Democracy Docket, Lake's lawsuit argued that ""because electronic machines are often connected to the internet and use software that is not publicly disclosed, the machines are inherently vulnerable to cyberattacks and voting fraud.""",United States,Center Right,National News Outlet,False,True
176827,2023-10-16,"Gov. Roy Cooper, N.C. Democratic Party file lawsuits against two bills",https://www.dailytarheel.com/article/2023/10/city-gov-democrats-legislature-lawsuits,Daily Tar Heel,"Grace Davidson, Kathryn Dehart, Daneen Khan, Dania Al Hadeethi, Jessica Hudnut, Sarah Clements, Joseph Cole","Daneen Khan, Dania Al Hadeethi, Grace Davidson, Jessica Hudnut, Joseph Cole, Kathryn Dehart, Sarah Clements",https://snworksceo.imgix.net/dth/6b10328b-ee2f-4fd4-ac54-8d5bc8e46d1e.sized-1000x1000.jpg?w=800&fit=crop&crop=faces%2Cedges&ar=16%3A9,"Paige Anderholm, a staff writer at Democracy Docket, said that because of the elimination of the three-day grace period, mail-in ballots received after the new deadline will not be counted.",United States,Center,Local News Outlet,False,True
176799,2023-07-17,Alabama's new congressional map may violate Supreme Court order,https://www.newsweek.com/alabama-new-congressional-map-may-violate-supreme-court-order-1813530,Newsweek,"Nick Mordowanec, Staff Writer",Nick Mordowanec,https://assets.newsweek.com/wp-content/uploads/2025/08/2258553-alabama-new-congressional-map-may-violate-courtorder.jpg?w=1200crop=1,"""Republicans in Alabama had a choice between complying with the court's order and being allowed to redraw the map or ignoring the court's order and having the court do the redraw,"" tweeted Marc Elias, attorney and founder of the Democracy Docket Twitter account.",United States,Center Right,National News Outlet,True,True
176777,2023-05-06,"Florida ""will be sued"" for latest election bill, lawyer warns",https://www.newsweek.com/florida-will-sued-latest-election-bill-lawyer-warns-1798846,Newsweek,"Andrew Stanton, Weekend Staff Writer","Andrew Stanton, Weekend Staff Writer",https://assets.newsweek.com/wp-content/uploads/2025/08/2231675-florida-will-sued-election-bill-lawyer.jpg?w=1200crop=1,"His warning comes as the organization Democracy Docket, which monitors election lawsuits across the U.S., said it is tracking the legislation.",United States,Center Right,National News Outlet,False,True
176774,2023-04-26,GOP tries to keep abortion rights off ballot after big losses,https://www.salon.com/2023/04/26/cant-win-so-they-cheat-tries-to-keep-abortion-rights-off-ballot-after-big-losses_partner/,Salon,Jake Johnson,Jake Johnson,https://www.salon.com/app/uploads/2022/09/michigan-abortion-rights-protest-1240524628.jpeg,"In January alone, Missouri Republicans introduced a dozen bills aimed at undercutting the ballot initiative process and weakening citizen lawmaking.

Democracy Docket noted that two of the Republican-authored resolutions in Missouri would, like the proposed amendment in Ohio, “raise the threshold to approve constitutional amendments to 60%.”",United States,Left,Web Publication,False,True
176755,2023-01-11,"Right-wingers filed nearly 100 anti-voter lawsuits, analysis shows",https://www.salon.com/2023/01/11/staggering-number-right-wingers-filed-nearly-100-anti-analysis-shows_partner/,Salon,Kenny Stancil,Kenny Stancil,https://www.salon.com/app/uploads/2022/11/ronna-mcdaniel-1243546934.jpg,"The good news, states the report, is that “when the fight over voting rights shifted from legislative chambers to courtrooms this year, courts overwhelmingly protected the right to vote, particularly in advance of the midterm elections.”

Democracy Docket found that of the 175 democracy-related court orders issued across 28 states in 2022, 116 were “victories for voters,” 35 were “losses for voters,” and 24 had a neutral impact on the electorate.",United States,Left,Web Publication,True,True
176751,2024-03-25,Viewpoints: School Board Runoff is Voter Suppression,https://chapelboro.com/town-square/viewpoints-school-board-runoff-is-voter-suppression,Chappelborro,,,http://chapelboromedia.s3.amazonaws.com/wp-content/uploads/2023/11/05174217/Viewpoints-2022_FI-1.png,"Democracy Docket; Wilson, R. (2014, June 4) Runoff Elections:",United States,Center,Web Publication,False,True
176719,2022-11-08,Legal Battle in Pennsylvania over Undated Mail-in Ballots,https://www.factcheck.org/2022/11/legal-battle-in-pennsylvania-over-undated-mail-in-ballots/,The FactCheck.org,"Robert Farley, .Wp-Block-Co-Authors-Plus-Coauthors.Is-Layout-Flow, Class, Wp-Block-Co-Authors-Plus, Display Inline, .Wp-Block-Co-Authors-Plus-Avatar, Where Img, Height Auto Max-Width, Vertical-Align Bottom .Wp-Block-Co-Authors-Plus-Coauthors.Is-Layout-Flow .Wp-Block-Co-Authors-Plus-Avatar, Vertical-Align Middle .Wp-Block-Co-Authors-Plus-Avatar Is .Alignleft .Alignright",Robert Farley,https://cdn.factcheck.org/UploadedFiles/Mail-inBalllot.png,"Had the county been prohibited from pre-canvassing, wrote Democracy Docket, a website run by Democratic lawyer Marc Elias, it “would have effectively made it impossible for Monroe County voters to cure their mail-in ballots.”",United States,Center Left,Web Publication,True,True
176704,2022-11-07,GOP sues to throw out thousands of ballots in key swing states,https://www.salon.com/2022/11/07/this-is-not-about-stopping-fraud-sues-to-throw-out-thousands-of-ballots-in-key-swing-states_partner/,Salon,Jake Johnson,Jake Johnson,https://www.salon.com/app/uploads/2022/11/ronna-mcdaniel-1243546934.jpg,"These lawsuits not only burden already busy election offices, but also fuel Republican claims that our election system is rigged and provide a pretext to subvert the results.https://t.co/CqoioJjInT — Democracy Docket (@DemocracyDocket) November 7, 2022

“They’re looking for every advantage they can get, and they’ve calculated that this is a way that they can win more seats,” Sylvia Albert, director of voting and elections for the democracy watchdog group Common Cause, told The Washington Post, which reported Monday that “the potential for chaos is especially high in Pennsylvania, where the legal fight is ongoing and could influence or postpone the outcome in some of the state’s tightest races.”",United States,Left,Web Publication,False,True
176702,2022-11-03,GOP reassembles lawyers who pushed bogus 2020 lawsuits for midterms,https://www.salon.com/2022/11/03/reassembles-dozens-of-lawyers-pushed-bogus-2020-ahead-of-2022-midterms_partner/,Salon,Bob Brigham,Bob Brigham,https://www.salon.com/app/uploads/2021/02/cleta-mitchell-0205211.jpg,"More than 115 cases have been filed this year, with a roughly even split between groups aligned with Republicans and Democrats, according to Democracy Docket, a left-leaning website that tracks election litigation.",United States,Left,Web Publication,False,True
176695,2022-10-29,Republicans Want to Stop You From Voting. Here's How to Fight Back,https://www.rollingstone.com/politics/political-commentary/republican-voter-suppression-midterm-elections-1234620519/,Rolling Stone,"Jay Michaelson, .Wp-Block-Co-Authors-Plus-Coauthors.Is-Layout-Flow, Class, Wp-Block-Co-Authors-Plus, Display Inline, .Wp-Block-Co-Authors-Plus-Avatar, Where Img, Height Auto Max-Width, Vertical-Align Bottom .Wp-Block-Co-Authors-Plus-Coauthors.Is-Layout-Flow .Wp-Block-Co-Authors-Plus-Avatar, Vertical-Align Middle .Wp-Block-Co-Authors-Plus-Avatar Is .Alignleft .Alignright",Jay Michaelson,https://www.rollingstone.com/wp-content/uploads/2022/10/gop-voter-suppression.jpg?w=1600&h=900&crop=1,"Follow the Leadership Conference on Civil and Human Rights, or the ACLU, Fair Fight, VoteRiders, Democracy Docket, Movement Voter Project, People for the American Way, Voters of Tomorrow, or the other groups working on this issue.",United States,Left,Web Publication,False,True
176688,2022-10-26,Mogul Steve Wynn’s newest project: Making it harder to vote,https://www.salon.com/2022/10/26/real-estate-mogul-steve-wynns-newest-project-making-it-harder-to-vote_partner/,Salon,Jessica Goodheart,Jessica Goodheart,https://www.salon.com/app/uploads/2022/10/steve-wynn-515908366.jpg,"The organization’s launch came just as other Republican-affiliated groups were stepping up their efforts to restrict voting, according to a recently released report by Democracy Docket, a group led by Democratic elections attorney Marc Elias.",United States,Left,Web Publication,True,True
176517,2021-02-27,GOP “tidal wave of voter suppression”: 253 restrictions in 43 states,https://www.salon.com/2021/02/27/republicans-roll-out-tidal-wave-of-voter-suppression-253-restrictive-bills-in-43-states/,Salon,Igor Derysh,Igor Derysh,https://www.salon.com/app/uploads/2021/02/ron-desantis-0225211.jpg,"“We are about to be hit with a tidal wave of voter suppression legislation by Republican legislatures throughout the country,” warned Marc Elias, a prominent Democratic attorney and founder of the voting rights advocacy group Democracy Docket, who batted back many of the election lawsuits filed by Trump and his supporters.",United States,Left,Web Publication,True,True
176508,2021-02-05,Critics lambaste errors in Trump impeachment defense filing,https://www.salon.com/2021/02/05/experts-lambaste-errors--both-spelling-and-legal--in-trump-impeachment-defense-filing_partner/,Salon,Brett Wilkins,Brett Wilkins,https://www.salon.com/app/uploads/2020/01/donald-trump-impeachment-0121201.jpg,"Bump and others, including Marc E. Elias, an attorney and founder of the progressive advocacy group Democracy Docket, lambasted the Trump document’s assertion that “under the convenient guise of Covid-19 pandemic ‘safeguards’ states election laws and procedures were changed by local politicians or judges without the necessary approvals from state legislatures.”

Advertisement:

Another central argument of Trump’s trial defense involves the former president’s right to free speech.",United States,Left,Web Publication,False,True
176484,2021-03-28,Corporations Are Facing Pressure to Reject Georgia Republicans’ Assault on Voting Rights,https://www.vanityfair.com/news/2021/03/corporations-are-facing-pressure-to-reject-georgia-republicans-assault-on-voting-rights,Vanity Fair,Charlotte Klein,Charlotte Klein,"https://media.vanityfair.com/photos/6060b4fa382324c437678f7f/16:9/w_1280,c_limit/Protest-Georgia.jpg","Along with Coca-Cola, Home Depot, and Delta Airlines, voting rights platform Democracy Docket said Aflac and UPS are among other state businesses facing economic pressure to voice their opposition to the law, NBC reports.",United States,Center,Web Publication,False,True
176393,2021-02-27,GOP “tidal wave of voter suppression”: 253 restrictions in 43 states,https://www.salon.com/2021/02/27/republicans-roll-out-tidal-wave-of-voter-suppression-253-restrictive-bills-in-43-states/?scrolla=5eb6d68b7fedc32c19ef33b4,Salon,Igor Derysh,Igor Derysh,https://www.salon.com/app/uploads/2021/02/ron-desantis-0225211.jpg,"“We are about to be hit with a tidal wave of voter suppression legislation by Republican legislatures throughout the country,” warned Marc Elias, a prominent Democratic attorney and founder of the voting rights advocacy group Democracy Docket, who batted back many of the election lawsuits filed by Trump and his supporters.",United States,Left,Web Publication,True,True
176369,2021-11-08,North Carolina Sued Over Newly Passed Maps Favoring GOP,https://chapelboro.com/news/state-government/north-carolina-sued-over-newly-passed-maps-favoring-gop,Chappelborro,Associated Press,,http://chapelboromedia.s3.amazonaws.com/uploads/2021/02/09183045/north-carolina-senate-general-assembly-floor-AP.jpeg,"An organization formed by Marc Elias, a prominent Democratic lawyer, announced Friday that a group of voters who successfully challenged previous North Carolina maps will now make a similar appeal in state court contesting the latest congressional maps.",United States,Center,Web Publication,True,True
176305,2020-12-11,Is This When Ivanka Will Run Against Little Marco Rubio?,https://www.thedailybeast.com/is-this-when-ivanka-will-run-against-little-marco-rubio?source=articles&via=rss,Daily Beast,"The Daily Beast, Mandy Velez, Got A Tip, Send It To The Daily Beast, Wiktoria Gucia, William Vaillancourt, Josh Fiallo, Olivia Ralph, Tom Sykes","Got A Tip, Josh Fiallo, Mandy Velez, Olivia Ralph, Send It To The Daily Beast, The Daily Beast, Tom Sykes, Wiktoria Gucia, William Vaillancourt",https://www.thedailybeast.com/resizer/v2/CA6Q3QOW3JKC3L3XGKOG6DTQ5I.jpg?smart=true&auth=c072636d9f33cfbcc0279ce24876865358bef9d8479ed3c83d1f0c51ba74b5f3&width=1200&height=630,"Then, Democracy Docket founder Marc Elias walks us through what it’s been like fighting against Trump’s voter fraud cases across the country, and explains the hilarious reason the president was able to win just one.",United States,Left,Web Publication,True,True
176232,2024-10-20,Republicans and Democrats are both preparing for long legal battles over the 2024 election results,https://apnews.com/article/election-2024-harris-trump-legal-challenges-563936d90d83de456e704de7d03b5063,AP News,"Richer Covers The Justice Department, Federal Courts. She Joined The Ap In, Is Based In Washington., Long Covered The White House For The Associated Press Until She Focused On Domestic Policy Including Immigration, Law Enforcement, Legal Affairs., Whitehurst Covers The Supreme Court, Legal Affairs For The Associated Press. She S Won Multiple Journalism Awards In A Career That S Spanned Two Decades.","Federal Courts. She Joined The Ap In, Is Based In Washington., Law Enforcement, Legal Affairs., Richer Covers The Justice Department, Whitehurst Covers The Supreme Court",https://dims.apnews.com/dims4/default/424874d/2147483647/strip/true/crop/3247x2164+0+3/resize/980x653!/quality/90/?url=https%3A%2F%2Fassets.apnews.com%2F7e%2F5c%2F13e41422dcaf002e324790951193%2Fa3e68a493ed64a5880c1cfbfbaa0cdc8,"With a little over two weeks before Election Day, about 180 voting and election cases have been filed so far this year, according to Democratic lawyer Marc Elias, who founded the election litigation tracking group Democracy Docket.",United States,Center,Web Publication,True,True
176207,2024-10-22,Democrats prepare to wage legal war with GOP over election,https://www.newsweek.com/democrats-election-lawsuits-gop-donald-trump-1972169,Newsweek,"Ewan Palmer, News Reporter","Ewan Palmer, News Reporter",https://assets.newsweek.com/wp-content/uploads/2025/08/2499980-democrats-prepare-legal-war-gop-over-election.png?w=1200crop=1,"Marc Elias, a longtime lawyer for the Democratic National Committee and founder of the progressive voting rights platform Democracy Docket, said that there are around 191 active voting and election cases pending in 39 states.",United States,Center Right,National News Outlet,True,True
176190,2020-09-24,Trump's False Claim About Mail Ballot Signatures in Nevada,https://www.factcheck.org/2020/09/trumps-false-claim-about-mail-ballot-signatures-in-nevada/,The FactCheck.org,"Rem Rieder, .Wp-Block-Co-Authors-Plus-Coauthors.Is-Layout-Flow, Class, Wp-Block-Co-Authors-Plus, Display Inline, .Wp-Block-Co-Authors-Plus-Avatar, Where Img, Height Auto Max-Width, Vertical-Align Bottom .Wp-Block-Co-Authors-Plus-Coauthors.Is-Layout-Flow .Wp-Block-Co-Authors-Plus-Avatar, Vertical-Align Middle .Wp-Block-Co-Authors-Plus-Avatar Is .Alignleft .Alignright",Rem Rieder,https://cdn.factcheck.org/UploadedFiles/signature.png,"Earlier this year, the group Democracy Docket sued Nevada over the way it dealt with signature verification for mail ballots.",United States,Center Left,Web Publication,False,True
176129,2024-10-26,Election integrity doubters pressing unsupported claims get warm reception in Clackamas County,https://www.oregonlive.com/politics/2024/10/election-integrity-doubters-pressing-unsupported-claims-get-warm-reception-in-clackamas-county.html,Oregon Live,"Noelle Crombie, Ncrombie Oregonian.Com, The Oregonian Oregonlive","Ncrombie Oregonian.Com, Noelle Crombie, The Oregonian Oregonlive",https://www.oregonlive.com/resizer/v2/BUHWNVLP4ZHKTESR2PVIGUFP3A.jpg?auth=32d0ed41b491b4f2c63982de5d0bc20df86a00a3f897f585e292fd59f2f67632&width=1280&smart=true&quality=90,"Their testimony is part of a national strategy by United Sovereign Americans, said Matt Cohen, a senior staff writer at Democracy Docket, a left-leaning group tracking voting rights and election litigation.",United States,Center,Local News Outlet,False,True
176126,2024-10-30,"Supreme Court's Virginia ruling stuns legal analysts: ""disgraceful""",https://www.newsweek.com/supreme-court-removal-virginia-voters-ballot-ruling-1977410,Newsweek,"Sean O'Driscoll, Senior Crime, Courts Reporter","Courts Reporter, Sean O'Driscoll",https://assets.newsweek.com/wp-content/uploads/2025/08/2508066-virginia-voters.jpg?w=1200crop=1,"Marc E. Elias, a lawyer and founder of the watchdog group Democracy Docket, wrote that the Supreme Court has reinstated ""Virginia Gov. Glenn Youngkin's voter purge program.",United States,Center Right,National News Outlet,False,True
176115,2021-12-01,Georgia Rejects Record Number of Absentee Ballot Requests Under New Voting Laws,https://www.salon.com/2021/12/01/what-suppression-looks-like-rejected-ballot-requests-up-400-after-new-georgia-voting-law/,Salon,Igor Derysh,Igor Derysh,https://www.salon.com/app/uploads/2020/05/brian-kemp-0506201.jpg,"“This law wasn’t designed for ‘election integrity’ as Republicans have claimed — it was designed to make it harder for voters to reach the ballot box,” Elias’ voting advocacy group, Democracy Docket, said in a statement.",United States,Left,Web Publication,True,True
176026,2020-04-24,SCOTUS Won’t Protect the 2020 Election From COVID-19,https://slate.com/news-and-politics/2020/04/state-supreme-court-coronavirus-election.html?via=rss,Slate,Mark Joseph Stern,Mark Joseph Stern,https://compote.slate.com/images/80a34ed8-0124-48b7-bc4b-c40e69d2baba.jpeg?width=1560&rect=5202x3468&offset=244x0,"Lawyers affiliated with Democracy Docket have filed a spate of litigation asking state courts to ensure that every citizen can vote absentee, safely and at no cost, in November.",United States,Left,Web Publication,True,True
175945,2024-12-27,"Election lawyer warns GOP plotting new ""voter suppression laws""",https://www.salon.com/2024/12/27/lawyer-warns-majority-plotting-new-voter-suppression-laws-to-get-partisan-advantage/,Salon,Griffin Eckstein,Griffin Eckstein,https://www.salon.com/app/uploads/2024/06/donald_trump_mike_johnson_2156408618_2156775385.jpg,"Marc Elias, a prominent Democratic election lawyer and founder of voting rights organization Democracy Docket, condemned the attempt.",United States,Left,Web Publication,True,True
175922,2025-02-19,"DNC intervenes in North Carolina Supreme Court fight, accuses GOP of trying to ""steal an election""",https://www.salon.com/2025/02/19/dnc-intervenes-in-north-carolina-fight-accuses-of-trying-to-steal-an-election/,Salon,Russell Payne,Russell Payne,https://www.salon.com/app/uploads/2025/02/justice_allison_riggs_01.jpg,"That, according to Democracy Docket, is likely due to the Court of Appeals being viewed as ""a venue more favorable"" to Griffin; if he wins there, Republicans are more likely to ultimately prevail, even if the state Supreme Court issues a split decision.",United States,Left,Web Publication,False,True
175921,2025-02-20,Elon Musk targeted by lawyer in scathing letter,https://www.newsweek.com/doge-elon-musk-federal-cuts-lawyer-open-letter-marc-elias-norm-eisen-donald-trump-2033946,Newsweek,"Sean O'Driscoll, Senior Crime, Courts Reporter","Courts Reporter, Sean O'Driscoll",https://assets.newsweek.com/wp-content/uploads/2025/08/2592446-elon-musk.jpg?w=1200crop=1,"A progressive attorney has written an open letter to Department of Government Efficiency (DOGE) head Elon Musk, accusing him of undermining democracy and vowing never to buy a Tesla car again.

Why It Matters

In his letter, Marc Elias, an election attorney for Democratic politicians, plays into a debate about the President Donald Trump's drastic cuts to the federal budget and Musk's role in that process.",United States,Center Right,National News Outlet,True,True
173570,2024-12-10,"Hardball Democrat lawyer promises more 'ruthless' tactics to stop Trump and Republicans * WorldNetDaily * by Paul Sperry, Real Clear Wire",https://www.wnd.com/2024/12/hardball-democrat-lawyer-promises-more-ruthless-tactics-to-stop-trump-and-republicans/?utm_source=rss&utm_medium=rss&utm_campaign=hardball-democrat-lawyer-promises-more-ruthless-tactics-to-stop-trump-and-republicans,World Net Daily,,,https://www.wnd.com/wp-content/uploads/2024/06/republicans-democrats-symbols-1200x630.jpg,"“They want people who aren’t registered, don’t have IDs, or live out of state to be counted,” he said on X.

After the election, Elias complained he had lost more than 50,000 followers on X. He has used the political platform to plug his digital newsletter, “Democracy Docket,” and attract paid subscribers for the for-profit website, which he started in 2020.",United States,Right,Web Publication,True,True
176127,2024-10-29,2:00PM Water Cooler 10/29/2024,https://www.nakedcapitalism.com/2024/10/200pm-water-cooler-10-29-2024.html,Naked Capitalism,"Yves Smith, Lambert Strether, View All Posts Lambert Strether, Lyman Alpha Blob, Michael Maratsos","Lambert Strether, Lyman Alpha Blob, Michael Maratsos, View All Posts Lambert Strether, Yves Smith",https://www.nakedcapitalism.com/wp-content/uploads/2024/10/rcp_2024-10-25.png,"Here are the top 5:

Georgia 24

Pennsylvania 17

North Carolina 15

Wisconsin 14

Arizona 14 Sign-up to Democracy Docket to stay informed.",United States,Left,Web Publication,False,True
176853,2023-12-12,Independent redistricting commission ballot questions challenged by Democrats,https://thenevadaindependent.com/article/independent-redistricting-commission-ballot-questions-challenged-by-democrats,Nevada Independent,,,https://storage.googleapis.com/cdn.thenevadaindependent.com/2023/07/111521_nvleg_00401.jpg,The lawsuits — both filed Thursday in Carson City District Court by Bravo Schrager and Elias Law Group on behalf of Las Vegas-based Democratic voter Eric Jeng — argue that the ballot questions violate the Nevada Constitution because they would create a new state body (an independent redistricting commission) without raising revenue necessary to pay for the expenses of the commission and because the descriptions on signature-gathering forms accompanying the initiatives fail to mention the cost.,United States,Unspecified,Local News Outlet,True,True
171019,2026-02-11,Our Democracy Depends on Rejecting This Charade': GOP Pushes Bills to Prevent Millions From Voting,https://www.commondreams.org/news/republicans-voter-suppression-bills,Common Dreams,Jake Johnson,Jake Johnson,https://www.commondreams.org/media-library/us-rep-bryan-steil.jpg?id=64197088&width=1200&height=600&coordinates=0%2C417%2C0%2C418,"👇Learn more:https://t.co/kkm6ISuedX pic.twitter.com/g2kRbLIxGX

— Democracy Docket (@DemocracyDocket) February 10, 2026

Both the SAVE Act—which is expected to get a House vote this week—and the MEGA Act would impose severe restrictions on voting access by effectively eliminating voter registration by mail, implementing nationwide photo ID requirements, banning universal mail-in ballots for federal elections, allowing massive voter roll purges, and threatening nonpartisan election officials with imprisonment if they fail to uphold the bills' strict voter documentation requirements.",United States,Left,Web Publication,False,True
179050,2026-02-26,Why is Trump going after Netflix’s Susan Rice?,https://theweek.com/business/trump-netflix-susan-rice-state-run-capitalism,The Week,"Joel Mathis, The Week Us, Social Links Navigation","Joel Mathis, Social Links Navigation, The Week Us",https://cdn.mos.cms.futurecdn.net/mQRRojnVHqRtBNy5jBimyU-2000-80.jpg,"The president is demanding Rice be fired “because she exercised her First Amendment right to criticize him,” Marc Elias said at Democracy Docket .",United States,Center,Web Publication,True,True
179061,2026-02-26,Florida Republicans Ripped for Advancing Show-Me-Your-Papers Voter ID Bill,https://www.commondreams.org/news/florida-voter-id,Common Dreams,"Jessica Corbett, Jessica Corbett Is A Senior Editor, Staff Writer For Common Dreams.","Jessica Corbett, Jessica Corbett Is A Senior Editor, Staff Writer For Common Dreams.",https://www.commondreams.org/media-library/image.jpg?id=65024628&width=1200&height=600&coordinates=0%2C416%2C0%2C417,"""

Michelle Kanter Cohen, policy director and senior counsel for the national voting rights group Fair Elections Center, told Democracy Docket on Wednesday that Florida's voter suppression bill ""would do a lot of the same things,"" as the SAVE America Act, ""in terms of preventing American citizens from voting who don't have access to documentary proof of citizenship documents.",United States,Left,Web Publication,False,True
179062,2026-02-26,The Franchise: Trump’s (Election) Lie-Laden State of the Union,https://talkingpointsmemo.com/the-franchise/the-franchise-trumps-election-lie-laden-state-of-the-union,Talking Points Memo,"Khaya Himmelman, Is A Reporter At Tpm, Based In New York. She Previously Covered Politics, Misinformation For The Messenger, Grid, The Dispatch., .Wp-Block-Co-Authors-Plus-Coauthors.Is-Layout-Flow, Class, Wp-Block-Co-Authors-Plus, Display Inline","Grid, Is A Reporter At Tpm, Khaya Himmelman, Misinformation For The Messenger, The Dispatch.",https://talkingpointsmemo.com/wp-content/uploads/2026/02/franchise-trumps-SOTU-lies.jpg?w=804,"In Other Election News

‘A really really big decision’: The court cases looming over the midterms (Politico)

Georgia State Election Board declines to seize control of Fulton County elections, for now (Georgia Recorder)

Exclusive: State election chiefs are huddling to plan responses to Trump’s expected interference in midterms (Democracy Docket)",United States,Left,Web Publication,False,True
175855,2025-05-06,Donald Trump's legal nemesis makes vow after '60 Minutes' segment,https://www.newsweek.com/donald-trump-nemesis-vow-60-minutes-2068429,Newsweek,"Khaleda Rahman, National Correspondent","Khaleda Rahman, National Correspondent",https://assets.newsweek.com/wp-content/uploads/2025/08/2639167-attorney-marc-elias.jpg?w=1200crop=1,"""I have no doubt that Trump's hateful words are not behind me,"" Elias, who has represented Hillary Clinton and Kamala Harris' presidential campaigns, wrote in an op-ed for Democracy Docket, which he founded, on Monday.",United States,Center Right,National News Outlet,True,True
175653,2025-08-13,Posse Comitatus and Trump's Post-Constitutional Order,https://www.nakedcapitalism.com/2025/08/posse-comitatus-trump-california-washington-dc-texas-redistricting.html,Naked Capitalism,"Yves Smith, Nat Wilson Turner, View All Posts Nat Wilson Turner, Lyman Alpha Blob, Nn Cassandra, Thousand Points Of Green","Lyman Alpha Blob, Nat Wilson Turner, Nn Cassandra, Thousand Points Of Green, View All Posts Nat Wilson Turner, Yves Smith",https://www.nakedcapitalism.com/favicon.ico,"There has already been some interesting testimony in the trial, via Democracy Docket:

The second day of trial again saw testimony from Maj. Gen. Scott Sherman, the head of Task Force 51, which oversaw the National Guard troops and Marines involved in the military mission to Los Angeles.",United States,Left,Web Publication,False,True
175647,2025-08-26,Researcher who has distorted voter data appointed to Homeland Security election integrity role,https://apnews.com/article/heather-honey-trump-election-integrity-homeland-security-e00b0dd4df548d317ce2186a3249f6f0,AP News,"Swenson Covers Politics, The Information Landscape For The Associated Press. She Is Based In New York.",Swenson Covers Politics,https://dims.apnews.com/dims4/default/46cf748/2147483647/strip/true/crop/2571x1713+0+1/resize/980x653!/quality/90/?url=https%3A%2F%2Fassets.apnews.com%2F8d%2Fe9%2F20c9d25e2a1148275e7e27c4b4f6%2F31c28cdc5a2744f894bdb94b9571caa8,"The political appointment, first reported by Democracy Docket, shows how self-styled election investigators who have thrown themselves into election conspiracy theories since 2020 are now being celebrated by a presidential administration that indulges their false claims.",United States,Center,Web Publication,False,True
175645,2025-08-27,She pushed to overturn Trumpâs loss in 2020. Now sheâll help oversee U.S. election security,https://www.salon.com/2025/08/27/she-pushed-to-overturn-trumps-loss-in-2020-now-shell-help-oversee-u-s-election-security_partner/,Salon,Doug Bock Clark,Doug Bock Clark,https://www.salon.com/app/uploads/2022/01/stop-the-steal-rally-protest-pennsylvania-state-capitol-0105221.jpg,"Her name is listed on the organization’s leadership structure online, and her appointment was first reported by the website Democracy Docket.",United States,Left,Web Publication,False,True
175590,2025-12-08,Elon Musk’s DOGE remark to Joe Rogan appears in court papers,https://www.newsweek.com/elon-musk-doge-remark-joe-rogan-court-papers-11174144,Newsweek,"Robert Alexander, Senior Crime, Court Reporter","Court Reporter, Robert Alexander",https://assets.newsweek.com/wp-content/uploads/2025/12/L-R-Elon-Musk-Joe-Rogan.jpg?w=1200crop=1,"""

Jacqueline Simon, public policy director for the American Federation of Government Employees, in an interview with Democracy Docket.",United States,Center Right,National News Outlet,False,True
175587,2025-12-09,Republicans challenge limits on campaign donations in a case before the Supreme Court,https://www.pbs.org/newshour/show/republicans-challenge-limits-on-campaign-donations-in-a-case-before-the-supreme-court,PBS NewsHour,"Lisa Desjardins, Ali Schmitz","Ali Schmitz, Lisa Desjardins",https://d3i6fh83elv35t.cloudfront.net/static/2025/12/moneyinpolitics-1024x768.jpg,"Marc Elias:

If the coordinated party's spending limits go away, then now the money that is going into those committees in these hundreds of thousands of dollar checks or million-dollar checks can now be spent on an unlimited basis to benefit a particular candidate.",United States,Center Left,National News Outlet,True,True
175565,2026-01-25,Bondi Faces Fury Over Insane Conditions for ICE Withdrawal,https://www.thedailybeast.com/bondi-faces-fury-over-insane-conditions-for-ice-withdrawal/,Daily Beast,"Farrah Tomazin, Political Correspondent, Farrah.Tomazin Thedailybeast.Com, Got A Tip, Send It To The Daily Beast, Wiktoria Gucia, William Vaillancourt, Josh Fiallo, Olivia Ralph, Jack Revell","Farrah Tomazin, Farrah.Tomazin Thedailybeast.Com, Got A Tip, Jack Revell, Josh Fiallo, Olivia Ralph, Political Correspondent, Send It To The Daily Beast, Wiktoria Gucia, William Vaillancourt",https://www.thedailybeast.com/resizer/v2/ZTWW6YCSCNE4VIW5LIDAFAGINQ.jpg?smart=true&auth=25a2a8c6dd992b6c5f2720f3903ecf496f1d233337109b5b195fca3ff3b3f66c&width=1200&height=630,"However, others believe the administration’s motivations are far more sinister, likening it to “extortion.”

Elections attorney Marc Elias warned that the move was part of a broader effort to “collect big data, to make it harder for you to vote, and easier for them to cheat.”",United States,Left,Web Publication,True,True
175506,2023-12-30,"Maine Democrat who barred Trump from ballot met with Biden twice, called Electoral College 'white supremacy'",https://www.foxnews.com/politics/maine-democrat-barred-trump-ballot-met-biden-year-electoral-college-white-supremacy,Fox News,Kyle Morris,Kyle Morris,https://static.foxnews.com/foxnews.com/content/uploads/2023/12/Joe-Biden-Shenna-Bellows.jpg,"Shortly after taking office, Bellows penned an op-ed for a progressive platform known as the Democracy Docket.",United States,Right,Cable TV News,False,True
167818,2026-01-22,"AI Bot Swarms Spread Adaptive Disinformation, Undermining Elections and Democracy",https://www.webpronews.com/ai-bot-swarms-spread-adaptive-disinformation-undermining-elections-and-democracy/,WebProNews,John Marshall,John Marshall,https://www.webpronews.com/wp-content/uploads/2026/01/article-7119-1769116744.jpeg,"In the U.S., secretaries of state are collaborating on anti-disinformation tools, as mentioned in X posts from organizations like Democracy Docket.",United States,Center Right,Web Publication,False,True
167851,2026-01-04,Trump Admin Demands Access to EU Police Data in Visa Waiver Push,https://www.webpronews.com/trump-admin-demands-access-to-eu-police-data-in-visa-waiver-push/,WebProNews,Eric Hastings,Eric Hastings,https://www.webpronews.com/wp-content/uploads/2026/01/article-5443-1767551913.jpeg,"Recent web searches reveal ongoing discussions, with a Democracy Docket opinion piece warning of the Trump DOJ’s broader data aggregation ambitions, potentially using AI to mine vast datasets for predictive policing.",United States,Center Right,Web Publication,False,True
167930,2025-11-11,CISA’s Cyber Collapse: Politics Gutting America’s Election Shields,https://www.webpronews.com/cisas-cyber-collapse-politics-gutting-americas-election-shields/,WebProNews,Juan Vasquez,Juan Vasquez,https://www.webpronews.com/wp-content/uploads/2025/11/article-866-1762798979.jpeg,"Posts on X from users like Democracy Docket, dated March 11, 2025, amplified concerns: CISA officially cut funding for state and local election offices, with a spokesperson citing shifted department priorities.",United States,Center Right,Web Publication,False,True
176114,2024-11-03,"The Ballot is Stronger than the Bullet,"" So Let the Games Begin!",https://www.nakedcapitalism.com/2024/11/the-ballot-is-stronger-than-the-bullet-so-let-the-games-begin.html,Naked Capitalism,"Yves Smith, Lambert Strether, View All Posts Lambert Strether, Lyman Alpha Blob, Michael Maratsos","Lambert Strether, Lyman Alpha Blob, Michael Maratsos, View All Posts Lambert Strether, Yves Smith",https://www.nakedcapitalism.com/wp-content/uploads/2024/11/dhs_election.png,"Why leave twenty dollar bills on the street?

And speaking of twenty bucks lying in the street, here’s a tweet from Marc Elias, Democrat election lawyer extraordinaire and the cut-out through whom the Clinton campaign laundered its payments to spook Christopher Steele, of dossier fame.",United States,Left,Web Publication,True,True
175994,2024-11-22,2:00PM Water Cooler 11/22/2024,https://www.nakedcapitalism.com/2024/11/200pm-water-cooler-11-22-2024.html,Naked Capitalism,"Yves Smith, Lambert Strether, View All Posts Lambert Strether, Arkady Bogdanov","Arkady Bogdanov, Lambert Strether, View All Posts Lambert Strether, Yves Smith",https://www.nakedcapitalism.com/wp-content/uploads/2024/11/covid-cdc-ww-natl-3.png,"And: “Omidyar’s group routed $750,000 in April to a project called Free Election Fund, which is associated with Marc Elias, the Democratic superlawyer who pushed the discredited Steele Dossier aiming to link Trump to Russia falsely in 2016...",United States,Left,Web Publication,True,True
167944,2025-09-28,US Shutdown Looms: Cybersecurity Act at Risk Amid China-Russia Threats,https://www.webpronews.com/us-shutdown-looms-cybersecurity-act-at-risk-amid-china-russia-threats/,WebProNews,Zane Howard,Zane Howard,https://www.webpronews.com/wp-content/uploads/2025/09/xai-tmp-imgen-3dcf6f75-2d5a-4bf1-96da-8575a8c42894.jpeg,"X posts from election watchdogs like Democracy Docket express concerns over CISA’s potential gutting under initiatives like Project 2025, which could weaken defenses against cyber threats to voting systems.",United States,Center Right,Web Publication,False,True
178327,2026-02-17,The 2026 Elections: Resisting the Rigging,https://prospect.org/2026/02/17/2026-elections-resisting-rigging-trump-students/,The American Prospect,Robert Kuttner,Robert Kuttner,https://i0.wp.com/prospect.org/wp-content/uploads/2026/02/Kuttner-Students-Trump-021726.jpg?fit=2000%2C1333&ssl=1,"They include the Brennan Center for Justice, the NAACP Legal Defense Fund, Protect Democracy, Democracy Docket, as well as Democratic secretaries of state and attorneys general.",United States,Left,Opinion Journal,False,True
176240,2020-11-02,Here are 19 tools and resources for covering the 2020 presidential election,https://www.poynter.org/reporting-editing/2020/here-are-19-tools-and-resources-for-covering-the-2020-presidential-election/,Poynter,"Al Tompkins, Al Tompkins Is One Of America'S Most Requested Broadcast Journalism, Multimedia Teachers, Coaches. After Nearly Years Working As A Reporter, Photojournalist, Producer, .Wp-Block-Co-Authors-Plus-Coauthors.Is-Layout-Flow, Class, Wp-Block-Co-Authors-Plus, Display Inline","Al Tompkins, Multimedia Teachers, Photojournalist, Producer",https://www.poynter.org/wp-content/uploads/2020/11/AP_20304651166703-1500x1000.jpg,Democrats have Democracy Docket.,United States,Center,Research Organization,False,True
171011,2026-02-13,SAVE And MEGA Acts Could Help Trump Take Over Our Elections,https://blackamericaweb.com/2026/02/13/save-mega-acts-help-trump-take-over-elections/,Black America Web,Anoa Changa-Peck,Anoa Changa-Peck,"https://newsone.com/wp-content/uploads/sites/22/2024/08/17248449056027.jpg?quality=80&strip=all&w=724&crop=0,0,100,483px","A Democracy Docket breakdown outlined issues with the MEGA Act, including how it could undo major advancements, such as the National Voter Registration Act of 1993 (NVRA), also known as the “Motor Voter” law.",United States,Center,Local News Outlet,False,True
178973,2026-02-25,State Election Official ‘Flabbergasted’ By Phone Call About ICE At The Polls,https://www.huffpost.com/entry/dhs-ice-midterm-election_n_699f7153e4b0ef1afcc098e7,Huffpost,Senior Reporter,Senior Reporter,https://img.huffingtonpost.com/asset/699f7197150000d5e1019bbb.jpeg?ops=500_281%2Cscalefit_1200_630,"On a similar call with state election officials in 2025, Honey said that DHS was not using voter registration data from states that complied with Trump’s executive order requiring them to share their full voter rolls, according to Democracy Docket.",United States,Center Left,Web Publication,False,True
177293,2022-03-11,Lawsuit demands court implement congressional redistricting plan,https://floridapolitics.com/archives/507700-lawsuit-demands-leon-circuit-court-implement-congressional-redistricting-plan/,Florida Politics,Jacob Ogles,Jacob Ogles,https://floridapolitics.com/wp-content/uploads/2022/03/FLAPOL030422CH026-scaled.jpg,"The lawsuit was announced by Democracy Docket, headed by Democratic voting rights attorney Marc Elias.",United States,Center,Local News Outlet,True,True
177310,2022-04-19,Two alternative maps for Florida congressional districts submitted to federal court,https://floridapolitics.com/archives/517452-two-alternative-maps-for-florida-congressional-districts-submitted-to-federal-court/,Florida Politics,Jacob Ogles,Jacob Ogles,https://floridapolitics.com/wp-content/uploads/2021/10/FLORDIA-REDISTRICTING-2.png,A brief prepared by John Devaney of Perkins Coie was also submitted by attorneys from Democratic attorney Marc Elias’ law firm.,United States,Center,Local News Outlet,True,True
177535,2024-10-20,Republicans and Democrats are both preparing for long legal battles over the 2024 election results,https://floridapolitics.com/archives/702531-republicans-and-democrats-are-both-preparing-for-long-legal-battles-over-the-2024-election-results/,Florida Politics,Associated Press,,https://floridapolitics.com/wp-content/uploads/2024/10/Donald-Trump-1.jpg,"With a little over two weeks before Election Day, about 180 voting and election cases have been filed so far this year, according to Democratic lawyer Marc Elias, who founded the election litigation tracking group Democracy Docket.",United States,Center,Local News Outlet,True,True
174530,2021-01-07,Trump efforts to flip election gone after Electoral College certificat,https://www.washingtontimes.com/news/2021/jan/7/trump-efforts-flip-election-gone-after-electoral-c/?utm_source=RSS_Feed&utm_medium=RSS,Washington Times,"The Washington Times Https, Stephen Dinan, Https, Www.Washingtontimes.Com Staff Stephen-Dinan","Stephen Dinan, The Washington Times Https",https://twt-thumbs.washtimes.com/media/image/2021/01/07/iraq_us_38299_c0-239-5722-3576_s1200x700.jpg?d1123d5a29794e5e6fcbb841b0f6e0947baa17b2,"According to a count maintained by Marc Elias, founder of Democracy Docket, the president and his allies were just 1 for 63 in the legal challenges brought.",United States,Right,Local News Outlet,True,True
174019,2020-12-13,Trump legal team loses election challenges 59 out of 60 times,https://www.washingtontimes.com/news/2020/dec/13/trump-legal-team-loses-election-challenges-59-out-/?utm_source=RSS_Feed&utm_medium=RSS,Washington Times,"The Washington Times Https, Stephen Dinan, Https, Www.Washingtontimes.Com Staff Stephen-Dinan","Stephen Dinan, The Washington Times Https",https://twt-thumbs.washtimes.com/media/image/2020/12/08/AP20324803065707_c0-112-5894-3550_s1200x700.jpg?b5df1f1ad069e2be686d7144fd792646d9e2a2bb,"Advertisement Advertisement

Mr. Elias is the founder of Democracy Docket, a website that is tracking the tsunami of post-election legal battles, and he calculated that Mr. Trump and his team have won just one of 60 cases.",United States,Right,Local News Outlet,False,True
175642,2025-09-15,Fascism Alert! JD Vance and Stephen Miller Describe Plans to Crack Down on Liberal Groups as “Domestic Terrorists”,https://dianeravitch.net/2025/09/15/fascism-alert-jd-vance-and-stephen-miller-describe-plans-to-crack-down-on-liberal-groups-as-domestic-terrorists/,Diane Ravitch,,,https://dianeravitch.net/wp-content/uploads/2017/12/diane.jpg?w=200,Marc Elias’s “Democracy Docket”?,United States,Center Left,Independent Journalism,True,True
175158,2022-12-22,"GOP AG Candidate Gets Huge News in Court, Election Case Allowed to Proceed on 4 Counts",https://www.westernjournal.com/gop-ag-candidate-gets-huge-news-court-election-case-allowed-proceed-4-counts/,The Western Journal,"Bryan Chai, Michael Schwarz, C. Douglas Golden, Samuel Short, Jack Davis, Randy Desoto, Sr. Editor, Sr. Writer, Bryan Chai Has Written News, Sports For The Western Journal For More Than Five Years","Bryan Chai, Bryan Chai Has Written News, C. Douglas Golden, Jack Davis, Michael Schwarz, Randy Desoto, Samuel Short, Sr. Editor, Sr. Writer",https://www.westernjournal.com/wp-content/uploads/2022/12/GOP-candidates.jpg,"Hamadeh, who lost to Democrat Kris Mayes by a meager 511 votes in the November midterm elections, will have his day in court on Friday, according to court documents obtained by Democracy Docket.",United States,Right,Web Publication,False,True
175142,2022-12-06,It Begins: Judge Rules Georgia County Can Accept Absentee Ballots 3 Days After Election,https://www.thegatewaypundit.com/2022/12/beginning-judge-rules-georgia-county-can-accept-absentee-ballots-3-days-election/,Gateway Pundit,Anthony Scott,Anthony Scott,https://www.thegatewaypundit.com/wp-content/uploads/ballots-ga-1200x630.jpg,"https://t.co/z6tmfJzBHs — Democracy Docket (@DemocracyDocket) December 2, 2022

Under the new ruling, absentee ballots can be still counted up to 7 pm on December 9th.",United States,Right,Web Publication,False,True
167993,2025-08-03,Senate Confirms GOP’s Cairncross as National Cyber Director,https://www.webpronews.com/senate-confirms-gops-cairncross-as-national-cyber-director/,WebProNews,Zane Howard,Zane Howard,https://www.webpronews.com/wp-content/uploads/2025/08/xai-tmp-imgen-d1754909-4a2d-40bd-bf80-29455874391a.jpeg,"Challenges and Opportunities Ahead

Experts worry that Cairncross’s political pedigree might politicize cyber policy, especially with ongoing debates over Project 2025 proposals that suggest gutting CISA’s resources—a point raised in X posts referencing Democracy Docket analyses.",United States,Center Right,Web Publication,False,True
175125,2022-11-24,RNC ramps up court action on voting laws after being shut out of litig,https://www.washingtontimes.com/news/2022/nov/24/rnc-ramps-court-action-voting-laws-after-being-shu/?utm_source=RSS_Feed&utm_medium=RSS,Washington Times,"The Washington Times Https, Alex Swoyer, Https, Www.Washingtontimes.Com Staff Alex-Swoyer","Alex Swoyer, The Washington Times Https",https://twt-thumbs.washtimes.com/media/image/2022/10/23/Election_2022_Florida_00442--57515_c0-0-4200-2450_s1200x700.jpg?730c22a7284898a378cddd2839cd51b23bcde086,"Advertisement Advertisement

An official from Democracy Docket, a left-leaning voting rights outfit that tracks election litigation, noted the RNC — or its state organizations — have been plaintiffs in 15 out of 79 cases filed in 2022.",United States,Right,Local News Outlet,False,True
174469,2021-03-27,Civil rights groups challenge Georgia election law in court,https://www.washingtontimes.com/news/2021/mar/27/civil-rights-groups-challenge-georgia-election-law/?utm_source=RSS_Feed&utm_medium=RSS,Washington Times,"The Washington Times Https, Alex Swoyer, Seth Mclaughlin, Https, Www.Washingtontimes.Com Staff Alex-Swoyer, Www.Washingtontimes.Com Staff Seth-Mclaughlin","Alex Swoyer, Seth Mclaughlin, The Washington Times Https",https://twt-thumbs.washtimes.com/media/image/2021/03/27/explaining_us_voting_bills_georgia_48714_c0-140-4617-2833_s1200x700.jpg?da442cc3d71988e163a5bd5f8144ef70e38acf84,"The groups are represented by Democracy Docket, a progressive advocacy group led by election lawyer Marc Elias.",United States,Right,Local News Outlet,True,True
171663,2020-11-14,Bill Moyers Talks With Election Lawyers About Trump's Loser Lawsuits,https://billmoyers.com/story/bill-moyers-talks-with-david-berg-and-daryl-bristow-about-trumps-lawsuits/,Bill Moyers,Billmoyers.Com Team,Billmoyers.Com Team,https://billmoyers.com/wp-content/uploads/2020/11/GettyImages-1284102450-1200x800.jpg,"If your listeners want to, go to the website of Democracy Docket and you will see that, of all the cases that have been filed– the case where they’re asking to shut down the certification in Pennsylvania, one of the things that you’ll find is that they drew a judge who was appointed by Barack Obama and he’s got an excellent, scholarly past.",United States,Left,Independent Journalism,False,True
171920,2020-11-14,Bill Moyers Talks With Election Lawyers About Trump's Loser Lawsuits,https://billmoyers.com/story/bill-moyers-talks-with-david-berg-and-daryl-bristow-about-trumps-lawsuits,Bill Moyers,Billmoyers.Com Team,Billmoyers.Com Team,https://billmoyers.com/wp-content/uploads/2020/11/GettyImages-1284102450-1200x800.jpg,"If your listeners want to, go to the website of Democracy Docket and you will see that, of all the cases that have been filed– the case where they’re asking to shut down the certification in Pennsylvania, one of the things that you’ll find is that they drew a judge who was appointed by Barack Obama and he’s got an excellent, scholarly past.",United States,Left,Independent Journalism,False,True
65127,2025-03-05,SCOTUS Hands Trump a loss in multi-billion dollar USAID case,https://www.alternet.org/send/scotus-trump-usaid/,Alternet,David Badash,David Badash,https://www.alternet.org/media-library/image.jpg?id=53653750&width=1200&height=600&coordinates=0%2C125%2C0%2C125,"The D.C. District Court judge ""had twice ordered the Trump administration to unlock the frozen foreign aid, but several nonprofits said funding was never restored.""

USAID is a $40 billion independent U.S. government agency established by President John F. Kennedy to promote democracy and bolster global support for the United States through humanitarian aid and economic development.",United States,Left,Web Publication,False,True
169884,2024-10-05,Voter purges are disenfranchisement in disguise,https://www.timesleader.com/opinion/1669170/voter-purges-are-disenfranchisement-in-disguise,Times LEader,Patricia Lopez Guest Columnist,Patricia Lopez Guest Columnist,https://www.timesleader.com/wp-content/uploads/2023/01/tl-115-favicon.webp,"Democracy Docket, which tracks election litigation, has noted three dozen cases in 19 states related to the maintenance of voter rolls.",United States,Center,Local News Outlet,False,True
167976,2025-08-26,Researcher who has distorted voter data appointed to Homeland Security election integrity role,https://www.lowellsun.com/2025/08/26/homeland-security-election-appointment/,Lowell Sun,Associated Press,,https://www.lowellsun.com/wp-content/uploads/2025/08/Homeland_Security_Election_Appointment_32619.jpg?w=1024&h=683,"The political appointment, first reported by Democracy Docket, shows how self-styled election investigators who have thrown themselves into election conspiracy theories since 2020 are now being celebrated by a presidential administration that indulges their false claims.",United States,Center,Local News Outlet,False,True
169773,2020-11-08,GOP veteran of Bush-Gore battle: Dem strategy is to let courts pick election winners,https://www.lowellsun.com/2020/11/08/gop-veteran-of-bush-gore-battle-dem-strategy-is-to-let-courts-pick-election-winners/,Lowell Sun,Margaret Menge,Margaret Menge,https://www.lowellsun.com/wp-content/uploads/2020/11/Election_2020_Legal_Challenges_49835-1.jpg?w=1024&h=683,"Elias, Hillary Clinton’s 2016 campaign attorney, is the founder of Democracy Docket, which describes itself as “the leading platform for progressive advocacy and information about voting rights, elections, redistricting and democracy.”",United States,Center,Local News Outlet,True,True
162648,2025-12-16,"Trump Somehow Makes a Tragedy Worse, Ballroom Won’t Be Ready Until 2028, and Arlington Named Its Snowplows",https://washingtonian.com/2025/12/16/trump-reiner-post-ballroom-2028/?utm_source=rss&utm_medium=rss&utm_campaign=trump-reiner-post-ballroom-2028,Washingtonian,Andrew Beaujon,Andrew Beaujon,https://washingtonian.com/wp-content/uploads/2025/01/Washingtonian-Today-Capitol.png,"(Politico) Administration officials celebrated with sheet cake as they dismantled USAID, cutting “programs in ways that guaranteed widespread harm and death in some of the world’s most desperate situations.”",United States,Center,Local News Outlet,False,True
175592,2025-12-03,"Trump Falls Asleep in Meeting, Calls Somalis “Garbage,” Says Affordability Is a “Con Job”; Raccoon Breaks Into Liquor Store, Gets Drunk, Passes Out in Bathroom",https://washingtonian.com/2025/12/03/trump-cabinet-meeting-asleep-somalis-garbage-raccoon-lliquor-store-virginia/?utm_source=rss&utm_medium=rss&utm_campaign=trump-cabinet-meeting-asleep-somalis-garbage-raccoon-lliquor-store-virginia,Washingtonian,Andrew Beaujon,Andrew Beaujon,https://washingtonian.com/wp-content/uploads/2025/04/washingtonian-today-reflecting-pool-small.png,(Democracy Docket),United States,Center,Local News Outlet,False,True
175637,2025-10-24,"Trump Got Mad at Canada Again, East Wing Vanishes Like Louvre Jewels, and a “Kennedy 2024” Bus Parked Outside a DC Chick-fil-A",https://www.washingtonian.com/2025/10/24/trump-canada-reagan-ad-east-wing-gone/?utm_source=rss&utm_medium=rss&utm_campaign=trump-canada-reagan-ad-east-wing-gone,Washingtonian,Andrew Beaujon,Andrew Beaujon,https://washingtonian.com/wp-content/uploads/2025/01/Washingtonian-Today-MSt.png,(Democracy Docket),United States,Center,Local News Outlet,False,True
39023,2025-02-03,What Illegal Autocouping Is Elon Musk Up To Today?,https://www.wonkette.com/p/what-illegal-autocouping-is-elon,Wonkette,Marcie Jones,Marcie Jones,"https://substackcdn.com/image/fetch/w_1200,h_600,c_fill,f_jpg,q_auto:good,fl_progressive:steep,g_auto/https%3A%2F%2Fsubstack-post-media.s3.amazonaws.com%2Fpublic%2Fimages%2F473e4d2b-d649-45db-8e57-ba009fecc4e9_735x340.png","Reportedly he has already directed his engineers to find ways to turn off the flow of money to agencies and programs he and the Executive-Order-signer oppose, starting with USAID.",United States,Left,Web Publication,False,True
176101,2024-11-07,Trump said there was ‘cheating’ in PA. Then he won.,https://www.politifact.com/article/2024/nov/07/trump-said-cheating-was-happening-in-pennsylvania/,Politifact,"Amy Sherman, Sara Swann, November","Amy Sherman, November, Sara Swann",https://static.politifact.com/CACHE/images/politifact/photos/Trump_arriving_to_win_election_night/2bc8f53c3f4a37d15e429ced6ff2fbc9.jpeg,"Heading into Election Day, 2024 was the most litigated election according to the Democracy Docket’s case database maintained by Marc Elias, a lawyer for Democrats.",United States,Center,Web Publication,True,True
175564,2026-01-27,Tensions in Minnesota could send the US into another government shutdown — here's why,https://www.abc.net.au/news/2026-01-27/us-politicians-response-minnesota-government-shutdown/106274236,ABC News,,,https://live-production.wcms.abc-cdn.net.au/e25a83e638022788e3c330cf48e330ce?impolicy=wcms_watermark_news&cropH=2778&cropW=4939&xPos=0&yPos=300&width=862&height=485&imformat=generic,"""Donald Trump is obsessed with the midterms and will do whatever he needs to prevent losing control of Congress,"" he wrote for news site Democracy Docket, which discusses voting rights and elections in courts.",Australia,Unspecified,National News Outlet,False,True
